batch_id,inventory_date,product_name,brand,unit,packaging_type,sales_channel,production_date,expiration_date,quantity_received,quantity_sold,quantity_in_stock,expected_stock,stock_discrepancy,minimum_stock_threshold,reorder_quantity,days_until_expiration,stock_status,expiration_status
BAT-000001,2021-12-01,Milk,Amul,liters,Tetra Pack,Wholesale,2021-10-03,2021-10-25,687.48,558,129,129.48,-0.48,43.17,181.1,-37,Sufficient,Expired
BAT-000004,2022-04-28,Milk,Raj,liters,Polythene Packet,Retail,2022-04-12,2022-04-13,652.4,389,263,263.4,-0.4,45.01,121.01,-15,Sufficient,Expired
BAT-000005,2019-10-23,Milk,Sudha,liters,Polythene Packet,Retail,2019-10-11,2019-10-13,865.01,302,563,563.01,-0.01,70.1,170.61,-10,Sufficient,Expired
BAT-000006,2020-05-03,Milk,Raj,liters,Polythene Packet,Online,2020-03-25,2020-03-26,834.13,406,428,428.13,-0.13,58.16,128.69,-38,Sufficient,Expired
BAT-000009,2020-05-11,Milk,Sudha,liters,Polythene Packet,Retail,2020-05-10,2020-05-11,373.21,166,207,207.21,-0.21,26.68,44.52,0,Sufficient,Urgent
BAT-000012,2022-11-23,Milk,Sudha,liters,Tetra Pack,Retail,2022-11-20,2022-12-19,280.1,163,117,117.1,-0.1,39.3,119.41,26,Sufficient,Safe
BAT-000013,2019-11-23,Milk,Sudha,liters,Tetra Pack,Wholesale,2019-10-28,2019-11-25,229.17,159,70,70.17,-0.17,28.29,22.58,2,Sufficient,Urgent
BAT-000014,2022-04-21,Milk,Raj,liters,Polythene Packet,Wholesale,2022-03-05,2022-03-06,105.47,50,55,55.47,-0.47,79.2,64.33,-46,Low Stock,Expired
BAT-000016,2019-01-26,Milk,Mother Dairy,liters,Tetra Pack,Online,2018-12-11,2019-01-08,86.33,84,2,2.33,-0.33,32.22,91.81,-18,Low Stock,Expired
BAT-000020,2022-01-05,Milk,Sudha,liters,Tetra Pack,Wholesale,2022-01-02,2022-01-23,234.32,190,44,44.32,-0.32,33.15,99.45,18,Sufficient,Safe
BAT-000021,2019-06-21,Milk,Raj,liters,Polythene Packet,Wholesale,2019-05-30,2019-05-31,62.47,48,14,14.47,-0.47,60.09,140.31,-21,Low Stock,Expired
BAT-000022,2019-12-18,Milk,Amul,liters,Polythene Packet,Online,2019-11-21,2019-11-22,313.25,73,240,240.25,-0.25,37.04,97.71,-26,Sufficient,Expired
BAT-000023,2022-11-21,Milk,Mother Dairy,liters,Polythene Packet,Wholesale,2022-11-18,2022-11-20,448.09,329,119,119.09,-0.09,83.63,87.78,-1,Sufficient,Expired
BAT-000024,2022-01-26,Milk,Sudha,liters,Tetra Pack,Online,2021-12-28,2022-01-19,833.04,280,553,553.04,-0.04,22.61,24.8,-7,Sufficient,Expired
BAT-000025,2019-08-10,Milk,Sudha,liters,Polythene Packet,Retail,2019-06-21,2019-06-22,513.42,297,216,216.42,-0.42,86.13,196.86,-49,Sufficient,Expired
BAT-000027,2022-12-22,Milk,Amul,liters,Tetra Pack,Wholesale,2022-10-24,2022-11-22,362.17,284,78,78.17,-0.17,91.6,57.23,-30,Low Stock,Expired
BAT-000028,2020-02-16,Milk,Amul,liters,Tetra Pack,Wholesale,2020-02-07,2020-03-03,933.28,485,448,448.28,-0.28,82.71,174.08,16,Sufficient,Safe
BAT-000030,2019-05-15,Milk,Amul,liters,Tetra Pack,Wholesale,2019-04-20,2019-05-19,618.02,605,13,13.02,-0.02,16.88,76.01,4,Low Stock,Expiring Soon
BAT-000031,2022-09-10,Milk,Raj,liters,Tetra Pack,Retail,2022-08-22,2022-09-20,866.01,625,241,241.01,-0.01,51.26,76.41,10,Sufficient,Safe
BAT-000033,2019-07-03,Milk,Mother Dairy,liters,Polythene Packet,Online,2019-05-06,2019-05-07,820.49,299,521,521.49,-0.49,98.41,114.58,-57,Sufficient,Expired
BAT-000034,2022-06-18,Milk,Raj,liters,Tetra Pack,Retail,2022-04-23,2022-05-21,668.48,359,309,309.48,-0.48,13.47,116.52,-28,Sufficient,Expired
BAT-000039,2022-10-18,Milk,Amul,liters,Polythene Packet,Retail,2022-08-19,2022-08-21,468.17,239,229,229.17,-0.17,73.21,155.82,-58,Sufficient,Expired
BAT-000040,2021-03-22,Milk,Sudha,liters,Polythene Packet,Online,2021-02-17,2021-02-19,319.33,48,271,271.33,-0.33,17.97,113.1,-31,Sufficient,Expired
BAT-000042,2021-08-11,Milk,Mother Dairy,liters,Tetra Pack,Wholesale,2021-06-18,2021-07-15,19.04,13,6,6.04,-0.04,39.35,179.68,-27,Low Stock,Expired
BAT-000043,2019-02-09,Milk,Amul,liters,Polythene Packet,Online,2018-12-16,2018-12-18,426.31,227,199,199.31,-0.31,42.18,64.97,-53,Sufficient,Expired
BAT-000044,2021-06-11,Milk,Raj,liters,Polythene Packet,Retail,2021-05-17,2021-05-18,898.49,190,708,708.49,-0.49,39.55,94.02,-24,Sufficient,Expired
BAT-000045,2021-04-19,Milk,Amul,liters,Polythene Packet,Online,2021-04-11,2021-04-12,801.1,48,753,753.1,-0.1,80.28,42.85,-7,Sufficient,Expired
BAT-000047,2019-07-13,Milk,Sudha,liters,Tetra Pack,Online,2019-07-09,2019-08-01,164.22,43,121,121.22,-0.22,50.13,143.37,19,Sufficient,Safe
BAT-000048,2020-04-24,Milk,Sudha,liters,Tetra Pack,Wholesale,2020-03-14,2020-04-06,15.02,6,9,9.02,-0.02,67.32,46.3,-18,Low Stock,Expired
BAT-000049,2022-09-14,Milk,Sudha,liters,Polythene Packet,Online,2022-07-25,2022-07-26,108.18,77,31,31.18,-0.18,75.49,199.03,-50,Low Stock,Expired
BAT-000050,2022-03-06,Milk,Mother Dairy,liters,Tetra Pack,Retail,2022-02-11,2022-03-09,930.13,332,598,598.13,-0.13,67.8,32.51,3,Sufficient,Urgent
BAT-000051,2019-09-03,Milk,Raj,liters,Tetra Pack,Online,2019-08-29,2019-09-21,647.09,298,349,349.09,-0.09,71.78,175.27,18,Sufficient,Safe
BAT-000052,2021-02-26,Milk,Amul,liters,Polythene Packet,Wholesale,2021-01-29,2021-01-30,42.46,15,27,27.46,-0.46,31.76,23.44,-27,Low Stock,Expired
BAT-000054,2021-11-18,Milk,Raj,liters,Polythene Packet,Online,2021-10-10,2021-10-12,325.32,42,283,283.32,-0.32,39.04,144.76,-37,Sufficient,Expired
BAT-000055,2021-08-05,Milk,Raj,liters,Tetra Pack,Retail,2021-07-15,2021-08-14,759.06,483,276,276.06,-0.06,44.58,180.18,9,Sufficient,Safe
BAT-000056,2020-05-23,Milk,Raj,liters,Polythene Packet,Retail,2020-04-12,2020-04-14,244.06,186,58,58.06,-0.06,38.47,106.8,-39,Sufficient,Expired
BAT-000059,2021-09-28,Milk,Raj,liters,Tetra Pack,Online,2021-08-17,2021-09-16,587.06,109,478,478.06,-0.06,90.08,58.32,-12,Sufficient,Expired
BAT-000062,2019-10-15,Milk,Sudha,liters,Tetra Pack,Wholesale,2019-09-03,2019-09-25,698.27,169,529,529.27,-0.27,77.14,175.16,-20,Sufficient,Expired
BAT-000063,2022-02-13,Milk,Raj,liters,Polythene Packet,Retail,2022-01-23,2022-01-25,796.06,315,481,481.06,-0.06,81.68,174.5,-19,Sufficient,Expired
BAT-000064,2022-01-01,Milk,Amul,liters,Polythene Packet,Wholesale,2021-11-27,2021-11-28,682.17,145,537,537.17,-0.17,13.29,83.16,-34,Sufficient,Expired
BAT-000067,2019-01-18,Milk,Sudha,liters,Polythene Packet,Online,2019-01-07,2019-01-08,761.45,9,752,752.45,-0.45,37.43,124.16,-10,Sufficient,Expired
BAT-000068,2020-09-04,Milk,Raj,liters,Tetra Pack,Retail,2020-07-09,2020-08-02,816.47,275,541,541.47,-0.47,30.21,57.87,-33,Sufficient,Expired
BAT-000071,2021-05-27,Milk,Mother Dairy,liters,Polythene Packet,Wholesale,2021-05-05,2021-05-07,770.09,294,476,476.09,-0.09,20.99,93.27,-20,Sufficient,Expired
BAT-000072,2022-12-24,Milk,Raj,liters,Polythene Packet,Wholesale,2022-12-10,2022-12-11,446.48,359,87,87.48,-0.48,69.66,143.8,-13,Sufficient,Expired
BAT-000073,2022-11-23,Milk,Mother Dairy,liters,Polythene Packet,Online,2022-11-05,2022-11-06,22.36,11,11,11.36,-0.36,56.08,181.59,-17,Low Stock,Expired
BAT-000074,2021-04-22,Milk,Mother Dairy,liters,Polythene Packet,Retail,2021-03-13,2021-03-14,896.14,740,156,156.14,-0.14,14.76,130.28,-39,Sufficient,Expired
BAT-000075,2020-04-27,Milk,Sudha,liters,Polythene Packet,Wholesale,2020-04-24,2020-04-25,937.13,858,79,79.13,-0.13,24.78,197.52,-2,Sufficient,Expired
BAT-000076,2019-12-16,Milk,Mother Dairy,liters,Tetra Pack,Retail,2019-11-20,2019-12-13,550.05,346,204,204.05,-0.05,82.92,121.39,-3,Sufficient,Expired
BAT-000077,2021-06-01,Milk,Mother Dairy,liters,Tetra Pack,Online,2021-05-10,2021-06-05,951.0,441,510,510.0,0.0,47.65,160.84,4,Sufficient,Expiring Soon
BAT-000079,2019-03-08,Milk,Raj,liters,Tetra Pack,Retail,2019-02-17,2019-03-18,967.46,574,393,393.46,-0.46,50.6,103.15,10,Sufficient,Safe
BAT-000080,2019-01-06,Milk,Sudha,liters,Polythene Packet,Retail,2018-11-18,2018-11-20,502.03,41,461,461.03,-0.03,96.67,111.41,-47,Sufficient,Expired
BAT-000083,2021-10-01,Milk,Mother Dairy,liters,Polythene Packet,Wholesale,2021-09-29,2021-09-30,620.0,543,77,77.0,0.0,53.51,121.96,-1,Sufficient,Expired
BAT-000085,2020-06-11,Milk,Amul,liters,Tetra Pack,Retail,2020-04-23,2020-05-18,633.39,430,203,203.39,-0.39,97.82,32.83,-24,Sufficient,Expired
BAT-000088,2020-01-22,Milk,Mother Dairy,liters,Tetra Pack,Retail,2019-12-01,2019-12-24,210.11,32,178,178.11,-0.11,96.49,56.35,-29,Sufficient,Expired
BAT-000089,2021-09-21,Milk,Sudha,liters,Polythene Packet,Wholesale,2021-09-06,2021-09-08,785.16,90,695,695.16,-0.16,60.77,42.52,-13,Sufficient,Expired
BAT-000090,2020-05-22,Milk,Sudha,liters,Tetra Pack,Wholesale,2020-04-21,2020-05-12,495.25,411,84,84.25,-0.25,74.82,189.27,-10,Sufficient,Expired
BAT-000092,2022-12-23,Milk,Amul,liters,Polythene Packet,Retail,2022-10-31,2022-11-02,306.48,29,277,277.48,-0.48,44.21,107.88,-51,Sufficient,Expired
BAT-000095,2022-03-27,Milk,Mother Dairy,liters,Polythene Packet,Online,2022-02-22,2022-02-24,912.1,148,764,764.1,-0.1,47.65,105.42,-31,Sufficient,Expired
BAT-000096,2019-09-05,Milk,Mother Dairy,liters,Tetra Pack,Wholesale,2019-09-03,2019-10-03,909.03,443,466,466.03,-0.03,61.92,80.24,28,Sufficient,Safe
BAT-000097,2019-01-11,Milk,Amul,liters,Tetra Pack,Retail,2018-12-07,2018-12-30,842.01,668,174,174.01,-0.01,40.56,121.29,-12,Sufficient,Expired
BAT-000098,2021-08-15,Milk,Raj,liters,Tetra Pack,Online,2021-07-25,2021-08-19,247.12,204,43,43.12,-0.12,56.69,89.35,4,Low Stock,Expiring Soon
BAT-000100,2019-05-14,Milk,Sudha,liters,Tetra Pack,Online,2019-05-11,2019-06-09,475.09,272,203,203.09,-0.09,50.18,21.39,26,Sufficient,Safe
BAT-000105,2021-04-23,Milk,Mother Dairy,liters,Tetra Pack,Wholesale,2021-03-27,2021-04-18,789.19,134,655,655.19,-0.19,73.28,135.61,-5,Sufficient,Expired
BAT-000106,2021-09-16,Milk,Amul,liters,Polythene Packet,Wholesale,2021-08-10,2021-08-12,903.11,82,821,821.11,-0.11,43.27,84.5,-35,Sufficient,Expired
BAT-000111,2022-02-25,Milk,Amul,liters,Tetra Pack,Retail,2022-01-01,2022-01-26,86.18,9,77,77.18,-0.18,30.22,111.99,-30,Sufficient,Expired
BAT-000112,2022-12-08,Milk,Raj,liters,Polythene Packet,Wholesale,2022-12-03,2022-12-04,745.37,395,350,350.37,-0.37,55.1,146.82,-4,Sufficient,Expired
BAT-000113,2022-05-14,Milk,Amul,liters,Polythene Packet,Wholesale,2022-04-10,2022-04-12,280.37,176,104,104.37,-0.37,13.6,48.83,-32,Sufficient,Expired
BAT-000114,2019-10-25,Milk,Mother Dairy,liters,Polythene Packet,Online,2019-09-24,2019-09-25,535.48,356,179,179.48,-0.48,63.54,82.64,-30,Sufficient,Expired
BAT-000116,2019-05-03,Milk,Mother Dairy,liters,Tetra Pack,Wholesale,2019-04-10,2019-05-08,369.22,63,306,306.22,-0.22,38.74,196.02,5,Sufficient,Expiring Soon
BAT-000121,2021-06-08,Milk,Amul,liters,Tetra Pack,Wholesale,2021-04-21,2021-05-13,78.11,65,13,13.11,-0.11,82.41,43.17,-26,Low Stock,Expired
BAT-000122,2022-05-07,Milk,Mother Dairy,liters,Polythene Packet,Online,2022-03-10,2022-03-11,897.29,120,777,777.29,-0.29,84.39,142.04,-57,Sufficient,Expired
BAT-000125,2019-10-09,Milk,Sudha,liters,Polythene Packet,Online,2019-09-27,2019-09-29,659.02,511,148,148.02,-0.02,59.9,109.48,-10,Sufficient,Expired
BAT-000127,2022-05-21,Milk,Mother Dairy,liters,Polythene Packet,Wholesale,2022-04-18,2022-04-19,850.28,90,760,760.28,-0.28,94.08,34.38,-32,Sufficient,Expired
BAT-000129,2019-11-26,Milk,Raj,liters,Polythene Packet,Retail,2019-09-28,2019-09-30,230.26,60,170,170.26,-0.26,47.35,129.45,-57,Sufficient,Expired
BAT-000135,2019-10-18,Milk,Amul,liters,Polythene Packet,Online,2019-09-08,2019-09-09,538.15,449,89,89.15,-0.15,27.02,55.92,-39,Sufficient,Expired
BAT-000136,2020-03-02,Milk,Mother Dairy,liters,Tetra Pack,Retail,2020-01-08,2020-02-06,31.22,8,23,23.22,-0.22,93.2,192.03,-25,Low Stock,Expired
BAT-000137,2019-05-10,Milk,Mother Dairy,liters,Polythene Packet,Wholesale,2019-04-23,2019-04-24,892.02,367,525,525.02,-0.02,82.21,198.54,-16,Sufficient,Expired
BAT-000142,2022-01-26,Milk,Raj,liters,Tetra Pack,Retail,2022-01-03,2022-01-27,611.23,218,393,393.23,-0.23,82.84,175.99,1,Sufficient,Urgent
BAT-000143,2020-06-03,Milk,Raj,liters,Polythene Packet,Online,2020-05-29,2020-05-30,493.25,216,277,277.25,-0.25,74.26,69.14,-4,Sufficient,Expired
BAT-000144,2021-02-23,Milk,Mother Dairy,liters,Polythene Packet,Online,2021-01-12,2021-01-13,31.15,4,27,27.15,-0.15,58.78,38.47,-41,Low Stock,Expired
BAT-000146,2019-01-24,Milk,Raj,liters,Polythene Packet,Retail,2018-12-04,2018-12-05,64.26,30,34,34.26,-0.26,64.93,46.34,-50,Low Stock,Expired
BAT-000147,2022-08-15,Milk,Sudha,liters,Tetra Pack,Online,2022-07-23,2022-08-18,989.42,940,49,49.42,-0.42,49.25,28.9,3,Low Stock,Urgent
BAT-000148,2019-09-16,Milk,Raj,liters,Tetra Pack,Retail,2019-07-25,2019-08-21,987.13,860,127,127.13,-0.13,97.87,187.62,-26,Sufficient,Expired
BAT-000149,2022-06-23,Milk,Amul,liters,Polythene Packet,Wholesale,2022-05-22,2022-05-23,564.5,74,490,490.5,-0.5,25.4,109.34,-31,Sufficient,Expired
BAT-000151,2019-09-27,Milk,Amul,liters,Polythene Packet,Online,2019-08-30,2019-08-31,577.13,540,37,37.13,-0.13,48.59,94.02,-27,Low Stock,Expired
BAT-000154,2022-07-22,Milk,Sudha,liters,Polythene Packet,Online,2022-07-12,2022-07-14,58.41,4,54,54.41,-0.41,27.99,128.83,-8,Sufficient,Expired
BAT-000157,2021-12-20,Milk,Mother Dairy,liters,Tetra Pack,Wholesale,2021-12-03,2021-12-27,985.23,540,445,445.23,-0.23,91.99,198.7,7,Sufficient,Expiring Soon
BAT-000159,2019-03-20,Milk,Mother Dairy,liters,Tetra Pack,Online,2019-03-06,2019-03-30,358.38,248,110,110.38,-0.38,64.05,175.77,10,Sufficient,Safe
BAT-000162,2021-02-08,Milk,Raj,liters,Tetra Pack,Online,2020-12-21,2021-01-18,574.44,106,468,468.44,-0.44,88.45,30.79,-21,Sufficient,Expired
BAT-000163,2021-07-05,Milk,Raj,liters,Polythene Packet,Retail,2021-05-10,2021-05-12,798.01,466,332,332.01,-0.01,22.0,186.81,-54,Sufficient,Expired
BAT-000167,2019-11-27,Milk,Sudha,liters,Tetra Pack,Wholesale,2019-11-14,2019-12-11,260.07,99,161,161.07,-0.07,23.86,103.08,14,Sufficient,Safe
BAT-000168,2022-09-03,Milk,Sudha,liters,Polythene Packet,Online,2022-08-20,2022-08-21,8.47,4,4,4.47,-0.47,30.33,47.43,-13,Low Stock,Expired
BAT-000174,2022-09-24,Milk,Amul,liters,Polythene Packet,Retail,2022-08-16,2022-08-18,168.46,48,120,120.46,-0.46,56.13,61.91,-37,Sufficient,Expired
BAT-000175,2020-09-26,Milk,Sudha,liters,Tetra Pack,Online,2020-08-10,2020-09-04,880.32,623,257,257.32,-0.32,41.65,63.14,-22,Sufficient,Expired
BAT-000178,2022-06-17,Milk,Mother Dairy,liters,Polythene Packet,Online,2022-05-19,2022-05-20,418.27,72,346,346.27,-0.27,45.27,184.41,-28,Sufficient,Expired
BAT-000179,2020-05-06,Milk,Raj,liters,Tetra Pack,Online,2020-03-12,2020-04-09,749.09,12,737,737.09,-0.09,12.59,165.41,-27,Sufficient,Expired
BAT-000181,2021-07-16,Milk,Amul,liters,Polythene Packet,Wholesale,2021-05-17,2021-05-19,483.26,94,389,389.26,-0.26,73.25,184.07,-58,Sufficient,Expired
BAT-000182,2021-12-10,Milk,Mother Dairy,liters,Tetra Pack,Online,2021-10-26,2021-11-16,760.49,207,553,553.49,-0.49,72.35,189.33,-24,Sufficient,Expired
BAT-000183,2019-03-02,Milk,Raj,liters,Tetra Pack,Wholesale,2019-02-16,2019-03-15,795.2,791,4,4.2,-0.2,18.76,84.51,13,Low Stock,Safe
BAT-000185,2022-09-11,Milk,Mother Dairy,liters,Polythene Packet,Wholesale,2022-08-01,2022-08-03,532.09,277,255,255.09,-0.09,42.86,116.18,-39,Sufficient,Expired
BAT-000186,2020-05-07,Milk,Sudha,liters,Tetra Pack,Online,2020-03-19,2020-04-14,576.38,374,202,202.38,-0.38,13.85,87.38,-23,Sufficient,Expired
BAT-000188,2019-02-18,Milk,Amul,liters,Polythene Packet,Wholesale,2018-12-25,2018-12-27,479.43,294,185,185.43,-0.43,58.43,46.56,-53,Sufficient,Expired
BAT-000189,2019-11-15,Milk,Sudha,liters,Tetra Pack,Wholesale,2019-09-17,2019-10-13,204.49,196,8,8.49,-0.49,56.41,197.06,-33,Low Stock,Expired
BAT-000190,2021-12-12,Milk,Mother Dairy,liters,Tetra Pack,Retail,2021-10-18,2021-11-16,402.5,259,143,143.5,-0.5,37.17,95.11,-26,Sufficient,Expired
BAT-000193,2020-06-26,Milk,Amul,liters,Tetra Pack,Online,2020-06-14,2020-07-12,413.19,38,375,375.19,-0.19,93.58,96.41,16,Sufficient,Safe
BAT-000194,2020-10-27,Milk,Raj,liters,Polythene Packet,Retail,2020-09-28,2020-09-30,745.07,254,491,491.07,-0.07,76.81,49.25,-27,Sufficient,Expired
BAT-000196,2022-03-13,Milk,Sudha,liters,Tetra Pack,Wholesale,2022-02-13,2022-03-12,660.22,29,631,631.22,-0.22,70.8,161.1,-1,Sufficient,Expired
BAT-000198,2022-12-10,Milk,Raj,liters,Polythene Packet,Retail,2022-12-08,2022-12-09,180.38,78,102,102.38,-0.38,46.6,164.57,-1,Sufficient,Expired
BAT-000201,2020-12-15,Milk,Amul,liters,Polythene Packet,Online,2020-11-26,2020-11-28,902.25,799,103,103.25,-0.25,40.74,113.74,-17,Sufficient,Expired
BAT-000203,2021-06-07,Milk,Sudha,liters,Polythene Packet,Retail,2021-04-29,2021-04-30,877.11,554,323,323.11,-0.11,82.44,45.48,-38,Sufficient,Expired
BAT-000206,2020-12-10,Milk,Raj,liters,Polythene Packet,Wholesale,2020-11-23,2020-11-25,953.34,761,192,192.34,-0.34,11.41,193.05,-15,Sufficient,Expired
BAT-000208,2019-12-01,Milk,Mother Dairy,liters,Tetra Pack,Online,2019-10-07,2019-10-29,288.01,274,14,14.01,-0.01,76.68,90.87,-33,Low Stock,Expired
BAT-000210,2021-10-18,Milk,Raj,liters,Tetra Pack,Retail,2021-08-22,2021-09-13,281.49,179,102,102.49,-0.49,80.09,107.59,-35,Sufficient,Expired
BAT-000215,2020-07-03,Milk,Amul,liters,Tetra Pack,Online,2020-05-09,2020-05-30,227.16,208,19,19.16,-0.16,28.02,53.76,-34,Low Stock,Expired
BAT-000216,2021-11-26,Milk,Sudha,liters,Polythene Packet,Wholesale,2021-11-15,2021-11-17,502.46,251,251,251.46,-0.46,72.61,32.41,-9,Sufficient,Expired
BAT-000217,2020-04-16,Milk,Mother Dairy,liters,Tetra Pack,Wholesale,2020-02-22,2020-03-22,908.35,199,709,709.35,-0.35,82.72,149.14,-25,Sufficient,Expired
BAT-000220,2022-05-19,Milk,Amul,liters,Tetra Pack,Wholesale,2022-04-06,2022-05-04,125.31,115,10,10.31,-0.31,68.79,143.09,-15,Low Stock,Expired
BAT-000222,2019-11-16,Milk,Raj,liters,Tetra Pack,Wholesale,2019-10-20,2019-11-11,760.19,710,50,50.19,-0.19,31.44,94.86,-5,Sufficient,Expired
BAT-000223,2021-03-01,Milk,Amul,liters,Polythene Packet,Online,2021-02-14,2021-02-15,304.49,244,60,60.49,-0.49,39.03,80.54,-14,Sufficient,Expired
BAT-000228,2020-10-18,Milk,Raj,liters,Tetra Pack,Wholesale,2020-09-20,2020-10-18,372.37,80,292,292.37,-0.37,47.01,114.99,0,Sufficient,Urgent
BAT-000232,2019-08-03,Milk,Amul,liters,Polythene Packet,Wholesale,2019-06-24,2019-06-26,380.1,235,145,145.1,-0.1,87.44,49.02,-38,Sufficient,Expired
BAT-000233,2020-02-11,Milk,Mother Dairy,liters,Tetra Pack,Online,2020-01-18,2020-02-14,644.42,485,159,159.42,-0.42,22.88,100.89,3,Sufficient,Urgent
BAT-000234,2019-04-12,Milk,Raj,liters,Tetra Pack,Retail,2019-03-20,2019-04-15,791.02,762,29,29.02,-0.02,12.29,184.83,3,Sufficient,Urgent
BAT-000235,2019-09-24,Milk,Mother Dairy,liters,Polythene Packet,Retail,2019-09-13,2019-09-14,347.23,153,194,194.23,-0.23,33.94,46.97,-10,Sufficient,Expired
BAT-000241,2022-02-19,Milk,Mother Dairy,liters,Tetra Pack,Wholesale,2022-01-16,2022-02-11,909.29,342,567,567.29,-0.29,97.11,149.32,-8,Sufficient,Expired
BAT-000243,2022-06-09,Milk,Sudha,liters,Polythene Packet,Retail,2022-06-03,2022-06-05,880.17,575,305,305.17,-0.17,12.99,126.88,-4,Sufficient,Expired
BAT-000244,2022-11-23,Milk,Mother Dairy,liters,Tetra Pack,Wholesale,2022-09-25,2022-10-19,107.48,58,49,49.48,-0.48,46.95,186.56,-35,Sufficient,Expired
BAT-000245,2020-01-22,Milk,Sudha,liters,Tetra Pack,Wholesale,2019-11-29,2019-12-25,558.02,520,38,38.02,-0.02,38.89,20.25,-28,Low Stock,Expired
BAT-000250,2019-11-19,Milk,Amul,liters,Tetra Pack,Retail,2019-10-17,2019-11-11,36.48,14,22,22.48,-0.48,79.69,192.48,-8,Low Stock,Expired
BAT-000255,2022-08-17,Milk,Mother Dairy,liters,Tetra Pack,Retail,2022-07-15,2022-08-05,791.33,691,100,100.33,-0.33,70.67,93.33,-12,Sufficient,Expired
BAT-000256,2022-07-25,Milk,Amul,liters,Polythene Packet,Online,2022-06-11,2022-06-13,302.07,171,131,131.07,-0.07,96.76,25.68,-42,Sufficient,Expired
BAT-000257,2021-10-03,Milk,Amul,liters,Tetra Pack,Online,2021-09-09,2021-10-01,164.24,162,2,2.24,-0.24,89.6,160.98,-2,Low Stock,Expired
BAT-000258,2022-11-11,Milk,Sudha,liters,Polythene Packet,Wholesale,2022-09-26,2022-09-28,450.39,118,332,332.39,-0.39,24.77,107.18,-44,Sufficient,Expired
BAT-000261,2020-07-22,Milk,Mother Dairy,liters,Tetra Pack,Wholesale,2020-06-12,2020-07-11,658.25,520,138,138.25,-0.25,59.62,92.17,-11,Sufficient,Expired
BAT-000263,2022-05-24,Milk,Mother Dairy,liters,Tetra Pack,Wholesale,2022-04-11,2022-05-06,394.34,19,375,375.34,-0.34,17.12,58.82,-18,Sufficient,Expired
BAT-000264,2020-10-01,Milk,Sudha,liters,Tetra Pack,Retail,2020-08-24,2020-09-14,385.32,369,16,16.32,-0.32,13.88,139.18,-17,Sufficient,Expired
BAT-000265,2019-12-07,Milk,Mother Dairy,liters,Polythene Packet,Retail,2019-11-06,2019-11-08,79.0,11,68,68.0,0.0,52.76,195.15,-29,Sufficient,Expired
BAT-000266,2019-07-19,Milk,Sudha,liters,Polythene Packet,Wholesale,2019-06-19,2019-06-20,761.5,176,585,585.5,-0.5,33.9,90.02,-29,Sufficient,Expired
BAT-000269,2020-06-25,Milk,Raj,liters,Polythene Packet,Retail,2020-05-14,2020-05-15,91.06,25,66,66.06,-0.06,64.1,137.44,-41,Sufficient,Expired
BAT-000270,2022-12-27,Milk,Sudha,liters,Tetra Pack,Online,2022-12-03,2022-12-26,630.29,283,347,347.29,-0.29,13.77,71.85,-1,Sufficient,Expired
BAT-000273,2022-03-08,Milk,Mother Dairy,liters,Polythene Packet,Online,2022-02-08,2022-02-10,651.16,190,461,461.16,-0.16,41.3,81.09,-26,Sufficient,Expired
BAT-000277,2020-05-14,Milk,Sudha,liters,Polythene Packet,Online,2020-03-16,2020-03-17,726.29,281,445,445.29,-0.29,23.93,181.57,-58,Sufficient,Expired
BAT-000278,2022-09-08,Milk,Raj,liters,Polythene Packet,Wholesale,2022-07-27,2022-07-29,993.12,337,656,656.12,-0.12,53.96,112.09,-41,Sufficient,Expired
BAT-000279,2021-06-12,Milk,Sudha,liters,Polythene Packet,Retail,2021-05-29,2021-05-31,446.15,101,345,345.15,-0.15,90.02,108.44,-12,Sufficient,Expired
BAT-000281,2022-09-24,Milk,Mother Dairy,liters,Polythene Packet,Online,2022-09-20,2022-09-22,140.38,106,34,34.38,-0.38,77.37,115.84,-2,Low Stock,Expired
BAT-000283,2020-11-02,Milk,Amul,liters,Tetra Pack,Wholesale,2020-09-24,2020-10-15,37.4,6,31,31.4,-0.4,14.8,142.31,-18,Sufficient,Expired
BAT-000284,2021-03-10,Milk,Raj,liters,Polythene Packet,Online,2021-01-14,2021-01-15,31.27,24,7,7.27,-0.27,50.75,74.26,-54,Low Stock,Expired
BAT-000286,2019-01-22,Milk,Mother Dairy,liters,Tetra Pack,Online,2018-12-15,2019-01-09,368.44,18,350,350.44,-0.44,38.34,171.95,-13,Sufficient,Expired
BAT-000288,2020-03-10,Milk,Mother Dairy,liters,Polythene Packet,Wholesale,2020-02-07,2020-02-08,414.35,166,248,248.35,-0.35,74.86,139.61,-31,Sufficient,Expired
BAT-000289,2022-07-27,Milk,Sudha,liters,Polythene Packet,Online,2022-06-05,2022-06-06,93.24,91,2,2.24,-0.24,58.47,50.49,-51,Low Stock,Expired
BAT-000292,2019-04-28,Milk,Sudha,liters,Tetra Pack,Retail,2019-04-06,2019-04-30,333.06,202,131,131.06,-0.06,56.32,40.94,2,Sufficient,Urgent
BAT-000294,2022-01-17,Milk,Amul,liters,Polythene Packet,Retail,2021-11-28,2021-11-30,883.32,107,776,776.32,-0.32,90.63,20.12,-48,Sufficient,Expired
BAT-000295,2020-02-20,Milk,Mother Dairy,liters,Tetra Pack,Retail,2019-12-26,2020-01-24,911.4,677,234,234.4,-0.4,63.38,168.8,-27,Sufficient,Expired
BAT-000296,2022-06-15,Milk,Mother Dairy,liters,Polythene Packet,Retail,2022-06-01,2022-06-02,902.19,783,119,119.19,-0.19,98.17,192.87,-13,Sufficient,Expired
BAT-000297,2020-07-04,Milk,Sudha,liters,Tetra Pack,Retail,2020-05-30,2020-06-21,558.24,548,10,10.24,-0.24,81.05,85.7,-13,Low Stock,Expired
BAT-000298,2021-10-12,Milk,Mother Dairy,liters,Polythene Packet,Wholesale,2021-08-13,2021-08-15,40.39,22,18,18.39,-0.39,77.73,137.96,-58,Low Stock,Expired
BAT-000300,2021-04-17,Milk,Sudha,liters,Polythene Packet,Wholesale,2021-04-03,2021-04-05,531.42,244,287,287.42,-0.42,33.0,73.8,-12,Sufficient,Expired
BAT-000301,2019-10-22,Milk,Mother Dairy,liters,Polythene Packet,Retail,2019-09-16,2019-09-17,348.36,144,204,204.36,-0.36,35.53,171.85,-35,Sufficient,Expired
BAT-000303,2022-05-08,Milk,Mother Dairy,liters,Tetra Pack,Wholesale,2022-03-25,2022-04-19,195.21,62,133,133.21,-0.21,46.79,195.79,-19,Sufficient,Expired
BAT-000306,2020-03-22,Milk,Raj,liters,Tetra Pack,Online,2020-03-05,2020-04-02,274.46,250,24,24.46,-0.46,71.11,165.85,11,Low Stock,Safe
BAT-000307,2020-03-01,Milk,Mother Dairy,liters,Tetra Pack,Wholesale,2020-01-17,2020-02-09,978.15,2,976,976.15,-0.15,87.27,122.14,-21,Sufficient,Expired
BAT-000310,2019-10-13,Milk,Mother Dairy,liters,Tetra Pack,Retail,2019-08-29,2019-09-21,197.4,69,128,128.4,-0.4,62.2,29.82,-22,Sufficient,Expired
BAT-000311,2019-02-02,Milk,Mother Dairy,liters,Polythene Packet,Online,2018-12-10,2018-12-12,689.35,101,588,588.35,-0.35,74.84,134.97,-52,Sufficient,Expired
BAT-000314,2019-02-26,Milk,Amul,liters,Tetra Pack,Retail,2019-01-20,2019-02-16,957.37,401,556,556.37,-0.37,63.39,151.89,-10,Sufficient,Expired
BAT-000318,2022-01-15,Milk,Raj,liters,Tetra Pack,Online,2021-12-30,2022-01-25,873.12,89,784,784.12,-0.12,54.16,119.15,10,Sufficient,Safe
BAT-000321,2020-04-27,Milk,Amul,liters,Polythene Packet,Retail,2020-03-03,2020-03-05,528.11,177,351,351.11,-0.11,18.29,89.61,-53,Sufficient,Expired
BAT-000322,2021-07-04,Milk,Sudha,liters,Polythene Packet,Wholesale,2021-06-05,2021-06-07,918.29,306,612,612.29,-0.29,81.48,181.93,-27,Sufficient,Expired
BAT-000323,2022-02-10,Milk,Raj,liters,Tetra Pack,Wholesale,2022-01-23,2022-02-15,932.1,389,543,543.1,-0.1,14.7,65.91,5,Sufficient,Expiring Soon
BAT-000324,2021-02-10,Milk,Mother Dairy,liters,Polythene Packet,Online,2021-01-17,2021-01-18,640.3,506,134,134.3,-0.3,79.93,30.42,-23,Sufficient,Expired
BAT-000326,2022-09-16,Milk,Raj,liters,Polythene Packet,Retail,2022-08-09,2022-08-11,726.14,77,649,649.14,-0.14,32.6,45.85,-36,Sufficient,Expired
BAT-000329,2019-12-15,Milk,Sudha,liters,Tetra Pack,Wholesale,2019-11-23,2019-12-20,8.26,5,3,3.26,-0.26,87.91,121.99,5,Low Stock,Expiring Soon
BAT-000333,2019-09-08,Milk,Sudha,liters,Polythene Packet,Wholesale,2019-08-20,2019-08-21,144.22,20,124,124.22,-0.22,86.7,32.98,-18,Sufficient,Expired
BAT-000335,2019-09-16,Milk,Raj,liters,Tetra Pack,Wholesale,2019-09-13,2019-10-12,119.29,1,118,118.29,-0.29,78.36,59.64,26,Sufficient,Safe
BAT-000336,2020-02-25,Milk,Raj,liters,Polythene Packet,Wholesale,2020-01-03,2020-01-04,920.32,882,38,38.32,-0.32,37.84,24.49,-52,Sufficient,Expired
BAT-000340,2019-06-01,Milk,Sudha,liters,Polythene Packet,Retail,2019-05-07,2019-05-09,165.32,157,8,8.32,-0.32,11.63,21.99,-23,Low Stock,Expired
BAT-000341,2022-09-07,Milk,Mother Dairy,liters,Polythene Packet,Online,2022-08-05,2022-08-06,571.38,135,436,436.38,-0.38,80.72,112.1,-32,Sufficient,Expired
BAT-000342,2021-05-20,Milk,Mother Dairy,liters,Polythene Packet,Online,2021-05-13,2021-05-15,677.34,641,36,36.34,-0.34,11.54,94.49,-5,Sufficient,Expired
BAT-000344,2020-09-10,Milk,Sudha,liters,Polythene Packet,Retail,2020-08-07,2020-08-09,673.26,310,363,363.26,-0.26,92.81,76.43,-32,Sufficient,Expired
BAT-000346,2020-03-15,Milk,Raj,liters,Polythene Packet,Wholesale,2020-02-27,2020-02-29,406.19,188,218,218.19,-0.19,75.67,54.54,-15,Sufficient,Expired
BAT-000349,2020-09-26,Milk,Raj,liters,Polythene Packet,Online,2020-08-30,2020-08-31,12.41,2,10,10.41,-0.41,77.92,147.02,-26,Low Stock,Expired
BAT-000350,2020-02-12,Milk,Raj,liters,Tetra Pack,Wholesale,2019-12-14,2020-01-06,237.37,230,7,7.37,-0.37,70.69,188.28,-37,Low Stock,Expired
BAT-000351,2020-04-14,Milk,Mother Dairy,liters,Tetra Pack,Online,2020-03-14,2020-04-11,693.13,501,192,192.13,-0.13,29.37,146.98,-3,Sufficient,Expired
BAT-000352,2022-01-16,Milk,Raj,liters,Polythene Packet,Retail,2022-01-01,2022-01-03,967.11,424,543,543.11,-0.11,26.49,107.14,-13,Sufficient,Expired
BAT-000354,2020-03-02,Milk,Amul,liters,Polythene Packet,Online,2020-01-30,2020-02-01,613.5,527,86,86.5,-0.5,92.29,134.91,-30,Low Stock,Expired
BAT-000355,2019-07-19,Milk,Mother Dairy,liters,Tetra Pack,Online,2019-07-18,2019-08-13,815.01,539,276,276.01,-0.01,73.3,156.5,25,Sufficient,Safe
BAT-000357,2021-11-19,Milk,Amul,liters,Polythene Packet,Wholesale,2021-11-10,2021-11-11,122.22,81,41,41.22,-0.22,86.37,81.59,-8,Low Stock,Expired
BAT-000359,2019-02-01,Milk,Mother Dairy,liters,Tetra Pack,Retail,2018-12-31,2019-01-27,791.35,419,372,372.35,-0.35,87.37,148.34,-5,Sufficient,Expired
BAT-000360,2020-04-08,Milk,Mother Dairy,liters,Polythene Packet,Online,2020-03-10,2020-03-12,919.38,652,267,267.38,-0.38,58.25,42.27,-27,Sufficient,Expired
BAT-000361,2022-06-09,Milk,Sudha,liters,Tetra Pack,Online,2022-06-07,2022-07-04,765.31,444,321,321.31,-0.31,47.54,53.42,25,Sufficient,Safe
BAT-000363,2020-09-01,Milk,Amul,liters,Polythene Packet,Retail,2020-07-14,2020-07-15,678.02,518,160,160.02,-0.02,93.87,154.84,-48,Sufficient,Expired
BAT-000365,2019-02-03,Milk,Raj,liters,Tetra Pack,Retail,2019-01-23,2019-02-13,459.12,409,50,50.12,-0.12,92.41,79.05,10,Low Stock,Safe
BAT-000366,2020-02-28,Milk,Mother Dairy,liters,Tetra Pack,Retail,2020-01-15,2020-02-09,355.32,137,218,218.32,-0.32,15.99,31.21,-19,Sufficient,Expired
BAT-000368,2022-04-15,Milk,Raj,liters,Polythene Packet,Online,2022-03-27,2022-03-28,263.35,198,65,65.35,-0.35,62.43,169.77,-18,Sufficient,Expired
BAT-000369,2020-08-24,Milk,Mother Dairy,liters,Tetra Pack,Online,2020-07-24,2020-08-15,718.17,501,217,217.17,-0.17,67.11,195.45,-9,Sufficient,Expired
BAT-000370,2020-09-17,Milk,Raj,liters,Polythene Packet,Retail,2020-07-27,2020-07-28,741.09,221,520,520.09,-0.09,64.44,175.79,-51,Sufficient,Expired
BAT-000371,2020-09-26,Milk,Sudha,liters,Polythene Packet,Retail,2020-09-22,2020-09-24,672.12,186,486,486.12,-0.12,87.33,183.66,-2,Sufficient,Expired
BAT-000375,2022-06-17,Milk,Amul,liters,Tetra Pack,Retail,2022-05-03,2022-05-31,472.1,425,47,47.1,-0.1,15.49,58.17,-17,Sufficient,Expired
BAT-000376,2021-07-04,Milk,Mother Dairy,liters,Polythene Packet,Retail,2021-06-01,2021-06-02,527.03,105,422,422.03,-0.03,37.41,128.44,-32,Sufficient,Expired
BAT-000377,2019-08-01,Milk,Sudha,liters,Polythene Packet,Online,2019-07-28,2019-07-30,861.07,128,733,733.07,-0.07,91.23,110.85,-2,Sufficient,Expired
BAT-000378,2020-01-17,Milk,Raj,liters,Tetra Pack,Retail,2020-01-06,2020-01-30,764.46,473,291,291.46,-0.46,63.47,130.14,13,Sufficient,Safe
BAT-000381,2020-11-08,Milk,Mother Dairy,liters,Tetra Pack,Retail,2020-10-21,2020-11-12,913.18,692,221,221.18,-0.18,93.35,166.59,4,Sufficient,Expiring Soon
BAT-000382,2020-07-19,Milk,Raj,liters,Polythene Packet,Online,2020-06-04,2020-06-06,375.27,316,59,59.27,-0.27,75.25,44.18,-43,Low Stock,Expired
BAT-000383,2021-05-03,Milk,Raj,liters,Polythene Packet,Online,2021-03-10,2021-03-11,569.38,1,568,568.38,-0.38,39.76,176.25,-53,Sufficient,Expired
BAT-000387,2019-06-24,Milk,Mother Dairy,liters,Polythene Packet,Online,2019-04-29,2019-05-01,22.45,11,11,11.45,-0.45,59.8,42.65,-54,Low Stock,Expired
BAT-000389,2019-01-14,Milk,Raj,liters,Tetra Pack,Online,2018-11-26,2018-12-26,396.31,331,65,65.31,-0.31,79.47,90.3,-19,Low Stock,Expired
BAT-000390,2021-11-24,Milk,Sudha,liters,Tetra Pack,Wholesale,2021-11-08,2021-12-05,93.12,81,12,12.12,-0.12,20.89,26.23,11,Low Stock,Safe
BAT-000391,2021-06-06,Milk,Sudha,liters,Polythene Packet,Wholesale,2021-04-29,2021-04-30,698.15,174,524,524.15,-0.15,51.34,155.43,-37,Sufficient,Expired
BAT-000393,2022-04-02,Milk,Amul,liters,Tetra Pack,Retail,2022-02-20,2022-03-21,469.25,359,110,110.25,-0.25,70.33,61.75,-12,Sufficient,Expired
BAT-000396,2022-11-05,Milk,Raj,liters,Tetra Pack,Wholesale,2022-09-09,2022-10-01,470.46,237,233,233.46,-0.46,54.07,67.33,-35,Sufficient,Expired
BAT-000398,2022-05-09,Milk,Raj,liters,Tetra Pack,Retail,2022-03-21,2022-04-19,840.26,586,254,254.26,-0.26,29.42,168.58,-20,Sufficient,Expired
BAT-000399,2021-06-17,Milk,Amul,liters,Tetra Pack,Online,2021-04-21,2021-05-21,356.43,311,45,45.43,-0.43,30.15,195.92,-27,Sufficient,Expired
BAT-000404,2020-02-13,Milk,Amul,liters,Tetra Pack,Online,2020-01-17,2020-02-11,960.0,481,479,479.0,0.0,85.57,26.29,-2,Sufficient,Expired
BAT-000405,2021-07-01,Milk,Sudha,liters,Tetra Pack,Retail,2021-06-18,2021-07-12,738.05,331,407,407.05,-0.05,32.45,20.41,11,Sufficient,Safe
BAT-000406,2021-06-19,Milk,Mother Dairy,liters,Polythene Packet,Wholesale,2021-05-27,2021-05-29,586.16,273,313,313.16,-0.16,45.18,120.79,-21,Sufficient,Expired
BAT-000408,2019-01-21,Milk,Raj,liters,Polythene Packet,Wholesale,2018-12-08,2018-12-10,318.29,292,26,26.29,-0.29,95.38,26.79,-42,Low Stock,Expired
BAT-000411,2022-08-07,Milk,Amul,liters,Tetra Pack,Wholesale,2022-07-07,2022-08-01,601.45,50,551,551.45,-0.45,71.89,87.54,-6,Sufficient,Expired
BAT-000415,2021-12-10,Milk,Mother Dairy,liters,Tetra Pack,Retail,2021-10-27,2021-11-24,57.38,56,1,1.38,-0.38,94.25,28.84,-16,Low Stock,Expired
BAT-000417,2021-11-23,Milk,Sudha,liters,Polythene Packet,Online,2021-10-16,2021-10-17,847.32,273,574,574.32,-0.32,41.21,187.15,-37,Sufficient,Expired
BAT-000418,2020-11-14,Milk,Amul,liters,Polythene Packet,Retail,2020-10-18,2020-10-19,485.25,44,441,441.25,-0.25,48.32,151.54,-26,Sufficient,Expired
BAT-000419,2020-11-01,Milk,Amul,liters,Polythene Packet,Retail,2020-09-07,2020-09-08,721.03,372,349,349.03,-0.03,11.09,108.42,-54,Sufficient,Expired
BAT-000420,2021-11-03,Milk,Mother Dairy,liters,Tetra Pack,Wholesale,2021-10-08,2021-11-03,97.27,5,92,92.27,-0.27,34.82,139.19,0,Sufficient,Urgent
BAT-000423,2020-01-10,Milk,Mother Dairy,liters,Tetra Pack,Online,2019-12-09,2020-01-06,564.27,359,205,205.27,-0.27,88.53,178.68,-4,Sufficient,Expired
BAT-000425,2019-09-07,Milk,Amul,liters,Polythene Packet,Wholesale,2019-08-03,2019-08-05,808.3,654,154,154.3,-0.3,32.48,139.8,-33,Sufficient,Expired
BAT-000429,2019-01-20,Milk,Mother Dairy,liters,Polythene Packet,Online,2019-01-06,2019-01-07,820.5,417,403,403.5,-0.5,22.34,189.63,-13,Sufficient,Expired
BAT-000430,2022-07-26,Butter,Warana,kilograms,Frozen,Wholesale,2022-07-05,2022-08-11,430.46,47,383,383.46,-0.46,21.55,184.32,16,Sufficient,Safe
BAT-000431,2022-09-25,Butter,Warana,kilograms,Frozen,Retail,2022-08-20,2022-09-25,440.42,246,194,194.42,-0.42,88.03,53.81,0,Sufficient,Urgent
BAT-000433,2019-09-20,Butter,Amul,kilograms,Refrigerated,Retail,2019-08-12,2019-09-19,8.47,3,5,5.47,-0.47,54.58,128.52,-1,Low Stock,Expired
BAT-000435,2019-08-24,Butter,Mother Dairy,kilograms,Frozen,Wholesale,2019-08-08,2019-09-14,791.17,534,257,257.17,-0.17,80.22,59.28,21,Sufficient,Safe
BAT-000436,2019-04-02,Butter,Amul,kilograms,Refrigerated,Retail,2019-02-17,2019-03-29,705.44,279,426,426.44,-0.44,10.55,66.62,-4,Sufficient,Expired
BAT-000437,2021-08-25,Butter,Parag Milk Foods,kilograms,Frozen,Retail,2021-07-08,2021-08-16,535.1,18,517,517.1,-0.1,32.01,46.46,-9,Sufficient,Expired
BAT-000438,2022-11-13,Butter,Parag Milk Foods,kilograms,Frozen,Retail,2022-09-23,2022-10-21,615.24,281,334,334.24,-0.24,46.01,130.83,-23,Sufficient,Expired
BAT-000440,2019-02-19,Butter,Warana,kilograms,Frozen,Wholesale,2019-01-15,2019-02-16,351.25,350,1,1.25,-0.25,56.15,124.41,-3,Low Stock,Expired
BAT-000441,2019-04-06,Butter,Parag Milk Foods,kilograms,Frozen,Wholesale,2019-03-26,2019-05-05,332.23,328,4,4.23,-0.23,72.73,175.3,29,Low Stock,Safe
BAT-000442,2020-06-16,Butter,Amul,kilograms,Refrigerated,Wholesale,2020-05-01,2020-06-04,901.18,637,264,264.18,-0.18,84.76,98.3,-12,Sufficient,Expired
BAT-000443,2021-01-03,Butter,Amul,kilograms,Frozen,Online,2020-12-02,2021-01-02,650.03,74,576,576.03,-0.03,71.8,107.14,-1,Sufficient,Expired
BAT-000445,2019-09-18,Butter,Amul,kilograms,Frozen,Wholesale,2019-08-06,2019-09-10,140.43,128,12,12.43,-0.43,92.03,100.15,-8,Low Stock,Expired
BAT-000448,2019-09-14,Butter,Mother Dairy,kilograms,Frozen,Online,2019-09-11,2019-10-17,39.13,12,27,27.13,-0.13,95.8,184.81,33,Low Stock,Safe
BAT-000449,2021-09-23,Butter,Warana,kilograms,Refrigerated,Online,2021-08-12,2021-09-06,53.34,29,24,24.34,-0.34,74.38,158.42,-17,Low Stock,Expired
BAT-000451,2019-01-20,Butter,Parag Milk Foods,kilograms,Refrigerated,Retail,2018-12-02,2019-01-09,210.36,197,13,13.36,-0.36,91.66,112.36,-11,Low Stock,Expired
BAT-000455,2019-11-14,Butter,Mother Dairy,kilograms,Frozen,Wholesale,2019-10-01,2019-10-30,838.32,163,675,675.32,-0.32,14.99,30.8,-15,Sufficient,Expired
BAT-000457,2022-09-16,Butter,Amul,kilograms,Frozen,Retail,2022-07-19,2022-08-20,266.12,225,41,41.12,-0.12,56.43,34.68,-27,Low Stock,Expired
BAT-000459,2019-03-11,Butter,Amul,kilograms,Refrigerated,Retail,2019-02-06,2019-03-03,151.17,112,39,39.17,-0.17,12.52,164.22,-8,Sufficient,Expired
BAT-000460,2019-09-02,Butter,Amul,kilograms,Refrigerated,Online,2019-08-24,2019-09-25,226.32,84,142,142.32,-0.32,54.05,154.66,23,Sufficient,Safe
BAT-000461,2020-04-24,Butter,Warana,kilograms,Refrigerated,Online,2020-03-15,2020-04-22,403.35,183,220,220.35,-0.35,68.73,102.13,-2,Sufficient,Expired
BAT-000464,2022-02-10,Butter,Amul,kilograms,Frozen,Wholesale,2022-01-09,2022-02-06,188.05,57,131,131.05,-0.05,46.7,173.41,-4,Sufficient,Expired
BAT-000467,2019-10-24,Butter,Warana,kilograms,Frozen,Wholesale,2019-10-07,2019-11-02,851.39,650,201,201.39,-0.39,15.53,178.11,9,Sufficient,Safe
BAT-000468,2020-02-06,Butter,Parag Milk Foods,kilograms,Refrigerated,Wholesale,2020-01-02,2020-02-01,442.26,172,270,270.26,-0.26,77.08,73.4,-5,Sufficient,Expired
BAT-000469,2021-07-05,Butter,Amul,kilograms,Refrigerated,Wholesale,2021-06-16,2021-07-13,362.45,313,49,49.45,-0.45,10.42,101.82,8,Sufficient,Safe
BAT-000470,2022-10-01,Butter,Warana,kilograms,Frozen,Online,2022-08-30,2022-09-24,171.23,34,137,137.23,-0.23,12.51,29.81,-7,Sufficient,Expired
BAT-000471,2020-05-11,Butter,Mother Dairy,kilograms,Frozen,Retail,2020-03-22,2020-04-26,572.47,451,121,121.47,-0.47,66.28,146.25,-15,Sufficient,Expired
BAT-000472,2022-10-10,Butter,Warana,kilograms,Refrigerated,Retail,2022-08-25,2022-09-24,974.38,232,742,742.38,-0.38,34.34,27.13,-16,Sufficient,Expired
BAT-000476,2022-03-14,Butter,Parag Milk Foods,kilograms,Refrigerated,Online,2022-02-24,2022-03-29,783.25,565,218,218.25,-0.25,71.5,117.16,15,Sufficient,Safe
BAT-000478,2021-03-21,Butter,Mother Dairy,kilograms,Frozen,Wholesale,2021-01-31,2021-03-03,625.21,244,381,381.21,-0.21,18.34,97.24,-18,Sufficient,Expired
BAT-000480,2020-08-28,Butter,Parag Milk Foods,kilograms,Refrigerated,Online,2020-08-09,2020-09-16,327.09,221,106,106.09,-0.09,14.82,149.05,19,Sufficient,Safe
BAT-000481,2021-07-28,Butter,Parag Milk Foods,kilograms,Refrigerated,Retail,2021-05-30,2021-06-28,784.21,675,109,109.21,-0.21,91.81,84.47,-30,Sufficient,Expired
BAT-000483,2022-10-09,Butter,Mother Dairy,kilograms,Frozen,Retail,2022-09-10,2022-10-09,603.26,46,557,557.26,-0.26,58.45,33.47,0,Sufficient,Urgent
BAT-000484,2021-08-16,Butter,Warana,kilograms,Frozen,Wholesale,2021-07-16,2021-08-21,944.23,264,680,680.23,-0.23,56.67,106.73,5,Sufficient,Expiring Soon
BAT-000486,2021-10-21,Butter,Parag Milk Foods,kilograms,Frozen,Online,2021-08-29,2021-09-27,653.39,524,129,129.39,-0.39,16.72,111.17,-24,Sufficient,Expired
BAT-000489,2019-02-13,Butter,Parag Milk Foods,kilograms,Refrigerated,Wholesale,2019-01-20,2019-02-14,746.15,305,441,441.15,-0.15,34.35,104.43,1,Sufficient,Urgent
BAT-000490,2022-10-26,Butter,Parag Milk Foods,kilograms,Frozen,Retail,2022-09-10,2022-10-11,51.32,4,47,47.32,-0.32,40.81,122.01,-15,Sufficient,Expired
BAT-000492,2020-09-17,Butter,Amul,kilograms,Refrigerated,Online,2020-09-03,2020-09-30,621.41,35,586,586.41,-0.41,18.12,126.43,13,Sufficient,Safe
BAT-000493,2020-08-22,Butter,Mother Dairy,kilograms,Frozen,Online,2020-07-14,2020-08-19,701.2,533,168,168.2,-0.2,57.55,56.69,-3,Sufficient,Expired
BAT-000494,2019-03-16,Butter,Amul,kilograms,Frozen,Wholesale,2019-02-23,2019-03-31,358.35,248,110,110.35,-0.35,82.68,104.08,15,Sufficient,Safe
BAT-000497,2021-07-01,Butter,Warana,kilograms,Frozen,Wholesale,2021-05-26,2021-07-05,793.06,645,148,148.06,-0.06,21.66,40.12,4,Sufficient,Expiring Soon
BAT-000499,2019-10-26,Butter,Amul,kilograms,Refrigerated,Retail,2019-10-09,2019-11-03,950.33,684,266,266.33,-0.33,60.57,25.88,8,Sufficient,Safe
BAT-000500,2022-09-17,Butter,Warana,kilograms,Refrigerated,Online,2022-09-13,2022-10-16,356.09,93,263,263.09,-0.09,89.82,184.26,29,Sufficient,Safe
BAT-000501,2020-12-03,Butter,Warana,kilograms,Refrigerated,Online,2020-11-27,2021-01-02,457.21,247,210,210.21,-0.21,55.27,50.64,30,Sufficient,Safe
BAT-000502,2021-07-19,Butter,Parag Milk Foods,kilograms,Refrigerated,Wholesale,2021-06-18,2021-07-22,11.1,1,10,10.1,-0.1,31.4,171.39,3,Low Stock,Urgent
BAT-000504,2022-09-22,Butter,Warana,kilograms,Refrigerated,Wholesale,2022-09-06,2022-10-11,717.33,579,138,138.33,-0.33,31.01,171.34,19,Sufficient,Safe
BAT-000505,2021-11-25,Butter,Warana,kilograms,Refrigerated,Retail,2021-10-04,2021-11-03,946.41,561,385,385.41,-0.41,71.32,126.31,-22,Sufficient,Expired
BAT-000509,2022-10-11,Butter,Parag Milk Foods,kilograms,Frozen,Retail,2022-09-23,2022-10-19,436.35,133,303,303.35,-0.35,82.62,193.98,8,Sufficient,Safe
BAT-000511,2019-06-17,Butter,Mother Dairy,kilograms,Frozen,Online,2019-06-15,2019-07-23,502.18,36,466,466.18,-0.18,45.49,148.01,36,Sufficient,Safe
BAT-000515,2019-05-01,Butter,Amul,kilograms,Refrigerated,Online,2019-03-06,2019-04-06,281.3,135,146,146.3,-0.3,65.01,22.34,-25,Sufficient,Expired
BAT-000519,2021-01-14,Butter,Warana,kilograms,Frozen,Retail,2020-12-19,2021-01-20,598.28,506,92,92.28,-0.28,37.98,53.75,6,Sufficient,Expiring Soon
BAT-000521,2019-05-06,Butter,Parag Milk Foods,kilograms,Refrigerated,Online,2019-03-15,2019-04-11,764.41,398,366,366.41,-0.41,29.93,120.0,-25,Sufficient,Expired
BAT-000522,2020-01-25,Butter,Warana,kilograms,Refrigerated,Wholesale,2019-12-15,2020-01-24,587.33,272,315,315.33,-0.33,20.61,81.64,-1,Sufficient,Expired
BAT-000526,2021-07-25,Butter,Mother Dairy,kilograms,Frozen,Online,2021-06-28,2021-08-04,795.28,343,452,452.28,-0.28,32.83,63.95,10,Sufficient,Safe
BAT-000528,2020-08-16,Butter,Parag Milk Foods,kilograms,Frozen,Online,2020-08-01,2020-09-08,640.05,190,450,450.05,-0.05,43.06,39.73,23,Sufficient,Safe
BAT-000532,2021-03-09,Butter,Mother Dairy,kilograms,Refrigerated,Retail,2021-03-02,2021-04-08,203.16,178,25,25.16,-0.16,90.54,126.68,30,Low Stock,Safe
BAT-000533,2020-08-09,Butter,Parag Milk Foods,kilograms,Refrigerated,Retail,2020-07-16,2020-08-11,216.34,168,48,48.34,-0.34,72.24,93.38,2,Low Stock,Urgent
BAT-000538,2021-06-18,Butter,Mother Dairy,kilograms,Refrigerated,Retail,2021-06-09,2021-07-09,680.07,452,228,228.07,-0.07,15.49,186.91,21,Sufficient,Safe
BAT-000539,2019-03-08,Butter,Parag Milk Foods,kilograms,Frozen,Online,2019-02-12,2019-03-09,839.04,490,349,349.04,-0.04,86.94,160.89,1,Sufficient,Urgent
BAT-000541,2020-11-15,Butter,Warana,kilograms,Refrigerated,Retail,2020-10-19,2020-11-28,798.33,137,661,661.33,-0.33,71.18,99.79,13,Sufficient,Safe
BAT-000544,2022-04-25,Butter,Parag Milk Foods,kilograms,Frozen,Online,2022-03-17,2022-04-26,22.36,19,3,3.36,-0.36,78.5,130.84,1,Low Stock,Urgent
BAT-000545,2019-06-24,Butter,Mother Dairy,kilograms,Refrigerated,Retail,2019-05-21,2019-06-30,703.18,690,13,13.18,-0.18,27.4,100.23,6,Low Stock,Expiring Soon
BAT-000546,2022-07-24,Butter,Warana,kilograms,Frozen,Wholesale,2022-05-27,2022-06-21,267.34,241,26,26.34,-0.34,53.64,45.72,-33,Low Stock,Expired
BAT-000548,2022-05-07,Butter,Parag Milk Foods,kilograms,Frozen,Online,2022-04-01,2022-05-07,264.08,108,156,156.08,-0.08,51.89,122.31,0,Sufficient,Urgent
BAT-000549,2022-07-15,Butter,Warana,kilograms,Refrigerated,Wholesale,2022-07-05,2022-08-09,617.34,433,184,184.34,-0.34,58.59,97.41,25,Sufficient,Safe
BAT-000553,2020-01-21,Butter,Warana,kilograms,Frozen,Retail,2020-01-19,2020-02-21,555.48,10,545,545.48,-0.48,89.01,22.57,31,Sufficient,Safe
BAT-000554,2022-06-25,Butter,Parag Milk Foods,kilograms,Frozen,Retail,2022-05-21,2022-06-29,311.06,246,65,65.06,-0.06,87.02,164.91,4,Low Stock,Expiring Soon
BAT-000556,2019-09-22,Butter,Parag Milk Foods,kilograms,Frozen,Online,2019-09-10,2019-10-17,28.42,25,3,3.42,-0.42,10.66,63.6,25,Low Stock,Safe
BAT-000557,2020-04-14,Butter,Parag Milk Foods,kilograms,Refrigerated,Retail,2020-03-31,2020-04-29,307.29,286,21,21.29,-0.29,35.02,131.22,15,Low Stock,Safe
BAT-000558,2020-07-26,Butter,Warana,kilograms,Frozen,Online,2020-06-17,2020-07-24,392.01,35,357,357.01,-0.01,34.43,196.11,-2,Sufficient,Expired
BAT-000559,2020-08-21,Butter,Mother Dairy,kilograms,Frozen,Online,2020-06-24,2020-07-21,513.3,351,162,162.3,-0.3,28.88,102.15,-31,Sufficient,Expired
BAT-000560,2019-12-17,Butter,Parag Milk Foods,kilograms,Refrigerated,Retail,2019-12-12,2020-01-19,597.46,158,439,439.46,-0.46,40.66,24.37,33,Sufficient,Safe
BAT-000562,2021-10-21,Butter,Amul,kilograms,Refrigerated,Online,2021-09-22,2021-11-01,635.0,394,241,241.0,0.0,94.06,31.86,11,Sufficient,Safe
BAT-000563,2022-08-23,Butter,Amul,kilograms,Refrigerated,Retail,2022-07-16,2022-08-20,920.05,541,379,379.05,-0.05,65.63,132.8,-3,Sufficient,Expired
BAT-000569,2022-04-11,Butter,Warana,kilograms,Frozen,Retail,2022-03-01,2022-03-29,269.26,239,30,30.26,-0.26,71.07,172.87,-13,Low Stock,Expired
BAT-000570,2021-03-26,Butter,Amul,kilograms,Frozen,Retail,2021-03-09,2021-04-15,51.22,10,41,41.22,-0.22,45.3,112.66,20,Low Stock,Safe
BAT-000571,2021-07-27,Butter,Parag Milk Foods,kilograms,Frozen,Retail,2021-07-09,2021-08-14,836.21,157,679,679.21,-0.21,74.75,152.02,18,Sufficient,Safe
BAT-000573,2019-05-26,Butter,Warana,kilograms,Frozen,Wholesale,2019-04-01,2019-05-08,89.02,19,70,70.02,-0.02,98.97,54.9,-18,Low Stock,Expired
BAT-000576,2021-01-25,Butter,Warana,kilograms,Frozen,Retail,2020-11-27,2021-01-03,917.01,602,315,315.01,-0.01,39.54,24.19,-22,Sufficient,Expired
BAT-000577,2020-12-16,Butter,Warana,kilograms,Refrigerated,Wholesale,2020-11-16,2020-12-15,406.06,184,222,222.06,-0.06,72.68,196.07,-1,Sufficient,Expired
BAT-000581,2021-05-23,Butter,Parag Milk Foods,kilograms,Frozen,Online,2021-03-27,2021-05-03,726.06,460,266,266.06,-0.06,70.3,151.52,-20,Sufficient,Expired
BAT-000585,2019-05-14,Butter,Amul,kilograms,Refrigerated,Retail,2019-05-12,2019-06-06,987.09,153,834,834.09,-0.09,15.77,35.93,23,Sufficient,Safe
BAT-000586,2021-03-12,Butter,Mother Dairy,kilograms,Frozen,Wholesale,2021-01-30,2021-02-25,684.22,216,468,468.22,-0.22,73.73,78.66,-15,Sufficient,Expired
BAT-000590,2019-10-07,Butter,Amul,kilograms,Refrigerated,Wholesale,2019-09-06,2019-10-04,229.16,160,69,69.16,-0.16,26.06,78.01,-3,Sufficient,Expired
BAT-000591,2019-08-25,Butter,Parag Milk Foods,kilograms,Frozen,Wholesale,2019-07-20,2019-08-20,736.38,294,442,442.38,-0.38,48.94,187.0,-5,Sufficient,Expired
BAT-000596,2022-12-07,Butter,Mother Dairy,kilograms,Refrigerated,Online,2022-11-13,2022-12-19,357.06,151,206,206.06,-0.06,59.42,39.24,12,Sufficient,Safe
BAT-000602,2020-05-18,Butter,Amul,kilograms,Frozen,Wholesale,2020-04-30,2020-05-28,28.08,2,26,26.08,-0.08,72.78,123.45,10,Low Stock,Safe
BAT-000603,2021-02-28,Butter,Parag Milk Foods,kilograms,Frozen,Retail,2021-02-09,2021-03-18,699.13,532,167,167.13,-0.13,63.72,55.62,18,Sufficient,Safe
BAT-000606,2019-10-24,Butter,Warana,kilograms,Frozen,Retail,2019-09-14,2019-10-12,58.04,18,40,40.04,-0.04,15.34,157.81,-12,Sufficient,Expired
BAT-000607,2021-04-12,Butter,Mother Dairy,kilograms,Refrigerated,Wholesale,2021-02-22,2021-04-03,611.19,137,474,474.19,-0.19,88.23,155.31,-9,Sufficient,Expired
BAT-000609,2019-09-11,Butter,Parag Milk Foods,kilograms,Refrigerated,Retail,2019-08-19,2019-09-26,934.0,285,649,649.0,0.0,29.72,51.93,15,Sufficient,Safe
BAT-000610,2020-12-18,Butter,Amul,kilograms,Frozen,Retail,2020-11-23,2020-12-19,334.25,64,270,270.25,-0.25,15.07,118.53,1,Sufficient,Urgent
BAT-000611,2019-12-07,Butter,Amul,kilograms,Frozen,Retail,2019-10-19,2019-11-28,407.37,258,149,149.37,-0.37,99.97,77.57,-9,Sufficient,Expired
BAT-000616,2021-04-21,Butter,Parag Milk Foods,kilograms,Frozen,Wholesale,2021-04-04,2021-05-10,792.41,127,665,665.41,-0.41,24.33,92.49,19,Sufficient,Safe
BAT-000619,2022-09-17,Butter,Warana,kilograms,Frozen,Online,2022-09-12,2022-10-07,649.28,449,200,200.28,-0.28,30.54,46.07,20,Sufficient,Safe
BAT-000620,2022-03-11,Butter,Mother Dairy,kilograms,Refrigerated,Wholesale,2022-02-17,2022-03-20,111.42,82,29,29.42,-0.42,24.03,193.49,9,Sufficient,Safe
BAT-000621,2019-08-25,Butter,Amul,kilograms,Refrigerated,Online,2019-07-31,2019-08-26,197.38,135,62,62.38,-0.38,79.28,179.53,1,Low Stock,Urgent
BAT-000622,2022-02-07,Butter,Warana,kilograms,Frozen,Online,2021-12-21,2022-01-19,926.12,654,272,272.12,-0.12,18.68,149.44,-19,Sufficient,Expired
BAT-000623,2021-10-20,Butter,Warana,kilograms,Frozen,Wholesale,2021-10-11,2021-11-19,876.44,180,696,696.44,-0.44,66.13,79.47,30,Sufficient,Safe
BAT-000624,2020-07-11,Butter,Amul,kilograms,Refrigerated,Retail,2020-05-15,2020-06-12,567.25,516,51,51.25,-0.25,57.92,48.94,-29,Low Stock,Expired
BAT-000627,2022-12-16,Butter,Amul,kilograms,Refrigerated,Wholesale,2022-11-04,2022-12-09,322.46,152,170,170.46,-0.46,97.44,155.22,-7,Sufficient,Expired
BAT-000628,2022-01-12,Butter,Amul,kilograms,Frozen,Online,2021-12-30,2022-02-04,926.17,408,518,518.17,-0.17,61.11,149.48,23,Sufficient,Safe
BAT-000629,2020-01-10,Butter,Mother Dairy,kilograms,Frozen,Wholesale,2019-12-25,2020-01-24,228.28,149,79,79.28,-0.28,22.82,120.52,14,Sufficient,Safe
BAT-000632,2019-06-18,Butter,Warana,kilograms,Frozen,Wholesale,2019-06-12,2019-07-08,298.17,112,186,186.17,-0.17,74.4,57.54,20,Sufficient,Safe
BAT-000634,2020-04-18,Butter,Parag Milk Foods,kilograms,Frozen,Wholesale,2020-03-16,2020-04-23,193.38,33,160,160.38,-0.38,85.54,106.83,5,Sufficient,Expiring Soon
BAT-000635,2022-02-26,Butter,Warana,kilograms,Refrigerated,Retail,2022-02-13,2022-03-23,508.41,78,430,430.41,-0.41,23.65,100.87,25,Sufficient,Safe
BAT-000636,2020-03-19,Butter,Mother Dairy,kilograms,Frozen,Online,2020-02-25,2020-03-29,71.21,39,32,32.21,-0.21,96.68,181.81,10,Low Stock,Safe
BAT-000638,2022-07-12,Butter,Mother Dairy,kilograms,Refrigerated,Retail,2022-07-04,2022-08-01,10.33,2,8,8.33,-0.33,56.35,198.35,20,Low Stock,Safe
BAT-000641,2021-01-06,Butter,Mother Dairy,kilograms,Refrigerated,Retail,2020-11-11,2020-12-11,226.35,18,208,208.35,-0.35,32.73,37.76,-26,Sufficient,Expired
BAT-000642,2020-10-07,Butter,Mother Dairy,kilograms,Frozen,Retail,2020-09-12,2020-10-15,421.35,37,384,384.35,-0.35,44.21,124.85,8,Sufficient,Safe
BAT-000643,2020-06-06,Butter,Warana,kilograms,Refrigerated,Wholesale,2020-04-10,2020-05-12,873.36,558,315,315.36,-0.36,31.47,61.31,-25,Sufficient,Expired
BAT-000644,2022-10-09,Butter,Parag Milk Foods,kilograms,Frozen,Retail,2022-09-04,2022-10-12,388.22,181,207,207.22,-0.22,20.28,52.18,3,Sufficient,Urgent
BAT-000645,2020-01-09,Butter,Parag Milk Foods,kilograms,Frozen,Retail,2019-12-25,2020-01-26,453.27,398,55,55.27,-0.27,66.45,154.99,17,Low Stock,Safe
BAT-000649,2019-11-07,Butter,Amul,kilograms,Refrigerated,Online,2019-10-04,2019-11-02,818.21,299,519,519.21,-0.21,33.37,154.27,-5,Sufficient,Expired
BAT-000651,2022-04-08,Butter,Warana,kilograms,Refrigerated,Online,2022-02-21,2022-03-21,476.45,302,174,174.45,-0.45,63.86,106.19,-18,Sufficient,Expired
BAT-000653,2022-02-22,Butter,Parag Milk Foods,kilograms,Refrigerated,Online,2022-01-13,2022-02-09,12.5,10,2,2.5,-0.5,81.74,69.29,-13,Low Stock,Expired
BAT-000655,2019-04-23,Butter,Parag Milk Foods,kilograms,Refrigerated,Retail,2019-03-01,2019-04-10,497.43,175,322,322.43,-0.43,60.78,29.55,-13,Sufficient,Expired
BAT-000656,2022-06-28,Butter,Mother Dairy,kilograms,Frozen,Online,2022-06-10,2022-07-07,495.39,65,430,430.39,-0.39,57.18,115.59,9,Sufficient,Safe
BAT-000660,2019-02-02,Butter,Amul,kilograms,Frozen,Retail,2019-01-02,2019-02-09,844.47,188,656,656.47,-0.47,79.33,71.89,7,Sufficient,Expiring Soon
BAT-000662,2022-09-06,Butter,Amul,kilograms,Refrigerated,Retail,2022-08-15,2022-09-23,556.3,299,257,257.3,-0.3,28.37,133.87,17,Sufficient,Safe
BAT-000669,2021-01-23,Butter,Amul,kilograms,Refrigerated,Retail,2021-01-05,2021-02-13,20.38,11,9,9.38,-0.38,97.58,128.37,21,Low Stock,Safe
BAT-000671,2021-01-03,Butter,Amul,kilograms,Frozen,Retail,2020-11-28,2021-01-05,462.49,110,352,352.49,-0.49,94.94,82.36,2,Sufficient,Urgent
BAT-000672,2022-06-22,Butter,Mother Dairy,kilograms,Refrigerated,Wholesale,2022-05-02,2022-05-29,501.16,290,211,211.16,-0.16,54.16,179.66,-24,Sufficient,Expired
BAT-000674,2019-09-12,Butter,Parag Milk Foods,kilograms,Refrigerated,Retail,2019-08-02,2019-09-10,74.21,1,73,73.21,-0.21,14.02,130.98,-2,Sufficient,Expired
BAT-000675,2021-08-08,Butter,Parag Milk Foods,kilograms,Refrigerated,Retail,2021-07-17,2021-08-24,714.01,34,680,680.01,-0.01,38.89,91.57,16,Sufficient,Safe
BAT-000676,2019-07-26,Butter,Mother Dairy,kilograms,Frozen,Online,2019-07-07,2019-08-03,728.14,374,354,354.14,-0.14,15.19,43.08,8,Sufficient,Safe
BAT-000677,2020-06-18,Butter,Parag Milk Foods,kilograms,Frozen,Wholesale,2020-05-15,2020-06-10,889.09,58,831,831.09,-0.09,95.71,55.92,-8,Sufficient,Expired
BAT-000678,2019-09-09,Butter,Amul,kilograms,Frozen,Online,2019-09-06,2019-10-14,771.48,123,648,648.48,-0.48,94.96,129.09,35,Sufficient,Safe
BAT-000679,2022-01-06,Butter,Mother Dairy,kilograms,Refrigerated,Online,2021-12-30,2022-01-30,994.25,640,354,354.25,-0.25,94.39,125.76,24,Sufficient,Safe
BAT-000682,2020-02-16,Butter,Amul,kilograms,Frozen,Retail,2020-01-22,2020-02-16,66.27,3,63,63.27,-0.27,95.39,83.21,0,Low Stock,Urgent
BAT-000685,2021-01-19,Butter,Amul,kilograms,Refrigerated,Retail,2020-12-29,2021-01-28,480.36,320,160,160.36,-0.36,68.41,139.59,9,Sufficient,Safe
BAT-000687,2020-10-13,Butter,Warana,kilograms,Refrigerated,Online,2020-09-19,2020-10-20,4.13,3,1,1.13,-0.13,88.13,171.66,7,Low Stock,Expiring Soon
BAT-000688,2019-08-04,Butter,Mother Dairy,kilograms,Frozen,Wholesale,2019-06-25,2019-07-27,674.29,521,153,153.29,-0.29,61.44,134.25,-8,Sufficient,Expired
BAT-000691,2020-08-25,Butter,Mother Dairy,kilograms,Refrigerated,Retail,2020-07-21,2020-08-18,169.36,50,119,119.36,-0.36,16.11,81.65,-7,Sufficient,Expired
BAT-000692,2022-04-11,Butter,Amul,kilograms,Refrigerated,Wholesale,2022-03-29,2022-04-26,232.39,86,146,146.39,-0.39,25.17,90.03,15,Sufficient,Safe
BAT-000693,2022-08-24,Butter,Mother Dairy,kilograms,Frozen,Wholesale,2022-07-18,2022-08-20,361.13,177,184,184.13,-0.13,65.68,64.37,-4,Sufficient,Expired
BAT-000696,2020-07-02,Butter,Amul,kilograms,Frozen,Wholesale,2020-06-23,2020-08-01,615.14,63,552,552.14,-0.14,79.17,183.04,30,Sufficient,Safe
BAT-000698,2020-09-18,Butter,Parag Milk Foods,kilograms,Frozen,Online,2020-08-06,2020-09-01,72.48,52,20,20.48,-0.48,34.89,25.1,-17,Low Stock,Expired
BAT-000699,2019-04-18,Butter,Parag Milk Foods,kilograms,Frozen,Wholesale,2019-03-18,2019-04-27,941.2,377,564,564.2,-0.2,26.86,155.47,9,Sufficient,Safe
BAT-000702,2022-04-08,Butter,Warana,kilograms,Refrigerated,Retail,2022-03-12,2022-04-15,605.26,223,382,382.26,-0.26,91.7,87.78,7,Sufficient,Expiring Soon
BAT-000705,2022-07-08,Butter,Mother Dairy,kilograms,Frozen,Retail,2022-05-24,2022-06-26,636.49,433,203,203.49,-0.49,27.23,75.81,-12,Sufficient,Expired
BAT-000706,2020-01-26,Butter,Mother Dairy,kilograms,Refrigerated,Wholesale,2020-01-07,2020-02-03,181.34,169,12,12.34,-0.34,78.54,115.62,8,Low Stock,Safe
BAT-000707,2021-08-03,Butter,Mother Dairy,kilograms,Frozen,Wholesale,2021-07-11,2021-08-18,938.5,231,707,707.5,-0.5,13.1,112.48,15,Sufficient,Safe
BAT-000709,2020-06-01,Butter,Parag Milk Foods,kilograms,Refrigerated,Retail,2020-04-10,2020-05-08,881.37,555,326,326.37,-0.37,28.99,129.82,-24,Sufficient,Expired
BAT-000712,2022-02-18,Butter,Amul,kilograms,Refrigerated,Retail,2022-01-07,2022-02-13,609.08,251,358,358.08,-0.08,51.91,161.28,-5,Sufficient,Expired
BAT-000713,2020-03-27,Butter,Warana,kilograms,Frozen,Wholesale,2020-03-18,2020-04-19,457.37,198,259,259.37,-0.37,99.62,134.44,23,Sufficient,Safe
BAT-000714,2020-01-15,Butter,Mother Dairy,kilograms,Refrigerated,Wholesale,2020-01-01,2020-02-02,936.5,67,869,869.5,-0.5,45.37,129.32,18,Sufficient,Safe
BAT-000719,2019-02-06,Butter,Parag Milk Foods,kilograms,Frozen,Retail,2018-12-27,2019-02-05,545.42,129,416,416.42,-0.42,67.52,129.08,-1,Sufficient,Expired
BAT-000721,2022-03-17,Butter,Amul,kilograms,Refrigerated,Online,2022-02-18,2022-03-27,814.21,697,117,117.21,-0.21,90.18,149.15,10,Sufficient,Safe
BAT-000722,2019-05-13,Butter,Mother Dairy,kilograms,Frozen,Online,2019-04-02,2019-05-09,322.24,297,25,25.24,-0.24,31.68,166.36,-4,Low Stock,Expired
BAT-000726,2022-07-14,Butter,Mother Dairy,kilograms,Refrigerated,Wholesale,2022-06-22,2022-07-31,852.22,262,590,590.22,-0.22,54.87,83.57,17,Sufficient,Safe
BAT-000728,2022-02-09,Butter,Parag Milk Foods,kilograms,Refrigerated,Wholesale,2021-12-30,2022-02-01,350.17,240,110,110.17,-0.17,93.4,41.69,-8,Sufficient,Expired
BAT-000730,2020-04-01,Butter,Warana,kilograms,Frozen,Online,2020-03-31,2020-05-04,916.21,178,738,738.21,-0.21,45.26,118.81,33,Sufficient,Safe
BAT-000732,2020-03-12,Butter,Mother Dairy,kilograms,Frozen,Wholesale,2020-01-28,2020-02-25,656.31,586,70,70.31,-0.31,27.57,185.34,-16,Sufficient,Expired
BAT-000733,2020-10-19,Butter,Amul,kilograms,Frozen,Retail,2020-09-25,2020-10-24,905.1,128,777,777.1,-0.1,18.8,83.87,5,Sufficient,Expiring Soon
BAT-000734,2021-01-28,Butter,Amul,kilograms,Frozen,Retail,2020-12-11,2021-01-18,623.03,373,250,250.03,-0.03,72.13,73.73,-10,Sufficient,Expired
BAT-000735,2022-11-11,Butter,Parag Milk Foods,kilograms,Refrigerated,Retail,2022-09-28,2022-10-29,695.34,86,609,609.34,-0.34,15.01,100.19,-13,Sufficient,Expired
BAT-000736,2021-11-09,Butter,Warana,kilograms,Frozen,Online,2021-10-20,2021-11-22,205.27,185,20,20.27,-0.27,18.5,96.06,13,Sufficient,Safe
BAT-000737,2019-07-13,Butter,Parag Milk Foods,kilograms,Frozen,Retail,2019-05-30,2019-07-04,85.49,67,18,18.49,-0.49,74.62,46.68,-9,Low Stock,Expired
BAT-000738,2021-07-03,Butter,Warana,kilograms,Frozen,Retail,2021-05-29,2021-07-05,367.29,218,149,149.29,-0.29,17.14,67.45,2,Sufficient,Urgent
BAT-000739,2019-09-23,Butter,Parag Milk Foods,kilograms,Refrigerated,Retail,2019-09-19,2019-10-21,15.11,2,13,13.11,-0.11,67.92,132.91,28,Low Stock,Safe
BAT-000741,2022-05-02,Butter,Mother Dairy,kilograms,Refrigerated,Online,2022-03-05,2022-03-31,988.47,823,165,165.47,-0.47,19.65,47.74,-32,Sufficient,Expired
BAT-000744,2019-08-20,Butter,Warana,kilograms,Frozen,Retail,2019-08-15,2019-09-22,966.19,649,317,317.19,-0.19,14.14,23.95,33,Sufficient,Safe
BAT-000745,2021-01-16,Butter,Mother Dairy,kilograms,Refrigerated,Retail,2020-11-26,2020-12-28,619.12,333,286,286.12,-0.12,48.44,90.08,-19,Sufficient,Expired
BAT-000746,2021-02-11,Butter,Warana,kilograms,Refrigerated,Retail,2021-02-05,2021-03-11,884.43,104,780,780.43,-0.43,96.91,146.91,28,Sufficient,Safe
BAT-000748,2021-07-21,Butter,Mother Dairy,kilograms,Frozen,Online,2021-06-01,2021-07-11,8.0,4,4,4.0,0.0,72.23,107.43,-10,Low Stock,Expired
BAT-000749,2021-01-15,Butter,Parag Milk Foods,kilograms,Refrigerated,Wholesale,2020-11-24,2020-12-22,266.24,142,124,124.24,-0.24,28.39,114.85,-24,Sufficient,Expired
BAT-000750,2022-02-26,Butter,Amul,kilograms,Refrigerated,Retail,2022-02-20,2022-03-20,525.47,237,288,288.47,-0.47,59.93,179.24,22,Sufficient,Safe
BAT-000751,2019-09-22,Butter,Warana,kilograms,Frozen,Retail,2019-09-03,2019-10-01,845.0,170,675,675.0,0.0,99.36,89.61,9,Sufficient,Safe
BAT-000754,2022-10-16,Butter,Warana,kilograms,Refrigerated,Retail,2022-09-26,2022-11-01,269.49,73,196,196.49,-0.49,12.53,76.77,16,Sufficient,Safe
BAT-000755,2022-01-21,Butter,Parag Milk Foods,kilograms,Frozen,Online,2021-12-16,2022-01-20,8.36,7,1,1.36,-0.36,59.05,197.51,-1,Low Stock,Expired
BAT-000758,2019-10-02,Butter,Warana,kilograms,Frozen,Online,2019-08-15,2019-09-23,644.45,434,210,210.45,-0.45,67.99,100.59,-9,Sufficient,Expired
BAT-000759,2022-02-07,Butter,Amul,kilograms,Refrigerated,Retail,2021-12-24,2022-01-26,282.3,113,169,169.3,-0.3,46.24,193.37,-12,Sufficient,Expired
BAT-000761,2019-07-22,Butter,Warana,kilograms,Frozen,Retail,2019-06-21,2019-07-20,461.02,179,282,282.02,-0.02,28.62,58.76,-2,Sufficient,Expired
BAT-000765,2022-11-16,Butter,Mother Dairy,kilograms,Refrigerated,Online,2022-10-17,2022-11-19,335.09,130,205,205.09,-0.09,70.25,46.72,3,Sufficient,Urgent
BAT-000766,2021-11-27,Butter,Amul,kilograms,Refrigerated,Online,2021-10-13,2021-11-08,934.49,514,420,420.49,-0.49,67.94,101.9,-19,Sufficient,Expired
BAT-000767,2020-07-13,Butter,Mother Dairy,kilograms,Frozen,Retail,2020-05-27,2020-07-04,292.22,257,35,35.22,-0.22,62.82,49.94,-9,Low Stock,Expired
BAT-000768,2019-04-23,Butter,Mother Dairy,kilograms,Refrigerated,Retail,2019-04-03,2019-05-12,173.07,58,115,115.07,-0.07,97.31,144.26,19,Sufficient,Safe
BAT-000769,2021-02-21,Butter,Mother Dairy,kilograms,Refrigerated,Retail,2021-02-12,2021-03-11,809.24,129,680,680.24,-0.24,78.95,180.15,18,Sufficient,Safe
BAT-000771,2019-07-07,Butter,Warana,kilograms,Refrigerated,Retail,2019-06-12,2019-07-22,911.09,696,215,215.09,-0.09,94.4,145.39,15,Sufficient,Safe
BAT-000772,2020-08-11,Butter,Warana,kilograms,Refrigerated,Online,2020-07-04,2020-08-10,515.4,158,357,357.4,-0.4,35.37,92.56,-1,Sufficient,Expired
BAT-000773,2020-10-05,Butter,Parag Milk Foods,kilograms,Frozen,Online,2020-09-22,2020-10-23,729.25,676,53,53.25,-0.25,43.94,67.62,18,Sufficient,Safe
BAT-000774,2019-10-01,Butter,Amul,kilograms,Frozen,Online,2019-08-20,2019-09-15,444.2,359,85,85.2,-0.2,60.99,72.23,-16,Sufficient,Expired
BAT-000775,2021-09-09,Butter,Amul,kilograms,Frozen,Retail,2021-09-06,2021-10-15,831.23,698,133,133.23,-0.23,19.43,35.84,36,Sufficient,Safe
BAT-000776,2020-09-25,Butter,Warana,kilograms,Refrigerated,Wholesale,2020-09-14,2020-10-24,628.3,501,127,127.3,-0.3,33.43,141.9,29,Sufficient,Safe
BAT-000779,2019-05-18,Butter,Mother Dairy,kilograms,Refrigerated,Online,2019-05-16,2019-06-13,310.5,233,77,77.5,-0.5,30.17,50.43,26,Sufficient,Safe
BAT-000781,2020-07-24,Butter,Mother Dairy,kilograms,Frozen,Wholesale,2020-07-23,2020-09-01,9.22,2,7,7.22,-0.22,72.24,80.39,39,Low Stock,Safe
BAT-000782,2021-04-26,Butter,Parag Milk Foods,kilograms,Refrigerated,Wholesale,2021-04-24,2021-05-20,231.0,160,71,71.0,0.0,12.23,174.01,24,Sufficient,Safe
BAT-000783,2021-04-07,Butter,Warana,kilograms,Refrigerated,Online,2021-03-10,2021-04-14,687.35,7,680,680.35,-0.35,59.54,169.61,7,Sufficient,Expiring Soon
BAT-000784,2021-09-06,Butter,Amul,kilograms,Frozen,Online,2021-08-14,2021-09-20,881.26,718,163,163.26,-0.26,86.08,147.57,14,Sufficient,Safe
BAT-000785,2022-01-09,Butter,Mother Dairy,kilograms,Refrigerated,Online,2021-12-04,2022-01-02,78.3,11,67,67.3,-0.3,53.68,130.73,-7,Sufficient,Expired
BAT-000789,2019-08-18,Butter,Parag Milk Foods,kilograms,Refrigerated,Wholesale,2019-07-07,2019-08-16,746.47,648,98,98.47,-0.47,65.85,124.18,-2,Sufficient,Expired
BAT-000790,2022-06-10,Butter,Mother Dairy,kilograms,Refrigerated,Wholesale,2022-05-02,2022-06-04,469.37,234,235,235.37,-0.37,55.39,76.31,-6,Sufficient,Expired
BAT-000791,2019-01-15,Butter,Warana,kilograms,Refrigerated,Online,2018-12-18,2019-01-27,929.13,600,329,329.13,-0.13,99.53,65.43,12,Sufficient,Safe
BAT-000792,2019-12-10,Butter,Amul,kilograms,Frozen,Online,2019-11-06,2019-12-03,488.28,353,135,135.28,-0.28,32.31,91.18,-7,Sufficient,Expired
BAT-000796,2020-10-23,Butter,Parag Milk Foods,kilograms,Frozen,Retail,2020-09-03,2020-09-30,878.28,272,606,606.28,-0.28,71.49,155.39,-23,Sufficient,Expired
BAT-000798,2021-12-04,Butter,Amul,kilograms,Refrigerated,Online,2021-10-29,2021-11-23,569.23,318,251,251.23,-0.23,87.79,187.27,-11,Sufficient,Expired
BAT-000799,2022-12-28,Butter,Mother Dairy,kilograms,Refrigerated,Wholesale,2022-11-27,2022-12-28,242.49,197,45,45.49,-0.49,75.46,42.15,0,Low Stock,Urgent
BAT-000800,2020-08-08,Butter,Mother Dairy,kilograms,Refrigerated,Wholesale,2020-06-21,2020-07-17,601.27,513,88,88.27,-0.27,43.94,35.09,-22,Sufficient,Expired
BAT-000802,2021-02-11,Butter,Warana,kilograms,Refrigerated,Online,2021-01-21,2021-02-27,934.25,670,264,264.25,-0.25,80.91,47.05,16,Sufficient,Safe
BAT-000806,2020-03-19,Butter,Mother Dairy,kilograms,Refrigerated,Online,2020-03-10,2020-04-13,325.28,238,87,87.28,-0.28,36.24,98.98,25,Sufficient,Safe
BAT-000807,2019-12-07,Butter,Amul,kilograms,Refrigerated,Retail,2019-11-01,2019-12-05,867.42,91,776,776.42,-0.42,33.81,60.47,-2,Sufficient,Expired
BAT-000809,2019-07-24,Butter,Parag Milk Foods,kilograms,Refrigerated,Retail,2019-07-09,2019-08-13,411.02,188,223,223.02,-0.02,41.39,185.85,20,Sufficient,Safe
BAT-000811,2019-09-22,Butter,Mother Dairy,kilograms,Frozen,Retail,2019-07-27,2019-09-05,797.04,608,189,189.04,-0.04,78.06,105.36,-17,Sufficient,Expired
BAT-000813,2019-10-28,Butter,Parag Milk Foods,kilograms,Frozen,Retail,2019-10-01,2019-10-30,360.11,319,41,41.11,-0.11,53.04,136.81,2,Low Stock,Urgent
BAT-000816,2020-10-01,Butter,Mother Dairy,kilograms,Refrigerated,Online,2020-08-04,2020-09-05,626.37,43,583,583.37,-0.37,41.11,107.44,-26,Sufficient,Expired
BAT-000818,2020-07-16,Butter,Parag Milk Foods,kilograms,Refrigerated,Wholesale,2020-05-26,2020-06-27,297.09,83,214,214.09,-0.09,12.56,147.0,-19,Sufficient,Expired
BAT-000819,2019-03-12,Butter,Amul,kilograms,Refrigerated,Wholesale,2019-01-14,2019-02-09,740.01,303,437,437.01,-0.01,76.67,126.16,-31,Sufficient,Expired
BAT-000821,2019-07-04,Butter,Parag Milk Foods,kilograms,Refrigerated,Wholesale,2019-05-29,2019-06-30,145.12,71,74,74.12,-0.12,39.56,61.1,-4,Sufficient,Expired
BAT-000822,2019-09-15,Butter,Warana,kilograms,Frozen,Retail,2019-09-05,2019-10-11,881.3,125,756,756.3,-0.3,96.25,29.43,26,Sufficient,Safe
BAT-000825,2022-12-02,Butter,Mother Dairy,kilograms,Frozen,Online,2022-10-16,2022-11-11,331.21,217,114,114.21,-0.21,12.91,24.6,-21,Sufficient,Expired
BAT-000826,2019-05-24,Butter,Mother Dairy,kilograms,Frozen,Online,2019-05-12,2019-06-07,817.4,350,467,467.4,-0.4,89.0,151.45,14,Sufficient,Safe
BAT-000828,2022-06-04,Butter,Amul,kilograms,Frozen,Wholesale,2022-05-30,2022-07-03,489.48,345,144,144.48,-0.48,96.83,28.36,29,Sufficient,Safe
BAT-000832,2021-03-11,Butter,Warana,kilograms,Frozen,Online,2021-02-07,2021-03-08,763.35,671,92,92.35,-0.35,96.54,54.57,-3,Low Stock,Expired
BAT-000834,2020-06-06,Butter,Parag Milk Foods,kilograms,Frozen,Online,2020-04-30,2020-05-26,310.03,90,220,220.03,-0.03,99.4,178.26,-11,Sufficient,Expired
BAT-000835,2019-06-18,Butter,Parag Milk Foods,kilograms,Frozen,Wholesale,2019-05-20,2019-06-26,452.38,350,102,102.38,-0.38,12.48,66.86,8,Sufficient,Safe
BAT-000840,2021-05-13,Butter,Parag Milk Foods,kilograms,Refrigerated,Wholesale,2021-04-08,2021-05-18,26.42,19,7,7.42,-0.42,80.94,87.43,5,Low Stock,Expiring Soon
BAT-000841,2020-08-05,Butter,Mother Dairy,kilograms,Refrigerated,Wholesale,2020-07-28,2020-08-23,779.19,465,314,314.19,-0.19,38.38,87.05,18,Sufficient,Safe
BAT-000842,2020-03-02,Butter,Mother Dairy,kilograms,Frozen,Online,2020-01-04,2020-02-12,838.39,185,653,653.39,-0.39,55.87,82.41,-19,Sufficient,Expired
BAT-000843,2020-04-20,Butter,Mother Dairy,kilograms,Refrigerated,Online,2020-03-22,2020-04-28,301.03,52,249,249.03,-0.03,43.86,160.56,8,Sufficient,Safe
BAT-000844,2019-06-21,Butter,Mother Dairy,kilograms,Refrigerated,Wholesale,2019-06-12,2019-07-18,547.47,338,209,209.47,-0.47,72.79,141.72,27,Sufficient,Safe
BAT-000846,2021-06-27,Butter,Warana,kilograms,Refrigerated,Wholesale,2021-06-22,2021-08-01,334.08,234,100,100.08,-0.08,53.47,25.31,35,Sufficient,Safe
BAT-000851,2020-11-24,Butter,Amul,kilograms,Frozen,Wholesale,2020-11-17,2020-12-21,486.19,9,477,477.19,-0.19,76.96,111.9,27,Sufficient,Safe
BAT-000852,2020-12-22,Butter,Parag Milk Foods,kilograms,Frozen,Online,2020-11-04,2020-12-01,59.48,38,21,21.48,-0.48,45.4,170.61,-21,Low Stock,Expired
BAT-000853,2022-10-27,Butter,Warana,kilograms,Refrigerated,Wholesale,2022-10-26,2022-12-01,222.15,75,147,147.15,-0.15,86.19,92.03,35,Sufficient,Safe
BAT-000854,2019-12-03,Butter,Warana,kilograms,Refrigerated,Wholesale,2019-11-08,2019-12-07,484.22,69,415,415.22,-0.22,33.53,105.65,4,Sufficient,Expiring Soon
BAT-000856,2020-06-01,Butter,Warana,kilograms,Refrigerated,Wholesale,2020-05-16,2020-06-22,904.02,51,853,853.02,-0.02,17.19,46.42,21,Sufficient,Safe
BAT-000857,2021-10-07,Butter,Mother Dairy,kilograms,Frozen,Online,2021-08-25,2021-09-28,607.08,509,98,98.08,-0.08,73.3,111.45,-9,Sufficient,Expired
BAT-000858,2021-11-13,Butter,Amul,kilograms,Frozen,Retail,2021-10-22,2021-11-20,655.24,486,169,169.24,-0.24,70.49,170.74,7,Sufficient,Expiring Soon
BAT-000861,2019-06-09,Cheese,Britannia Industries,kilograms,Frozen,Online,2019-05-15,2019-07-26,823.36,601,222,222.36,-0.36,74.5,57.68,47,Sufficient,Safe
BAT-000862,2022-08-05,Cheese,Dynamix Dairies,kilograms,Frozen,Online,2022-06-14,2022-09-05,757.14,410,347,347.14,-0.14,49.82,105.86,31,Sufficient,Safe
BAT-000863,2020-02-18,Cheese,Passion Cheese,kilograms,Refrigerated,Retail,2020-01-18,2020-03-27,12.39,1,11,11.39,-0.39,31.99,69.19,38,Low Stock,Safe
BAT-000864,2022-08-08,Cheese,Britannia Industries,kilograms,Frozen,Online,2022-07-01,2022-08-13,220.03,62,158,158.03,-0.03,29.59,193.62,5,Sufficient,Expiring Soon
BAT-000865,2022-03-03,Cheese,Britannia Industries,kilograms,Frozen,Online,2022-02-04,2022-03-12,879.11,610,269,269.11,-0.11,48.9,86.16,9,Sufficient,Safe
BAT-000866,2022-09-22,Cheese,Passion Cheese,kilograms,Refrigerated,Retail,2022-08-28,2022-10-09,953.21,705,248,248.21,-0.21,11.47,68.17,17,Sufficient,Safe
BAT-000867,2019-07-13,Cheese,Amul,kilograms,Refrigerated,Wholesale,2019-06-08,2019-07-07,197.25,150,47,47.25,-0.25,28.23,93.72,-6,Sufficient,Expired
BAT-000869,2020-09-16,Cheese,Dynamix Dairies,kilograms,Refrigerated,Online,2020-09-01,2020-10-01,627.29,465,162,162.29,-0.29,27.19,46.76,15,Sufficient,Safe
BAT-000870,2022-07-22,Cheese,Dynamix Dairies,kilograms,Refrigerated,Online,2022-06-09,2022-07-23,38.2,3,35,35.2,-0.2,72.22,38.25,1,Low Stock,Urgent
BAT-000871,2022-10-18,Cheese,Britannia Industries,kilograms,Frozen,Online,2022-09-04,2022-11-25,898.01,674,224,224.01,-0.01,70.14,111.3,38,Sufficient,Safe
BAT-000873,2021-06-09,Cheese,Amul,kilograms,Refrigerated,Online,2021-04-12,2021-05-21,448.41,36,412,412.41,-0.41,67.42,105.24,-19,Sufficient,Expired
BAT-000877,2022-10-07,Cheese,Amul,kilograms,Frozen,Wholesale,2022-08-26,2022-10-24,254.0,222,32,32.0,0.0,67.02,103.94,17,Low Stock,Safe
BAT-000879,2022-07-02,Cheese,Amul,kilograms,Refrigerated,Wholesale,2022-06-03,2022-07-25,616.33,402,214,214.33,-0.33,32.57,66.86,23,Sufficient,Safe
BAT-000882,2021-08-22,Cheese,Passion Cheese,kilograms,Frozen,Wholesale,2021-06-25,2021-07-21,657.24,631,26,26.24,-0.24,26.28,65.48,-32,Low Stock,Expired
BAT-000884,2021-03-26,Cheese,Dynamix Dairies,kilograms,Refrigerated,Wholesale,2021-01-31,2021-04-10,292.16,177,115,115.16,-0.16,87.91,27.03,15,Sufficient,Safe
BAT-000885,2022-09-10,Cheese,Passion Cheese,kilograms,Frozen,Wholesale,2022-08-23,2022-10-12,207.35,67,140,140.35,-0.35,67.77,95.38,32,Sufficient,Safe
BAT-000886,2019-03-03,Cheese,Dynamix Dairies,kilograms,Frozen,Wholesale,2019-01-24,2019-03-16,387.24,70,317,317.24,-0.24,91.37,34.8,13,Sufficient,Safe
BAT-000889,2022-12-13,Cheese,Passion Cheese,kilograms,Refrigerated,Retail,2022-12-03,2023-03-01,100.26,8,92,92.26,-0.26,83.87,25.47,78,Sufficient,Safe
BAT-000892,2022-06-03,Cheese,Britannia Industries,kilograms,Refrigerated,Retail,2022-05-27,2022-08-02,62.08,6,56,56.08,-0.08,65.82,107.92,60,Low Stock,Safe
BAT-000893,2020-03-14,Cheese,Amul,kilograms,Refrigerated,Retail,2020-01-29,2020-03-22,229.37,150,79,79.37,-0.37,56.67,191.43,8,Sufficient,Safe
BAT-000894,2021-02-02,Cheese,Amul,kilograms,Frozen,Wholesale,2021-01-20,2021-03-22,531.48,342,189,189.48,-0.48,40.27,161.47,48,Sufficient,Safe
BAT-000900,2019-11-05,Cheese,Passion Cheese,kilograms,Refrigerated,Online,2019-09-22,2019-11-14,966.23,934,32,32.23,-0.23,17.16,179.41,9,Sufficient,Safe
BAT-000902,2021-02-11,Cheese,Dynamix Dairies,kilograms,Frozen,Wholesale,2020-12-30,2021-01-29,225.09,77,148,148.09,-0.09,89.68,190.9,-13,Sufficient,Expired
BAT-000904,2019-07-24,Cheese,Amul,kilograms,Refrigerated,Wholesale,2019-07-07,2019-08-16,715.0,450,265,265.0,0.0,81.44,182.69,23,Sufficient,Safe
BAT-000909,2022-09-17,Cheese,Amul,kilograms,Frozen,Wholesale,2022-08-23,2022-11-01,977.18,615,362,362.18,-0.18,88.13,115.61,45,Sufficient,Safe
BAT-000910,2020-03-18,Cheese,Dynamix Dairies,kilograms,Refrigerated,Wholesale,2020-02-24,2020-05-24,35.43,9,26,26.43,-0.43,14.1,31.64,67,Sufficient,Safe
BAT-000911,2019-06-07,Cheese,Passion Cheese,kilograms,Refrigerated,Wholesale,2019-04-21,2019-06-24,539.08,387,152,152.08,-0.08,23.89,196.69,17,Sufficient,Safe
BAT-000912,2019-10-02,Cheese,Britannia Industries,kilograms,Frozen,Wholesale,2019-08-10,2019-09-30,571.13,166,405,405.13,-0.13,19.27,122.99,-2,Sufficient,Expired
BAT-000913,2020-10-19,Cheese,Dynamix Dairies,kilograms,Refrigerated,Wholesale,2020-08-28,2020-10-31,828.08,401,427,427.08,-0.08,56.25,173.04,12,Sufficient,Safe
BAT-000918,2020-09-12,Cheese,Passion Cheese,kilograms,Refrigerated,Wholesale,2020-08-24,2020-11-09,680.47,49,631,631.47,-0.47,16.3,127.77,58,Sufficient,Safe
BAT-000922,2022-02-07,Cheese,Dynamix Dairies,kilograms,Refrigerated,Retail,2021-12-17,2022-02-01,670.49,222,448,448.49,-0.49,77.89,111.21,-6,Sufficient,Expired
BAT-000925,2020-09-22,Cheese,Dynamix Dairies,kilograms,Frozen,Retail,2020-08-03,2020-10-15,528.32,453,75,75.32,-0.32,62.02,149.49,23,Sufficient,Safe
BAT-000928,2021-01-05,Cheese,Passion Cheese,kilograms,Frozen,Online,2020-12-25,2021-02-04,111.45,57,54,54.45,-0.45,28.28,134.72,30,Sufficient,Safe
BAT-000930,2020-07-12,Cheese,Amul,kilograms,Frozen,Wholesale,2020-05-13,2020-08-11,571.47,472,99,99.47,-0.47,74.19,78.03,30,Sufficient,Safe
BAT-000931,2019-05-19,Cheese,Britannia Industries,kilograms,Refrigerated,Wholesale,2019-04-25,2019-07-12,70.39,31,39,39.39,-0.39,12.16,30.18,54,Sufficient,Safe
BAT-000932,2020-12-16,Cheese,Dynamix Dairies,kilograms,Frozen,Online,2020-11-15,2021-01-10,491.23,448,43,43.23,-0.23,88.0,174.95,25,Low Stock,Safe
BAT-000934,2019-07-26,Cheese,Dynamix Dairies,kilograms,Refrigerated,Online,2019-07-14,2019-10-09,868.05,400,468,468.05,-0.05,55.02,29.69,75,Sufficient,Safe
BAT-000935,2021-01-24,Cheese,Britannia Industries,kilograms,Frozen,Online,2021-01-06,2021-03-03,46.05,31,15,15.05,-0.05,12.93,194.5,38,Sufficient,Safe
BAT-000936,2020-05-08,Cheese,Dynamix Dairies,kilograms,Frozen,Online,2020-03-26,2020-04-22,901.4,135,766,766.4,-0.4,73.15,148.37,-16,Sufficient,Expired
BAT-000938,2022-06-12,Cheese,Amul,kilograms,Refrigerated,Retail,2022-05-03,2022-07-02,577.49,381,196,196.49,-0.49,19.88,66.08,20,Sufficient,Safe
BAT-000939,2022-05-15,Cheese,Amul,kilograms,Refrigerated,Online,2022-04-25,2022-06-17,690.15,151,539,539.15,-0.15,24.03,55.06,33,Sufficient,Safe
BAT-000942,2019-03-26,Cheese,Amul,kilograms,Refrigerated,Retail,2019-02-22,2019-04-06,115.3,82,33,33.3,-0.3,30.32,176.3,11,Sufficient,Safe
BAT-000944,2021-03-20,Cheese,Britannia Industries,kilograms,Frozen,Online,2021-03-06,2021-05-26,159.33,144,15,15.33,-0.33,56.54,76.45,67,Low Stock,Safe
BAT-000949,2019-07-20,Cheese,Dynamix Dairies,kilograms,Frozen,Retail,2019-07-16,2019-08-12,34.5,14,20,20.5,-0.5,15.37,137.63,23,Sufficient,Safe
BAT-000950,2019-07-14,Cheese,Dynamix Dairies,kilograms,Refrigerated,Wholesale,2019-06-12,2019-07-26,373.35,229,144,144.35,-0.35,25.01,171.47,12,Sufficient,Safe
BAT-000951,2022-02-12,Cheese,Dynamix Dairies,kilograms,Frozen,Retail,2022-01-24,2022-03-22,282.43,80,202,202.43,-0.43,41.28,95.17,38,Sufficient,Safe
BAT-000952,2020-01-14,Cheese,Dynamix Dairies,kilograms,Refrigerated,Wholesale,2020-01-09,2020-03-09,43.17,42,1,1.17,-0.17,37.29,44.03,55,Low Stock,Safe
BAT-000953,2020-02-14,Cheese,Passion Cheese,kilograms,Frozen,Online,2020-01-19,2020-04-03,498.23,225,273,273.23,-0.23,84.4,95.54,49,Sufficient,Safe
BAT-000954,2019-05-11,Cheese,Britannia Industries,kilograms,Refrigerated,Online,2019-04-08,2019-05-03,103.28,51,52,52.28,-0.28,46.47,173.77,-8,Sufficient,Expired
BAT-000955,2019-04-04,Cheese,Passion Cheese,kilograms,Frozen,Wholesale,2019-03-30,2019-06-04,442.02,438,4,4.02,-0.02,16.42,85.23,61,Low Stock,Safe
BAT-000956,2020-07-08,Cheese,Amul,kilograms,Refrigerated,Retail,2020-06-09,2020-07-24,209.17,121,88,88.17,-0.17,46.56,188.1,16,Sufficient,Safe
BAT-000957,2020-03-24,Cheese,Dynamix Dairies,kilograms,Refrigerated,Online,2020-03-11,2020-06-01,786.2,544,242,242.2,-0.2,16.67,80.49,69,Sufficient,Safe
BAT-000958,2019-03-03,Cheese,Dynamix Dairies,kilograms,Refrigerated,Retail,2019-01-23,2019-04-07,637.42,128,509,509.42,-0.42,60.78,118.88,35,Sufficient,Safe
BAT-000960,2021-09-02,Cheese,Passion Cheese,kilograms,Refrigerated,Online,2021-07-17,2021-09-29,783.44,647,136,136.44,-0.44,44.01,33.1,27,Sufficient,Safe
BAT-000963,2019-02-12,Cheese,Britannia Industries,kilograms,Frozen,Retail,2018-12-20,2019-02-04,572.36,433,139,139.36,-0.36,66.08,148.41,-8,Sufficient,Expired
BAT-000966,2019-06-07,Cheese,Passion Cheese,kilograms,Refrigerated,Wholesale,2019-04-08,2019-05-26,265.11,23,242,242.11,-0.11,36.44,89.1,-12,Sufficient,Expired
BAT-000968,2021-03-04,Cheese,Dynamix Dairies,kilograms,Frozen,Online,2021-01-21,2021-03-02,933.08,106,827,827.08,-0.08,16.72,71.66,-2,Sufficient,Expired
BAT-000969,2020-11-14,Cheese,Britannia Industries,kilograms,Frozen,Wholesale,2020-10-06,2020-11-01,603.3,455,148,148.3,-0.3,65.31,84.92,-13,Sufficient,Expired
BAT-000971,2019-04-06,Cheese,Britannia Industries,kilograms,Frozen,Retail,2019-03-05,2019-05-05,752.32,310,442,442.32,-0.32,51.26,77.38,29,Sufficient,Safe
BAT-000972,2022-10-27,Cheese,Dynamix Dairies,kilograms,Refrigerated,Wholesale,2022-10-12,2022-11-18,620.08,341,279,279.08,-0.08,95.14,157.86,22,Sufficient,Safe
BAT-000975,2022-05-12,Cheese,Dynamix Dairies,kilograms,Refrigerated,Online,2022-05-04,2022-07-11,614.0,72,542,542.0,0.0,93.14,36.99,60,Sufficient,Safe
BAT-000977,2022-05-21,Cheese,Passion Cheese,kilograms,Frozen,Retail,2022-03-22,2022-04-23,594.37,549,45,45.37,-0.37,55.81,33.16,-28,Low Stock,Expired
BAT-000979,2019-09-20,Cheese,Dynamix Dairies,kilograms,Frozen,Online,2019-09-19,2019-11-05,676.08,649,27,27.08,-0.08,70.51,88.91,46,Low Stock,Safe
BAT-000980,2020-01-07,Cheese,Amul,kilograms,Refrigerated,Online,2020-01-05,2020-02-24,843.26,169,674,674.26,-0.26,21.05,174.19,48,Sufficient,Safe
BAT-000984,2021-06-18,Cheese,Passion Cheese,kilograms,Refrigerated,Online,2021-04-30,2021-06-25,779.44,26,753,753.44,-0.44,59.52,51.13,7,Sufficient,Expiring Soon
BAT-000986,2019-06-01,Cheese,Passion Cheese,kilograms,Frozen,Retail,2019-05-22,2019-07-26,845.41,371,474,474.41,-0.41,32.81,64.24,55,Sufficient,Safe
BAT-000987,2021-07-11,Cheese,Amul,kilograms,Refrigerated,Online,2021-05-14,2021-06-27,912.24,132,780,780.24,-0.24,55.68,91.78,-14,Sufficient,Expired
BAT-000988,2019-11-13,Cheese,Passion Cheese,kilograms,Refrigerated,Retail,2019-09-21,2019-10-22,244.39,99,145,145.39,-0.39,12.09,130.9,-22,Sufficient,Expired
BAT-000989,2019-02-18,Cheese,Britannia Industries,kilograms,Frozen,Retail,2019-01-24,2019-04-04,559.12,366,193,193.12,-0.12,95.64,78.51,45,Sufficient,Safe
BAT-000990,2019-01-11,Cheese,Amul,kilograms,Refrigerated,Online,2018-12-04,2019-02-04,447.35,125,322,322.35,-0.35,98.8,137.06,24,Sufficient,Safe
BAT-000993,2022-02-14,Cheese,Amul,kilograms,Frozen,Retail,2021-12-30,2022-02-16,801.44,17,784,784.44,-0.44,24.04,33.88,2,Sufficient,Urgent
BAT-000994,2022-01-13,Cheese,Britannia Industries,kilograms,Frozen,Online,2021-12-23,2022-02-13,864.34,609,255,255.34,-0.34,54.67,196.53,31,Sufficient,Safe
BAT-000997,2021-08-11,Cheese,Amul,kilograms,Frozen,Retail,2021-06-28,2021-07-30,967.15,265,702,702.15,-0.15,49.52,32.72,-12,Sufficient,Expired
BAT-001000,2022-05-05,Cheese,Passion Cheese,kilograms,Refrigerated,Wholesale,2022-04-26,2022-07-21,117.18,38,79,79.18,-0.18,21.87,124.46,77,Sufficient,Safe
BAT-001005,2020-12-06,Cheese,Britannia Industries,kilograms,Frozen,Retail,2020-11-13,2021-01-05,628.05,302,326,326.05,-0.05,93.83,184.58,30,Sufficient,Safe
BAT-001007,2022-09-26,Cheese,Dynamix Dairies,kilograms,Refrigerated,Wholesale,2022-08-14,2022-09-19,750.3,54,696,696.3,-0.3,73.69,46.46,-7,Sufficient,Expired
BAT-001008,2021-07-04,Cheese,Passion Cheese,kilograms,Refrigerated,Wholesale,2021-06-12,2021-07-29,801.01,630,171,171.01,-0.01,48.48,119.65,25,Sufficient,Safe
BAT-001009,2020-10-13,Cheese,Amul,kilograms,Refrigerated,Wholesale,2020-09-03,2020-11-30,433.34,354,79,79.34,-0.34,79.0,194.15,48,Sufficient,Safe
BAT-001011,2019-10-06,Cheese,Amul,kilograms,Refrigerated,Retail,2019-09-25,2019-11-06,873.38,826,47,47.38,-0.38,67.01,189.06,31,Low Stock,Safe
BAT-001012,2019-09-07,Cheese,Amul,kilograms,Frozen,Wholesale,2019-08-26,2019-10-18,129.35,51,78,78.35,-0.35,98.41,171.19,41,Low Stock,Safe
BAT-001014,2019-09-01,Cheese,Dynamix Dairies,kilograms,Frozen,Wholesale,2019-07-11,2019-08-15,166.4,135,31,31.4,-0.4,75.72,87.25,-17,Low Stock,Expired
BAT-001016,2021-08-13,Cheese,Dynamix Dairies,kilograms,Refrigerated,Wholesale,2021-06-18,2021-07-15,681.36,539,142,142.36,-0.36,90.62,55.08,-29,Sufficient,Expired
BAT-001017,2020-05-12,Cheese,Dynamix Dairies,kilograms,Refrigerated,Retail,2020-04-18,2020-05-14,721.28,282,439,439.28,-0.28,18.93,168.21,2,Sufficient,Urgent
BAT-001018,2021-12-11,Cheese,Amul,kilograms,Refrigerated,Online,2021-11-29,2022-01-23,635.2,143,492,492.2,-0.2,38.84,56.3,43,Sufficient,Safe
BAT-001019,2022-02-03,Cheese,Dynamix Dairies,kilograms,Frozen,Online,2021-12-22,2022-02-21,845.24,513,332,332.24,-0.24,13.65,75.62,18,Sufficient,Safe
BAT-001022,2019-10-18,Cheese,Dynamix Dairies,kilograms,Frozen,Wholesale,2019-09-23,2019-11-17,103.09,64,39,39.09,-0.09,52.31,114.79,30,Low Stock,Safe
BAT-001025,2022-06-16,Cheese,Britannia Industries,kilograms,Refrigerated,Retail,2022-05-31,2022-07-17,368.14,354,14,14.14,-0.14,54.73,58.09,31,Low Stock,Safe
BAT-001027,2020-03-01,Cheese,Dynamix Dairies,kilograms,Frozen,Retail,2020-01-23,2020-04-19,598.46,31,567,567.46,-0.46,18.53,104.78,49,Sufficient,Safe
BAT-001028,2019-08-10,Cheese,Passion Cheese,kilograms,Frozen,Retail,2019-07-09,2019-08-21,292.46,250,42,42.46,-0.46,82.11,68.12,11,Low Stock,Safe
BAT-001029,2019-02-14,Cheese,Passion Cheese,kilograms,Frozen,Online,2019-02-10,2019-03-26,311.09,279,32,32.09,-0.09,92.98,82.38,40,Low Stock,Safe
BAT-001033,2021-10-01,Cheese,Dynamix Dairies,kilograms,Refrigerated,Wholesale,2021-09-28,2021-12-27,641.14,569,72,72.14,-0.14,24.22,68.16,87,Sufficient,Safe
BAT-001035,2019-07-09,Cheese,Britannia Industries,kilograms,Refrigerated,Wholesale,2019-06-13,2019-07-19,87.36,39,48,48.36,-0.36,12.97,102.55,10,Sufficient,Safe
BAT-001036,2022-02-11,Cheese,Britannia Industries,kilograms,Refrigerated,Online,2021-12-30,2022-03-17,847.18,329,518,518.18,-0.18,33.88,122.56,34,Sufficient,Safe
BAT-001037,2021-11-16,Cheese,Amul,kilograms,Frozen,Online,2021-09-29,2021-11-29,494.03,395,99,99.03,-0.03,52.89,30.43,13,Sufficient,Safe
BAT-001039,2020-05-20,Cheese,Amul,kilograms,Frozen,Online,2020-04-07,2020-06-11,674.17,130,544,544.17,-0.17,61.21,150.27,22,Sufficient,Safe
BAT-001044,2020-07-25,Cheese,Dynamix Dairies,kilograms,Refrigerated,Retail,2020-07-09,2020-09-19,562.06,229,333,333.06,-0.06,25.46,43.66,56,Sufficient,Safe
BAT-001045,2019-10-12,Cheese,Passion Cheese,kilograms,Refrigerated,Online,2019-09-13,2019-11-25,365.03,299,66,66.03,-0.03,18.83,71.75,44,Sufficient,Safe
BAT-001046,2019-08-19,Cheese,Passion Cheese,kilograms,Frozen,Wholesale,2019-06-20,2019-08-29,664.48,194,470,470.48,-0.48,88.75,100.16,10,Sufficient,Safe
BAT-001047,2020-04-16,Cheese,Passion Cheese,kilograms,Frozen,Wholesale,2020-03-19,2020-05-17,133.05,119,14,14.05,-0.05,15.25,58.8,31,Low Stock,Safe
BAT-001049,2022-08-04,Cheese,Passion Cheese,kilograms,Frozen,Wholesale,2022-06-22,2022-08-16,624.19,288,336,336.19,-0.19,87.22,86.33,12,Sufficient,Safe
BAT-001054,2019-10-19,Cheese,Dynamix Dairies,kilograms,Refrigerated,Retail,2019-09-25,2019-11-17,456.3,68,388,388.3,-0.3,84.21,156.12,29,Sufficient,Safe
BAT-001055,2020-09-24,Cheese,Britannia Industries,kilograms,Frozen,Online,2020-09-19,2020-11-01,32.05,7,25,25.05,-0.05,73.68,114.82,38,Low Stock,Safe
BAT-001056,2021-08-11,Cheese,Dynamix Dairies,kilograms,Frozen,Online,2021-08-02,2021-09-17,37.03,1,36,36.03,-0.03,20.14,22.4,37,Sufficient,Safe
BAT-001058,2021-11-24,Cheese,Amul,kilograms,Frozen,Retail,2021-10-22,2022-01-20,466.35,323,143,143.35,-0.35,12.59,64.06,57,Sufficient,Safe
BAT-001060,2019-02-03,Cheese,Amul,kilograms,Refrigerated,Online,2018-12-22,2019-02-21,380.01,35,345,345.01,-0.01,16.06,25.36,18,Sufficient,Safe
BAT-001061,2020-03-10,Cheese,Dynamix Dairies,kilograms,Frozen,Online,2020-02-14,2020-03-10,125.26,56,69,69.26,-0.26,18.51,150.17,0,Sufficient,Urgent
BAT-001062,2019-06-28,Cheese,Passion Cheese,kilograms,Refrigerated,Wholesale,2019-05-05,2019-07-09,388.05,39,349,349.05,-0.05,97.78,195.97,11,Sufficient,Safe
BAT-001064,2020-02-13,Cheese,Dynamix Dairies,kilograms,Refrigerated,Wholesale,2019-12-17,2020-01-26,667.5,661,6,6.5,-0.5,93.25,197.07,-18,Low Stock,Expired
BAT-001067,2020-05-03,Cheese,Dynamix Dairies,kilograms,Frozen,Online,2020-03-23,2020-04-28,92.28,78,14,14.28,-0.28,71.96,119.98,-5,Low Stock,Expired
BAT-001068,2020-06-02,Cheese,Amul,kilograms,Refrigerated,Wholesale,2020-05-13,2020-07-17,946.42,862,84,84.42,-0.42,60.01,67.53,45,Sufficient,Safe
BAT-001070,2019-03-20,Cheese,Dynamix Dairies,kilograms,Frozen,Wholesale,2019-02-15,2019-05-15,395.11,322,73,73.11,-0.11,86.59,98.34,56,Low Stock,Safe
BAT-001072,2020-09-02,Cheese,Dynamix Dairies,kilograms,Frozen,Online,2020-08-13,2020-09-08,235.09,116,119,119.09,-0.09,58.64,103.93,6,Sufficient,Expiring Soon
BAT-001073,2021-02-13,Cheese,Amul,kilograms,Refrigerated,Wholesale,2021-02-05,2021-04-30,3.23,1,2,2.23,-0.23,83.75,101.68,76,Low Stock,Safe
BAT-001076,2020-05-16,Cheese,Amul,kilograms,Frozen,Wholesale,2020-05-05,2020-06-29,611.18,86,525,525.18,-0.18,91.35,190.37,44,Sufficient,Safe
BAT-001077,2019-10-10,Cheese,Dynamix Dairies,kilograms,Refrigerated,Online,2019-08-29,2019-09-26,859.17,487,372,372.17,-0.17,67.26,66.62,-14,Sufficient,Expired
BAT-001079,2022-06-06,Cheese,Britannia Industries,kilograms,Refrigerated,Wholesale,2022-05-03,2022-07-15,432.39,157,275,275.39,-0.39,87.36,34.86,39,Sufficient,Safe
BAT-001080,2019-05-06,Cheese,Britannia Industries,kilograms,Frozen,Wholesale,2019-04-27,2019-05-26,89.44,79,10,10.44,-0.44,96.18,20.12,20,Low Stock,Safe
BAT-001081,2020-02-25,Cheese,Dynamix Dairies,kilograms,Frozen,Retail,2020-01-24,2020-03-01,166.24,62,104,104.24,-0.24,60.58,197.18,5,Sufficient,Expiring Soon
BAT-001082,2021-12-27,Cheese,Britannia Industries,kilograms,Refrigerated,Online,2021-10-30,2021-12-14,493.42,330,163,163.42,-0.42,39.86,92.29,-13,Sufficient,Expired
BAT-001083,2022-05-25,Cheese,Amul,kilograms,Refrigerated,Online,2022-04-24,2022-06-07,361.12,233,128,128.12,-0.12,24.73,109.36,13,Sufficient,Safe
BAT-001084,2022-12-06,Cheese,Dynamix Dairies,kilograms,Frozen,Retail,2022-12-02,2023-02-14,704.15,149,555,555.15,-0.15,70.09,79.74,70,Sufficient,Safe
BAT-001085,2020-07-25,Cheese,Amul,kilograms,Refrigerated,Online,2020-05-27,2020-07-30,657.01,42,615,615.01,-0.01,59.6,73.68,5,Sufficient,Expiring Soon
BAT-001087,2019-06-02,Cheese,Dynamix Dairies,kilograms,Refrigerated,Online,2019-05-18,2019-08-13,71.44,39,32,32.44,-0.44,94.95,109.13,72,Low Stock,Safe
BAT-001089,2019-11-05,Cheese,Dynamix Dairies,kilograms,Frozen,Retail,2019-11-03,2019-12-31,850.42,638,212,212.42,-0.42,32.34,78.57,56,Sufficient,Safe
BAT-001090,2019-02-03,Cheese,Britannia Industries,kilograms,Refrigerated,Retail,2019-01-07,2019-03-30,253.04,71,182,182.04,-0.04,13.56,86.82,55,Sufficient,Safe
BAT-001091,2022-03-13,Cheese,Britannia Industries,kilograms,Refrigerated,Wholesale,2022-01-12,2022-02-26,213.37,170,43,43.37,-0.37,23.18,20.04,-15,Sufficient,Expired
BAT-001093,2019-07-12,Cheese,Amul,kilograms,Frozen,Wholesale,2019-05-21,2019-07-03,532.05,282,250,250.05,-0.05,40.57,158.83,-9,Sufficient,Expired
BAT-001094,2022-01-03,Cheese,Passion Cheese,kilograms,Frozen,Retail,2021-11-11,2021-12-22,651.41,497,154,154.41,-0.41,68.04,164.13,-12,Sufficient,Expired
BAT-001095,2019-09-07,Cheese,Passion Cheese,kilograms,Refrigerated,Online,2019-07-24,2019-09-17,221.31,200,21,21.31,-0.31,51.34,90.31,10,Low Stock,Safe
BAT-001096,2020-04-27,Cheese,Amul,kilograms,Refrigerated,Retail,2020-04-26,2020-07-04,265.07,81,184,184.07,-0.07,78.31,146.96,68,Sufficient,Safe
BAT-001097,2019-12-28,Cheese,Passion Cheese,kilograms,Frozen,Online,2019-12-05,2020-01-21,898.13,354,544,544.13,-0.13,88.24,82.6,24,Sufficient,Safe
BAT-001099,2021-04-15,Cheese,Britannia Industries,kilograms,Frozen,Retail,2021-03-22,2021-05-16,385.07,356,29,29.07,-0.07,11.49,186.06,31,Sufficient,Safe
BAT-001100,2022-03-07,Cheese,Dynamix Dairies,kilograms,Refrigerated,Online,2022-01-23,2022-03-22,650.13,39,611,611.13,-0.13,22.51,171.58,15,Sufficient,Safe
BAT-001104,2020-01-25,Cheese,Dynamix Dairies,kilograms,Refrigerated,Retail,2019-12-28,2020-01-31,76.49,53,23,23.49,-0.49,48.53,187.98,6,Low Stock,Expiring Soon
BAT-001106,2022-03-05,Cheese,Passion Cheese,kilograms,Frozen,Online,2022-03-01,2022-05-22,115.31,63,52,52.31,-0.31,24.94,126.09,78,Sufficient,Safe
BAT-001107,2019-12-27,Cheese,Passion Cheese,kilograms,Refrigerated,Online,2019-11-03,2020-01-12,397.23,315,82,82.23,-0.23,91.98,96.14,16,Low Stock,Safe
BAT-001110,2020-06-03,Cheese,Passion Cheese,kilograms,Refrigerated,Wholesale,2020-05-08,2020-07-06,755.23,598,157,157.23,-0.23,88.19,183.47,33,Sufficient,Safe
BAT-001111,2020-08-20,Cheese,Passion Cheese,kilograms,Refrigerated,Wholesale,2020-07-27,2020-09-07,340.09,324,16,16.09,-0.09,47.92,141.54,18,Low Stock,Safe
BAT-001112,2019-07-19,Cheese,Dynamix Dairies,kilograms,Frozen,Retail,2019-06-06,2019-07-15,761.06,59,702,702.06,-0.06,58.77,97.76,-4,Sufficient,Expired
BAT-001113,2020-05-01,Cheese,Amul,kilograms,Refrigerated,Retail,2020-04-27,2020-07-09,227.23,67,160,160.23,-0.23,58.88,33.03,69,Sufficient,Safe
BAT-001114,2022-04-09,Cheese,Britannia Industries,kilograms,Refrigerated,Retail,2022-03-25,2022-04-30,139.12,49,90,90.12,-0.12,86.73,50.62,21,Sufficient,Safe
BAT-001115,2021-07-08,Cheese,Amul,kilograms,Frozen,Wholesale,2021-05-22,2021-07-20,824.09,137,687,687.09,-0.09,16.22,173.99,12,Sufficient,Safe
BAT-001125,2019-12-11,Cheese,Britannia Industries,kilograms,Refrigerated,Wholesale,2019-11-14,2020-02-08,991.19,29,962,962.19,-0.19,29.12,47.76,59,Sufficient,Safe
BAT-001127,2022-02-22,Cheese,Britannia Industries,kilograms,Frozen,Retail,2022-01-19,2022-03-31,841.21,250,591,591.21,-0.21,21.84,39.29,37,Sufficient,Safe
BAT-001130,2019-02-14,Cheese,Passion Cheese,kilograms,Refrigerated,Wholesale,2018-12-18,2019-03-05,458.08,310,148,148.08,-0.08,16.44,69.98,19,Sufficient,Safe
BAT-001131,2020-09-03,Cheese,Passion Cheese,kilograms,Frozen,Wholesale,2020-08-27,2020-10-29,856.25,79,777,777.25,-0.25,37.13,147.27,56,Sufficient,Safe
BAT-001133,2022-05-24,Cheese,Dynamix Dairies,kilograms,Refrigerated,Wholesale,2022-05-14,2022-06-09,989.04,859,130,130.04,-0.04,77.01,44.09,16,Sufficient,Safe
BAT-001134,2021-08-15,Cheese,Dynamix Dairies,kilograms,Refrigerated,Online,2021-08-03,2021-09-27,770.34,76,694,694.34,-0.34,93.01,129.81,43,Sufficient,Safe
BAT-001136,2022-03-14,Cheese,Passion Cheese,kilograms,Refrigerated,Online,2022-02-14,2022-04-08,861.0,551,310,310.0,0.0,81.9,107.9,25,Sufficient,Safe
BAT-001137,2022-12-23,Cheese,Passion Cheese,kilograms,Refrigerated,Retail,2022-11-24,2023-02-08,888.31,588,300,300.31,-0.31,93.14,153.92,47,Sufficient,Safe
BAT-001138,2020-11-22,Cheese,Britannia Industries,kilograms,Refrigerated,Retail,2020-10-24,2020-12-14,840.0,235,605,605.0,0.0,51.15,150.38,22,Sufficient,Safe
BAT-001143,2022-04-17,Cheese,Passion Cheese,kilograms,Refrigerated,Wholesale,2022-04-12,2022-06-25,802.13,242,560,560.13,-0.13,89.55,169.54,69,Sufficient,Safe
BAT-001146,2021-03-08,Cheese,Britannia Industries,kilograms,Refrigerated,Wholesale,2021-01-27,2021-04-19,323.24,76,247,247.24,-0.24,17.73,90.55,42,Sufficient,Safe
BAT-001147,2021-05-02,Cheese,Britannia Industries,kilograms,Refrigerated,Online,2021-04-07,2021-05-23,737.01,430,307,307.01,-0.01,64.65,102.68,21,Sufficient,Safe
BAT-001150,2019-01-26,Cheese,Passion Cheese,kilograms,Refrigerated,Wholesale,2018-12-28,2019-02-18,359.3,287,72,72.3,-0.3,41.1,49.15,23,Sufficient,Safe
BAT-001152,2022-10-05,Cheese,Britannia Industries,kilograms,Frozen,Online,2022-09-09,2022-11-22,384.21,210,174,174.21,-0.21,48.57,187.69,48,Sufficient,Safe
BAT-001158,2019-04-02,Cheese,Britannia Industries,kilograms,Frozen,Retail,2019-02-01,2019-04-14,167.06,62,105,105.06,-0.06,92.45,89.84,12,Sufficient,Safe
BAT-001159,2020-01-24,Cheese,Passion Cheese,kilograms,Frozen,Retail,2020-01-01,2020-02-12,945.46,887,58,58.46,-0.46,32.58,23.88,19,Sufficient,Safe
BAT-001160,2021-04-18,Cheese,Amul,kilograms,Refrigerated,Online,2021-03-09,2021-05-21,253.49,107,146,146.49,-0.49,42.95,55.2,33,Sufficient,Safe
BAT-001163,2019-09-09,Cheese,Dynamix Dairies,kilograms,Refrigerated,Wholesale,2019-08-28,2019-10-19,322.37,275,47,47.37,-0.37,60.46,145.94,40,Low Stock,Safe
BAT-001165,2021-01-28,Cheese,Passion Cheese,kilograms,Refrigerated,Wholesale,2020-12-17,2021-01-16,918.3,337,581,581.3,-0.3,55.6,185.84,-12,Sufficient,Expired
BAT-001170,2021-10-12,Cheese,Britannia Industries,kilograms,Frozen,Retail,2021-10-01,2021-12-11,710.02,701,9,9.02,-0.02,72.08,190.9,60,Low Stock,Safe
BAT-001173,2022-02-26,Cheese,Passion Cheese,kilograms,Refrigerated,Wholesale,2022-01-18,2022-04-02,227.25,106,121,121.25,-0.25,58.07,111.72,35,Sufficient,Safe
BAT-001174,2021-12-26,Cheese,Dynamix Dairies,kilograms,Frozen,Retail,2021-12-12,2022-01-19,308.04,76,232,232.04,-0.04,96.35,155.94,24,Sufficient,Safe
BAT-001178,2022-04-19,Cheese,Dynamix Dairies,kilograms,Frozen,Retail,2022-02-18,2022-04-22,179.0,73,106,106.0,0.0,31.91,171.59,3,Sufficient,Urgent
BAT-001180,2022-09-09,Cheese,Amul,kilograms,Frozen,Retail,2022-09-07,2022-10-16,946.29,916,30,30.29,-0.29,66.87,132.2,37,Low Stock,Safe
BAT-001181,2019-04-03,Cheese,Amul,kilograms,Refrigerated,Retail,2019-02-05,2019-03-08,881.33,321,560,560.33,-0.33,71.59,23.89,-26,Sufficient,Expired
BAT-001182,2020-11-17,Cheese,Britannia Industries,kilograms,Frozen,Wholesale,2020-10-12,2020-12-31,330.15,70,260,260.15,-0.15,50.08,167.09,44,Sufficient,Safe
BAT-001183,2020-11-11,Cheese,Amul,kilograms,Frozen,Online,2020-10-04,2020-11-24,301.07,77,224,224.07,-0.07,50.91,59.64,13,Sufficient,Safe
BAT-001185,2021-01-16,Cheese,Dynamix Dairies,kilograms,Frozen,Online,2020-11-18,2021-01-04,694.33,409,285,285.33,-0.33,60.12,130.22,-12,Sufficient,Expired
BAT-001186,2022-11-12,Cheese,Dynamix Dairies,kilograms,Refrigerated,Retail,2022-11-10,2023-01-09,222.35,142,80,80.35,-0.35,43.06,48.43,58,Sufficient,Safe
BAT-001187,2022-09-11,Cheese,Amul,kilograms,Frozen,Wholesale,2022-07-21,2022-08-27,662.04,437,225,225.04,-0.04,63.58,169.97,-15,Sufficient,Expired
BAT-001191,2020-11-13,Cheese,Dynamix Dairies,kilograms,Frozen,Retail,2020-11-08,2020-12-20,617.09,550,67,67.09,-0.09,13.48,137.7,37,Sufficient,Safe
BAT-001192,2020-09-24,Cheese,Dynamix Dairies,kilograms,Frozen,Online,2020-08-24,2020-11-03,705.08,470,235,235.08,-0.08,48.93,48.6,40,Sufficient,Safe
BAT-001193,2021-07-20,Cheese,Britannia Industries,kilograms,Refrigerated,Retail,2021-07-19,2021-10-04,576.21,451,125,125.21,-0.21,98.33,192.46,76,Sufficient,Safe
BAT-001194,2021-11-09,Cheese,Dynamix Dairies,kilograms,Refrigerated,Online,2021-09-16,2021-10-23,604.41,43,561,561.41,-0.41,60.38,147.79,-17,Sufficient,Expired
BAT-001195,2020-02-03,Cheese,Passion Cheese,kilograms,Frozen,Online,2020-01-19,2020-02-28,808.24,629,179,179.24,-0.24,46.62,32.49,25,Sufficient,Safe
BAT-001200,2019-05-27,Cheese,Passion Cheese,kilograms,Refrigerated,Retail,2019-03-28,2019-05-13,732.5,635,97,97.5,-0.5,87.15,31.39,-14,Sufficient,Expired
BAT-001202,2019-06-07,Cheese,Britannia Industries,kilograms,Refrigerated,Online,2019-05-22,2019-06-19,624.35,343,281,281.35,-0.35,86.91,146.18,12,Sufficient,Safe
BAT-001204,2021-12-12,Cheese,Dynamix Dairies,kilograms,Frozen,Wholesale,2021-10-20,2021-12-25,470.34,165,305,305.34,-0.34,36.96,193.41,13,Sufficient,Safe
BAT-001205,2022-11-07,Cheese,Passion Cheese,kilograms,Refrigerated,Retail,2022-10-08,2023-01-05,194.13,12,182,182.13,-0.13,19.8,55.0,59,Sufficient,Safe
BAT-001206,2021-12-17,Cheese,Amul,kilograms,Refrigerated,Wholesale,2021-11-21,2022-01-15,470.27,138,332,332.27,-0.27,83.86,51.86,29,Sufficient,Safe
BAT-001207,2021-08-27,Cheese,Amul,kilograms,Frozen,Retail,2021-08-04,2021-10-30,940.49,531,409,409.49,-0.49,51.51,49.43,64,Sufficient,Safe
BAT-001210,2020-03-11,Cheese,Britannia Industries,kilograms,Frozen,Retail,2020-02-06,2020-04-12,282.11,102,180,180.11,-0.11,98.34,26.59,32,Sufficient,Safe
BAT-001213,2019-06-19,Cheese,Amul,kilograms,Frozen,Retail,2019-05-22,2019-06-19,476.2,117,359,359.2,-0.2,39.92,97.28,0,Sufficient,Urgent
BAT-001218,2021-07-13,Cheese,Amul,kilograms,Refrigerated,Retail,2021-05-14,2021-07-14,538.23,372,166,166.23,-0.23,29.31,159.94,1,Sufficient,Urgent
BAT-001219,2022-02-19,Cheese,Britannia Industries,kilograms,Frozen,Wholesale,2022-02-13,2022-03-31,92.08,55,37,37.08,-0.08,21.56,27.35,40,Sufficient,Safe
BAT-001220,2019-02-02,Cheese,Passion Cheese,kilograms,Refrigerated,Wholesale,2019-01-08,2019-03-07,622.13,360,262,262.13,-0.13,24.39,118.58,33,Sufficient,Safe
BAT-001222,2022-07-17,Cheese,Britannia Industries,kilograms,Frozen,Wholesale,2022-06-19,2022-08-23,55.18,45,10,10.18,-0.18,57.8,83.11,37,Low Stock,Safe
BAT-001223,2020-06-08,Cheese,Britannia Industries,kilograms,Frozen,Wholesale,2020-05-27,2020-07-06,879.44,726,153,153.44,-0.44,52.7,93.35,28,Sufficient,Safe
BAT-001226,2021-07-09,Cheese,Amul,kilograms,Frozen,Wholesale,2021-05-21,2021-06-29,477.26,191,286,286.26,-0.26,82.61,123.47,-10,Sufficient,Expired
BAT-001227,2020-01-28,Cheese,Britannia Industries,kilograms,Refrigerated,Wholesale,2020-01-20,2020-03-22,811.35,145,666,666.35,-0.35,18.3,73.33,54,Sufficient,Safe
BAT-001228,2022-05-24,Cheese,Amul,kilograms,Refrigerated,Online,2022-05-06,2022-06-06,381.18,152,229,229.18,-0.18,88.46,140.93,13,Sufficient,Safe
BAT-001229,2020-12-19,Cheese,Amul,kilograms,Frozen,Retail,2020-12-08,2021-02-13,669.15,151,518,518.15,-0.15,45.63,165.65,56,Sufficient,Safe
BAT-001231,2022-06-03,Cheese,Dynamix Dairies,kilograms,Refrigerated,Wholesale,2022-04-11,2022-05-12,750.3,653,97,97.3,-0.3,10.09,43.44,-22,Sufficient,Expired
BAT-001233,2021-02-10,Cheese,Britannia Industries,kilograms,Refrigerated,Wholesale,2020-12-25,2021-02-04,876.31,18,858,858.31,-0.31,25.63,26.01,-6,Sufficient,Expired
BAT-001234,2020-01-01,Cheese,Passion Cheese,kilograms,Frozen,Wholesale,2019-11-19,2020-01-18,912.29,173,739,739.29,-0.29,61.03,78.06,17,Sufficient,Safe
BAT-001237,2019-05-13,Cheese,Britannia Industries,kilograms,Frozen,Online,2019-03-28,2019-04-23,738.32,371,367,367.32,-0.32,64.14,55.45,-20,Sufficient,Expired
BAT-001238,2020-05-11,Cheese,Passion Cheese,kilograms,Frozen,Retail,2020-03-16,2020-04-13,169.48,5,164,164.48,-0.48,53.94,186.68,-28,Sufficient,Expired
BAT-001239,2020-07-09,Cheese,Amul,kilograms,Refrigerated,Online,2020-06-06,2020-09-02,920.29,283,637,637.29,-0.29,86.71,133.23,55,Sufficient,Safe
BAT-001240,2019-05-07,Cheese,Passion Cheese,kilograms,Frozen,Retail,2019-04-08,2019-07-02,782.5,718,64,64.5,-0.5,75.13,155.11,56,Low Stock,Safe
BAT-001242,2022-05-17,Cheese,Passion Cheese,kilograms,Refrigerated,Online,2022-05-07,2022-06-02,693.4,272,421,421.4,-0.4,90.02,185.19,16,Sufficient,Safe
BAT-001243,2020-06-17,Cheese,Dynamix Dairies,kilograms,Frozen,Retail,2020-05-24,2020-08-05,34.5,28,6,6.5,-0.5,78.23,34.91,49,Low Stock,Safe
BAT-001246,2022-10-14,Cheese,Amul,kilograms,Refrigerated,Online,2022-09-18,2022-10-22,600.02,52,548,548.02,-0.02,65.38,59.3,8,Sufficient,Safe
BAT-001247,2021-11-12,Cheese,Dynamix Dairies,kilograms,Frozen,Retail,2021-10-30,2021-12-02,862.03,833,29,29.03,-0.03,65.92,161.74,20,Low Stock,Safe
BAT-001250,2021-08-11,Cheese,Dynamix Dairies,kilograms,Refrigerated,Wholesale,2021-06-25,2021-09-01,357.13,17,340,340.13,-0.13,52.66,127.75,21,Sufficient,Safe
BAT-001253,2022-08-05,Cheese,Passion Cheese,kilograms,Frozen,Retail,2022-06-28,2022-08-29,775.4,614,161,161.4,-0.4,95.41,179.62,24,Sufficient,Safe
BAT-001256,2020-01-01,Cheese,Passion Cheese,kilograms,Refrigerated,Retail,2019-12-30,2020-03-08,804.03,491,313,313.03,-0.03,16.86,79.55,67,Sufficient,Safe
BAT-001258,2020-09-04,Cheese,Passion Cheese,kilograms,Frozen,Online,2020-08-05,2020-09-05,702.36,405,297,297.36,-0.36,89.29,108.11,1,Sufficient,Urgent
BAT-001259,2021-01-13,Cheese,Passion Cheese,kilograms,Refrigerated,Online,2020-12-11,2021-02-25,385.32,172,213,213.32,-0.32,32.86,140.49,43,Sufficient,Safe
BAT-001262,2022-02-28,Yogurt,Dodla Dairy,kilograms,Refrigerated,Online,2022-01-14,2022-02-13,503.48,256,247,247.48,-0.48,15.1,140.83,-15,Sufficient,Expired
BAT-001267,2022-12-18,Yogurt,Dodla Dairy,kilograms,Frozen,Online,2022-10-24,2022-11-21,754.25,290,464,464.25,-0.25,75.4,82.78,-27,Sufficient,Expired
BAT-001272,2021-10-03,Yogurt,Mother Dairy,kilograms,Frozen,Wholesale,2021-09-01,2021-09-28,616.07,362,254,254.07,-0.07,61.49,132.2,-5,Sufficient,Expired
BAT-001273,2022-05-15,Yogurt,Palle2patnam,kilograms,Refrigerated,Retail,2022-04-20,2022-05-18,504.33,490,14,14.33,-0.33,73.82,49.34,3,Low Stock,Urgent
BAT-001278,2022-01-26,Yogurt,Amul,kilograms,Frozen,Retail,2021-12-24,2022-01-23,537.05,69,468,468.05,-0.05,24.87,156.18,-3,Sufficient,Expired
BAT-001280,2022-06-21,Yogurt,Dodla Dairy,kilograms,Frozen,Online,2022-06-16,2022-07-12,601.41,351,250,250.41,-0.41,77.07,188.19,21,Sufficient,Safe
BAT-001281,2019-05-18,Yogurt,Palle2patnam,kilograms,Frozen,Online,2019-03-30,2019-04-28,299.28,277,22,22.28,-0.28,16.92,120.15,-20,Sufficient,Expired
BAT-001283,2020-05-01,Yogurt,Palle2patnam,kilograms,Frozen,Online,2020-03-30,2020-04-25,239.22,104,135,135.22,-0.22,57.51,118.0,-6,Sufficient,Expired
BAT-001285,2022-07-06,Yogurt,Mother Dairy,kilograms,Refrigerated,Wholesale,2022-07-03,2022-07-30,530.22,301,229,229.22,-0.22,10.52,82.91,24,Sufficient,Safe
BAT-001288,2020-08-10,Yogurt,Dodla Dairy,kilograms,Refrigerated,Online,2020-06-26,2020-07-19,836.24,127,709,709.24,-0.24,76.7,80.23,-22,Sufficient,Expired
BAT-001290,2020-01-16,Yogurt,Dodla Dairy,kilograms,Frozen,Online,2020-01-11,2020-02-04,935.28,443,492,492.28,-0.28,93.32,150.0,19,Sufficient,Safe
BAT-001291,2020-09-08,Yogurt,Mother Dairy,kilograms,Frozen,Wholesale,2020-09-02,2020-09-30,952.37,849,103,103.37,-0.37,16.17,88.23,22,Sufficient,Safe
BAT-001292,2021-05-17,Yogurt,Mother Dairy,kilograms,Frozen,Wholesale,2021-04-20,2021-05-19,560.31,545,15,15.31,-0.31,15.2,111.04,2,Low Stock,Urgent
BAT-001293,2021-09-07,Yogurt,Dodla Dairy,kilograms,Refrigerated,Online,2021-09-01,2021-10-01,571.41,267,304,304.41,-0.41,33.59,174.05,24,Sufficient,Safe
BAT-001298,2022-11-21,Yogurt,Amul,kilograms,Frozen,Wholesale,2022-11-17,2022-12-08,718.35,23,695,695.35,-0.35,50.25,30.99,17,Sufficient,Safe
BAT-001302,2020-10-18,Yogurt,Palle2patnam,kilograms,Frozen,Retail,2020-08-22,2020-09-20,905.39,478,427,427.39,-0.39,82.81,112.76,-28,Sufficient,Expired
BAT-001305,2021-12-20,Yogurt,Mother Dairy,kilograms,Refrigerated,Wholesale,2021-12-14,2022-01-05,601.01,558,43,43.01,-0.01,31.35,88.83,16,Sufficient,Safe
BAT-001306,2021-04-10,Yogurt,Dodla Dairy,kilograms,Refrigerated,Wholesale,2021-03-29,2021-04-28,595.15,311,284,284.15,-0.15,92.48,156.75,18,Sufficient,Safe
BAT-001307,2021-03-25,Yogurt,Palle2patnam,kilograms,Refrigerated,Wholesale,2021-03-01,2021-03-25,447.21,170,277,277.21,-0.21,45.11,54.21,0,Sufficient,Urgent
BAT-001309,2022-02-04,Yogurt,Amul,kilograms,Refrigerated,Wholesale,2021-12-07,2022-01-04,308.06,218,90,90.06,-0.06,25.21,124.94,-31,Sufficient,Expired
BAT-001311,2020-08-16,Yogurt,Dodla Dairy,kilograms,Frozen,Retail,2020-07-13,2020-08-11,99.15,73,26,26.15,-0.15,89.08,30.5,-5,Low Stock,Expired
BAT-001312,2020-12-24,Yogurt,Mother Dairy,kilograms,Frozen,Retail,2020-11-24,2020-12-17,498.17,317,181,181.17,-0.17,76.39,106.39,-7,Sufficient,Expired
BAT-001314,2021-09-05,Yogurt,Mother Dairy,kilograms,Refrigerated,Wholesale,2021-07-13,2021-08-03,944.28,71,873,873.28,-0.28,45.52,102.55,-33,Sufficient,Expired
BAT-001315,2020-01-09,Yogurt,Dodla Dairy,kilograms,Refrigerated,Wholesale,2019-11-15,2019-12-11,62.08,53,9,9.08,-0.08,59.41,108.65,-29,Low Stock,Expired
BAT-001316,2020-12-13,Yogurt,Amul,kilograms,Refrigerated,Retail,2020-10-27,2020-11-25,533.42,377,156,156.42,-0.42,70.71,34.04,-18,Sufficient,Expired
BAT-001319,2022-11-03,Yogurt,Mother Dairy,kilograms,Refrigerated,Online,2022-09-24,2022-10-17,65.49,10,55,55.49,-0.49,17.11,57.06,-17,Sufficient,Expired
BAT-001320,2022-01-11,Yogurt,Amul,kilograms,Refrigerated,Retail,2021-11-24,2021-12-17,53.37,18,35,35.37,-0.37,19.52,195.79,-25,Sufficient,Expired
BAT-001321,2020-09-07,Yogurt,Dodla Dairy,kilograms,Frozen,Online,2020-08-12,2020-09-06,271.03,31,240,240.03,-0.03,91.38,90.6,-1,Sufficient,Expired
BAT-001322,2020-03-23,Yogurt,Palle2patnam,kilograms,Frozen,Online,2020-03-20,2020-04-19,200.3,192,8,8.3,-0.3,39.02,150.42,27,Low Stock,Safe
BAT-001324,2021-09-26,Yogurt,Amul,kilograms,Refrigerated,Online,2021-09-12,2021-10-05,348.12,149,199,199.12,-0.12,78.88,140.92,9,Sufficient,Safe
BAT-001325,2019-01-21,Yogurt,Mother Dairy,kilograms,Frozen,Wholesale,2018-12-02,2018-12-27,948.26,928,20,20.26,-0.26,14.23,61.99,-25,Sufficient,Expired
BAT-001326,2022-01-25,Yogurt,Mother Dairy,kilograms,Frozen,Wholesale,2022-01-15,2022-02-11,833.01,110,723,723.01,-0.01,93.47,34.14,17,Sufficient,Safe
BAT-001327,2019-08-15,Yogurt,Dodla Dairy,kilograms,Frozen,Retail,2019-07-25,2019-08-22,437.19,265,172,172.19,-0.19,88.34,25.31,7,Sufficient,Expiring Soon
BAT-001329,2020-12-23,Yogurt,Amul,kilograms,Refrigerated,Wholesale,2020-10-25,2020-11-16,398.03,219,179,179.03,-0.03,19.46,178.22,-37,Sufficient,Expired
BAT-001331,2020-01-11,Yogurt,Mother Dairy,kilograms,Refrigerated,Wholesale,2020-01-07,2020-02-01,240.05,145,95,95.05,-0.05,97.87,164.3,21,Low Stock,Safe
BAT-001332,2021-01-10,Yogurt,Mother Dairy,kilograms,Frozen,Online,2020-12-01,2020-12-29,821.24,238,583,583.24,-0.24,61.96,114.32,-12,Sufficient,Expired
BAT-001333,2021-06-09,Yogurt,Palle2patnam,kilograms,Frozen,Online,2021-06-01,2021-06-23,563.48,144,419,419.48,-0.48,58.77,186.5,14,Sufficient,Safe
BAT-001334,2020-11-15,Yogurt,Amul,kilograms,Refrigerated,Retail,2020-11-01,2020-11-24,941.22,151,790,790.22,-0.22,31.84,122.47,9,Sufficient,Safe
BAT-001336,2020-02-23,Yogurt,Palle2patnam,kilograms,Refrigerated,Retail,2020-02-06,2020-03-01,970.44,920,50,50.44,-0.44,27.76,151.6,7,Sufficient,Expiring Soon
BAT-001342,2020-07-05,Yogurt,Amul,kilograms,Frozen,Retail,2020-05-20,2020-06-17,621.4,458,163,163.4,-0.4,92.08,151.04,-18,Sufficient,Expired
BAT-001343,2021-12-17,Yogurt,Mother Dairy,kilograms,Frozen,Wholesale,2021-11-29,2021-12-27,913.34,771,142,142.34,-0.34,41.17,101.5,10,Sufficient,Safe
BAT-001345,2021-01-15,Yogurt,Mother Dairy,kilograms,Frozen,Retail,2020-12-28,2021-01-23,884.04,452,432,432.04,-0.04,63.98,52.26,8,Sufficient,Safe
BAT-001346,2020-06-14,Yogurt,Palle2patnam,kilograms,Frozen,Retail,2020-05-09,2020-06-02,519.0,86,433,433.0,0.0,82.64,67.77,-12,Sufficient,Expired
BAT-001347,2022-04-08,Yogurt,Palle2patnam,kilograms,Refrigerated,Online,2022-03-26,2022-04-19,398.22,154,244,244.22,-0.22,37.26,162.23,11,Sufficient,Safe
BAT-001353,2020-03-11,Yogurt,Palle2patnam,kilograms,Frozen,Wholesale,2020-01-27,2020-02-18,446.4,269,177,177.4,-0.4,97.73,100.03,-22,Sufficient,Expired
BAT-001355,2020-01-28,Yogurt,Dodla Dairy,kilograms,Frozen,Online,2020-01-20,2020-02-14,968.17,842,126,126.17,-0.17,83.32,42.57,17,Sufficient,Safe
BAT-001356,2021-02-20,Yogurt,Palle2patnam,kilograms,Frozen,Retail,2020-12-25,2021-01-18,820.1,385,435,435.1,-0.1,62.57,108.02,-33,Sufficient,Expired
BAT-001357,2021-03-19,Yogurt,Dodla Dairy,kilograms,Refrigerated,Retail,2021-02-23,2021-03-19,70.27,38,32,32.27,-0.27,43.18,170.33,0,Low Stock,Urgent
BAT-001358,2021-09-22,Yogurt,Amul,kilograms,Frozen,Online,2021-09-17,2021-10-10,469.32,192,277,277.32,-0.32,38.25,61.67,18,Sufficient,Safe
BAT-001359,2022-11-18,Yogurt,Palle2patnam,kilograms,Frozen,Wholesale,2022-10-22,2022-11-17,12.3,12,0,0.3,-0.3,43.51,98.48,-1,Low Stock,Expired
BAT-001360,2022-11-01,Yogurt,Palle2patnam,kilograms,Refrigerated,Wholesale,2022-09-15,2022-10-14,250.06,98,152,152.06,-0.06,28.81,183.67,-18,Sufficient,Expired
BAT-001361,2020-11-16,Yogurt,Palle2patnam,kilograms,Refrigerated,Wholesale,2020-10-30,2020-11-26,10.4,9,1,1.4,-0.4,54.97,106.19,10,Low Stock,Safe
BAT-001366,2022-11-16,Yogurt,Dodla Dairy,kilograms,Frozen,Online,2022-10-29,2022-11-20,775.23,683,92,92.23,-0.23,64.3,100.09,4,Sufficient,Expiring Soon
BAT-001367,2019-10-09,Yogurt,Palle2patnam,kilograms,Frozen,Retail,2019-08-25,2019-09-19,430.18,193,237,237.18,-0.18,35.06,84.01,-20,Sufficient,Expired
BAT-001368,2021-02-02,Yogurt,Amul,kilograms,Frozen,Wholesale,2020-12-24,2021-01-22,301.18,62,239,239.18,-0.18,82.13,48.95,-11,Sufficient,Expired
BAT-001370,2019-04-07,Yogurt,Palle2patnam,kilograms,Refrigerated,Retail,2019-03-27,2019-04-17,57.09,56,1,1.09,-0.09,53.15,155.0,10,Low Stock,Safe
BAT-001372,2021-05-13,Yogurt,Mother Dairy,kilograms,Frozen,Online,2021-03-24,2021-04-19,472.03,289,183,183.03,-0.03,70.48,105.2,-24,Sufficient,Expired
BAT-001375,2022-01-12,Yogurt,Dodla Dairy,kilograms,Frozen,Online,2021-11-19,2021-12-11,308.23,102,206,206.23,-0.23,49.47,57.43,-32,Sufficient,Expired
BAT-001377,2020-01-05,Yogurt,Amul,kilograms,Refrigerated,Retail,2019-11-24,2019-12-21,379.14,99,280,280.14,-0.14,52.82,91.23,-15,Sufficient,Expired
BAT-001378,2019-02-24,Yogurt,Dodla Dairy,kilograms,Refrigerated,Retail,2019-02-11,2019-03-10,376.11,129,247,247.11,-0.11,69.65,87.54,14,Sufficient,Safe
BAT-001380,2020-08-17,Yogurt,Palle2patnam,kilograms,Refrigerated,Wholesale,2020-07-23,2020-08-19,735.3,451,284,284.3,-0.3,49.26,24.58,2,Sufficient,Urgent
BAT-001381,2020-09-13,Yogurt,Dodla Dairy,kilograms,Refrigerated,Wholesale,2020-07-27,2020-08-22,4.09,2,2,2.09,-0.09,39.81,140.9,-22,Low Stock,Expired
BAT-001383,2021-08-07,Yogurt,Dodla Dairy,kilograms,Refrigerated,Wholesale,2021-07-19,2021-08-17,706.46,132,574,574.46,-0.46,59.72,165.01,10,Sufficient,Safe
BAT-001385,2020-12-07,Yogurt,Dodla Dairy,kilograms,Frozen,Wholesale,2020-11-03,2020-11-29,326.05,309,17,17.05,-0.05,43.61,78.43,-8,Low Stock,Expired
BAT-001386,2020-10-11,Yogurt,Palle2patnam,kilograms,Refrigerated,Online,2020-09-25,2020-10-25,382.14,9,373,373.14,-0.14,17.35,27.42,14,Sufficient,Safe
BAT-001387,2019-08-15,Yogurt,Palle2patnam,kilograms,Frozen,Online,2019-07-05,2019-08-03,461.49,236,225,225.49,-0.49,61.02,111.99,-12,Sufficient,Expired
BAT-001389,2020-09-10,Yogurt,Dodla Dairy,kilograms,Refrigerated,Online,2020-09-07,2020-10-05,739.41,630,109,109.41,-0.41,20.49,130.39,25,Sufficient,Safe
BAT-001390,2020-09-24,Yogurt,Palle2patnam,kilograms,Frozen,Wholesale,2020-09-23,2020-10-18,358.06,300,58,58.06,-0.06,74.89,139.06,24,Low Stock,Safe
BAT-001391,2021-10-28,Yogurt,Palle2patnam,kilograms,Frozen,Online,2021-10-13,2021-11-07,764.02,516,248,248.02,-0.02,13.42,160.53,10,Sufficient,Safe
BAT-001392,2022-10-05,Yogurt,Mother Dairy,kilograms,Frozen,Wholesale,2022-09-20,2022-10-14,332.15,57,275,275.15,-0.15,45.05,151.08,9,Sufficient,Safe
BAT-001393,2019-01-17,Yogurt,Palle2patnam,kilograms,Refrigerated,Wholesale,2018-12-05,2019-01-04,597.28,52,545,545.28,-0.28,32.95,62.82,-13,Sufficient,Expired
BAT-001395,2021-04-01,Yogurt,Dodla Dairy,kilograms,Frozen,Retail,2021-02-20,2021-03-18,357.27,77,280,280.27,-0.27,98.6,44.61,-14,Sufficient,Expired
BAT-001397,2021-06-27,Yogurt,Mother Dairy,kilograms,Refrigerated,Wholesale,2021-06-12,2021-07-08,973.36,502,471,471.36,-0.36,84.01,71.78,11,Sufficient,Safe
BAT-001399,2019-12-19,Yogurt,Mother Dairy,kilograms,Refrigerated,Wholesale,2019-11-23,2019-12-19,441.02,201,240,240.02,-0.02,73.29,159.69,0,Sufficient,Urgent
BAT-001404,2019-06-06,Yogurt,Dodla Dairy,kilograms,Frozen,Retail,2019-05-17,2019-06-12,767.42,552,215,215.42,-0.42,41.46,129.33,6,Sufficient,Expiring Soon
BAT-001407,2020-02-17,Yogurt,Dodla Dairy,kilograms,Frozen,Online,2020-02-09,2020-03-02,145.38,144,1,1.38,-0.38,29.05,116.16,14,Low Stock,Safe
BAT-001408,2020-02-16,Yogurt,Palle2patnam,kilograms,Frozen,Retail,2020-01-07,2020-02-06,133.47,51,82,82.47,-0.47,34.53,155.61,-10,Sufficient,Expired
BAT-001409,2019-03-17,Yogurt,Dodla Dairy,kilograms,Refrigerated,Retail,2019-01-23,2019-02-22,105.23,50,55,55.23,-0.23,18.51,94.08,-23,Sufficient,Expired
BAT-001411,2019-07-14,Yogurt,Mother Dairy,kilograms,Refrigerated,Retail,2019-06-03,2019-06-24,938.31,893,45,45.31,-0.31,89.02,157.12,-20,Low Stock,Expired
BAT-001412,2022-10-24,Yogurt,Amul,kilograms,Frozen,Online,2022-10-03,2022-10-29,299.19,267,32,32.19,-0.19,76.8,92.3,5,Low Stock,Expiring Soon
BAT-001416,2020-09-09,Yogurt,Amul,kilograms,Refrigerated,Retail,2020-07-31,2020-08-28,250.27,155,95,95.27,-0.27,26.75,177.82,-12,Sufficient,Expired
BAT-001418,2022-05-01,Yogurt,Palle2patnam,kilograms,Frozen,Retail,2022-03-16,2022-04-13,644.26,4,640,640.26,-0.26,77.72,176.16,-18,Sufficient,Expired
BAT-001419,2020-05-04,Yogurt,Mother Dairy,kilograms,Refrigerated,Online,2020-04-22,2020-05-15,10.48,9,1,1.48,-0.48,74.72,93.23,11,Low Stock,Safe
BAT-001428,2019-06-28,Yogurt,Palle2patnam,kilograms,Refrigerated,Wholesale,2019-06-06,2019-07-04,748.13,234,514,514.13,-0.13,40.79,163.28,6,Sufficient,Expiring Soon
BAT-001430,2020-01-16,Yogurt,Palle2patnam,kilograms,Frozen,Retail,2019-12-15,2020-01-12,65.24,36,29,29.24,-0.24,10.21,67.81,-4,Sufficient,Expired
BAT-001432,2020-10-04,Yogurt,Dodla Dairy,kilograms,Frozen,Wholesale,2020-08-12,2020-09-08,53.09,42,11,11.09,-0.09,62.63,29.16,-26,Low Stock,Expired
BAT-001433,2020-03-12,Yogurt,Amul,kilograms,Refrigerated,Retail,2020-01-25,2020-02-19,411.03,390,21,21.03,-0.03,84.08,40.19,-22,Low Stock,Expired
BAT-001434,2022-07-20,Yogurt,Palle2patnam,kilograms,Refrigerated,Wholesale,2022-05-22,2022-06-20,258.32,126,132,132.32,-0.32,63.97,67.58,-30,Sufficient,Expired
BAT-001436,2021-09-26,Yogurt,Mother Dairy,kilograms,Frozen,Online,2021-08-05,2021-09-01,969.41,820,149,149.41,-0.41,22.3,31.28,-25,Sufficient,Expired
BAT-001437,2020-01-03,Yogurt,Amul,kilograms,Refrigerated,Online,2019-12-25,2020-01-18,540.01,52,488,488.01,-0.01,92.02,76.13,15,Sufficient,Safe
BAT-001439,2020-04-13,Yogurt,Dodla Dairy,kilograms,Frozen,Retail,2020-02-17,2020-03-14,608.4,154,454,454.4,-0.4,25.09,30.67,-30,Sufficient,Expired
BAT-001440,2022-07-26,Yogurt,Dodla Dairy,kilograms,Frozen,Online,2022-07-17,2022-08-15,503.17,124,379,379.17,-0.17,96.92,129.58,20,Sufficient,Safe
BAT-001443,2020-04-28,Yogurt,Mother Dairy,kilograms,Refrigerated,Online,2020-03-15,2020-04-06,8.06,5,3,3.06,-0.06,59.9,104.29,-22,Low Stock,Expired
BAT-001445,2019-02-08,Yogurt,Dodla Dairy,kilograms,Refrigerated,Retail,2019-01-04,2019-02-03,636.24,76,560,560.24,-0.24,53.86,26.35,-5,Sufficient,Expired
BAT-001446,2021-01-20,Yogurt,Palle2patnam,kilograms,Refrigerated,Online,2021-01-18,2021-02-14,47.12,18,29,29.12,-0.12,52.38,51.69,25,Low Stock,Safe
BAT-001451,2022-11-21,Yogurt,Mother Dairy,kilograms,Refrigerated,Online,2022-11-18,2022-12-14,453.18,305,148,148.18,-0.18,22.13,45.09,23,Sufficient,Safe
BAT-001452,2019-06-18,Yogurt,Dodla Dairy,kilograms,Refrigerated,Retail,2019-04-28,2019-05-23,401.3,238,163,163.3,-0.3,68.12,54.6,-26,Sufficient,Expired
BAT-001453,2022-06-19,Yogurt,Palle2patnam,kilograms,Frozen,Wholesale,2022-05-14,2022-06-05,106.24,5,101,101.24,-0.24,55.4,94.38,-14,Sufficient,Expired
BAT-001454,2022-11-28,Yogurt,Amul,kilograms,Refrigerated,Retail,2022-11-10,2022-12-07,883.5,17,866,866.5,-0.5,84.76,195.72,9,Sufficient,Safe
BAT-001458,2021-06-05,Yogurt,Palle2patnam,kilograms,Refrigerated,Wholesale,2021-05-16,2021-06-10,300.03,295,5,5.03,-0.03,48.66,117.34,5,Low Stock,Expiring Soon
BAT-001459,2019-04-18,Yogurt,Dodla Dairy,kilograms,Frozen,Online,2019-04-15,2019-05-07,166.44,47,119,119.44,-0.44,90.54,133.29,19,Sufficient,Safe
BAT-001460,2021-05-15,Yogurt,Amul,kilograms,Refrigerated,Online,2021-04-12,2021-05-05,29.3,16,13,13.3,-0.3,32.95,161.33,-10,Low Stock,Expired
BAT-001461,2019-09-07,Yogurt,Dodla Dairy,kilograms,Refrigerated,Online,2019-08-10,2019-09-02,640.47,619,21,21.47,-0.47,30.24,92.6,-5,Low Stock,Expired
BAT-001464,2021-01-28,Yogurt,Mother Dairy,kilograms,Refrigerated,Retail,2020-12-25,2021-01-15,383.46,256,127,127.46,-0.46,34.24,73.01,-13,Sufficient,Expired
BAT-001465,2019-09-08,Yogurt,Palle2patnam,kilograms,Refrigerated,Wholesale,2019-09-04,2019-10-04,211.38,40,171,171.38,-0.38,53.03,79.83,26,Sufficient,Safe
BAT-001467,2020-10-08,Yogurt,Dodla Dairy,kilograms,Frozen,Online,2020-08-29,2020-09-28,719.43,417,302,302.43,-0.43,37.23,55.34,-10,Sufficient,Expired
BAT-001468,2020-07-03,Yogurt,Palle2patnam,kilograms,Frozen,Wholesale,2020-06-27,2020-07-24,212.16,108,104,104.16,-0.16,94.32,146.26,21,Sufficient,Safe
BAT-001469,2021-01-05,Yogurt,Dodla Dairy,kilograms,Frozen,Wholesale,2020-12-27,2021-01-19,157.42,134,23,23.42,-0.42,43.67,125.23,14,Low Stock,Safe
BAT-001473,2019-01-11,Yogurt,Amul,kilograms,Frozen,Retail,2019-01-05,2019-01-27,832.48,325,507,507.48,-0.48,59.4,116.34,16,Sufficient,Safe
BAT-001476,2019-09-09,Yogurt,Amul,kilograms,Frozen,Retail,2019-07-11,2019-08-03,617.41,334,283,283.41,-0.41,27.28,154.94,-37,Sufficient,Expired
BAT-001477,2021-07-12,Yogurt,Mother Dairy,kilograms,Frozen,Retail,2021-05-16,2021-06-14,176.27,175,1,1.27,-0.27,59.82,95.64,-28,Low Stock,Expired
BAT-001479,2020-11-01,Yogurt,Mother Dairy,kilograms,Frozen,Online,2020-09-13,2020-10-10,275.3,175,100,100.3,-0.3,31.4,32.15,-22,Sufficient,Expired
BAT-001484,2020-01-25,Yogurt,Dodla Dairy,kilograms,Refrigerated,Wholesale,2019-11-30,2019-12-23,278.43,200,78,78.43,-0.43,83.59,130.99,-33,Low Stock,Expired
BAT-001485,2022-10-17,Yogurt,Palle2patnam,kilograms,Frozen,Online,2022-09-26,2022-10-23,277.38,196,81,81.38,-0.38,40.14,156.37,6,Sufficient,Expiring Soon
BAT-001488,2022-02-25,Yogurt,Dodla Dairy,kilograms,Frozen,Retail,2022-02-20,2022-03-13,620.36,417,203,203.36,-0.36,57.1,98.66,16,Sufficient,Safe
BAT-001490,2022-12-10,Yogurt,Mother Dairy,kilograms,Refrigerated,Online,2022-12-03,2022-12-27,312.43,5,307,307.43,-0.43,92.79,82.66,17,Sufficient,Safe
BAT-001492,2019-07-26,Yogurt,Amul,kilograms,Frozen,Wholesale,2019-06-08,2019-07-04,301.07,226,75,75.07,-0.07,13.22,136.19,-22,Sufficient,Expired
BAT-001493,2021-10-26,Yogurt,Mother Dairy,kilograms,Refrigerated,Wholesale,2021-09-05,2021-09-27,394.31,159,235,235.31,-0.31,77.47,188.03,-29,Sufficient,Expired
BAT-001496,2021-08-17,Yogurt,Mother Dairy,kilograms,Refrigerated,Online,2021-08-09,2021-08-30,664.07,224,440,440.07,-0.07,79.0,174.18,13,Sufficient,Safe
BAT-001497,2020-02-16,Yogurt,Amul,kilograms,Frozen,Wholesale,2020-01-22,2020-02-20,145.07,84,61,61.07,-0.07,78.16,103.77,4,Low Stock,Expiring Soon
BAT-001498,2020-07-16,Yogurt,Dodla Dairy,kilograms,Refrigerated,Online,2020-06-20,2020-07-11,668.32,105,563,563.32,-0.32,41.99,73.73,-5,Sufficient,Expired
BAT-001499,2021-03-09,Yogurt,Dodla Dairy,kilograms,Frozen,Wholesale,2021-01-16,2021-02-15,433.13,413,20,20.13,-0.13,83.76,30.38,-22,Low Stock,Expired
BAT-001500,2019-07-05,Yogurt,Palle2patnam,kilograms,Refrigerated,Wholesale,2019-05-13,2019-06-04,973.05,592,381,381.05,-0.05,76.99,56.7,-31,Sufficient,Expired
BAT-001502,2022-06-16,Yogurt,Amul,kilograms,Refrigerated,Online,2022-06-01,2022-06-26,763.13,136,627,627.13,-0.13,41.87,90.91,10,Sufficient,Safe
BAT-001505,2020-10-19,Yogurt,Dodla Dairy,kilograms,Refrigerated,Retail,2020-09-05,2020-10-01,549.47,135,414,414.47,-0.47,14.17,89.16,-18,Sufficient,Expired
BAT-001507,2019-03-25,Yogurt,Dodla Dairy,kilograms,Refrigerated,Retail,2019-02-10,2019-03-12,724.27,489,235,235.27,-0.27,48.95,64.87,-13,Sufficient,Expired
BAT-001508,2022-01-21,Yogurt,Mother Dairy,kilograms,Refrigerated,Retail,2021-11-25,2021-12-18,860.39,228,632,632.39,-0.39,29.89,39.06,-34,Sufficient,Expired
BAT-001512,2019-04-25,Yogurt,Amul,kilograms,Frozen,Retail,2019-04-12,2019-05-06,718.41,615,103,103.41,-0.41,34.91,192.67,11,Sufficient,Safe
BAT-001514,2020-11-27,Yogurt,Mother Dairy,kilograms,Frozen,Wholesale,2020-10-07,2020-11-04,353.46,237,116,116.46,-0.46,43.44,51.93,-23,Sufficient,Expired
BAT-001517,2019-09-26,Yogurt,Dodla Dairy,kilograms,Frozen,Wholesale,2019-09-09,2019-10-04,30.1,9,21,21.1,-0.1,17.0,126.16,8,Sufficient,Safe
BAT-001518,2022-01-16,Yogurt,Dodla Dairy,kilograms,Frozen,Retail,2022-01-06,2022-01-30,612.4,58,554,554.4,-0.4,19.97,96.86,14,Sufficient,Safe
BAT-001519,2020-12-26,Yogurt,Mother Dairy,kilograms,Refrigerated,Retail,2020-11-08,2020-12-08,253.26,76,177,177.26,-0.26,67.52,178.24,-18,Sufficient,Expired
BAT-001522,2019-04-13,Yogurt,Palle2patnam,kilograms,Refrigerated,Retail,2019-02-22,2019-03-24,342.49,101,241,241.49,-0.49,79.76,22.98,-20,Sufficient,Expired
BAT-001523,2019-10-11,Yogurt,Amul,kilograms,Refrigerated,Retail,2019-08-18,2019-09-12,86.08,52,34,34.08,-0.08,18.5,126.01,-29,Sufficient,Expired
BAT-001524,2019-11-20,Yogurt,Dodla Dairy,kilograms,Refrigerated,Wholesale,2019-10-09,2019-11-01,437.02,98,339,339.02,-0.02,15.39,106.17,-19,Sufficient,Expired
BAT-001525,2022-08-12,Yogurt,Palle2patnam,kilograms,Frozen,Wholesale,2022-06-30,2022-07-29,580.07,86,494,494.07,-0.07,29.24,128.21,-14,Sufficient,Expired
BAT-001526,2020-01-07,Yogurt,Mother Dairy,kilograms,Frozen,Wholesale,2019-11-30,2019-12-22,103.44,4,99,99.44,-0.44,49.55,80.14,-16,Sufficient,Expired
BAT-001530,2021-12-08,Yogurt,Palle2patnam,kilograms,Refrigerated,Online,2021-11-13,2021-12-11,943.23,541,402,402.23,-0.23,60.48,43.42,3,Sufficient,Urgent
BAT-001531,2022-02-19,Yogurt,Amul,kilograms,Refrigerated,Wholesale,2022-01-13,2022-02-09,47.15,10,37,37.15,-0.15,42.55,147.28,-10,Low Stock,Expired
BAT-001532,2019-07-13,Yogurt,Amul,kilograms,Frozen,Retail,2019-06-01,2019-06-24,948.06,16,932,932.06,-0.06,87.99,63.4,-19,Sufficient,Expired
BAT-001533,2022-05-10,Yogurt,Dodla Dairy,kilograms,Frozen,Online,2022-03-30,2022-04-25,775.42,173,602,602.42,-0.42,66.02,134.2,-15,Sufficient,Expired
BAT-001534,2021-06-12,Yogurt,Mother Dairy,kilograms,Refrigerated,Retail,2021-04-25,2021-05-17,579.2,313,266,266.2,-0.2,20.16,31.44,-26,Sufficient,Expired
BAT-001535,2021-10-03,Yogurt,Palle2patnam,kilograms,Refrigerated,Wholesale,2021-09-24,2021-10-22,947.02,346,601,601.02,-0.02,21.72,154.2,19,Sufficient,Safe
BAT-001538,2020-07-01,Yogurt,Palle2patnam,kilograms,Refrigerated,Retail,2020-06-14,2020-07-09,306.0,95,211,211.0,0.0,18.38,37.9,8,Sufficient,Safe
BAT-001539,2022-04-12,Yogurt,Palle2patnam,kilograms,Refrigerated,Wholesale,2022-03-18,2022-04-14,991.21,253,738,738.21,-0.21,72.12,22.87,2,Sufficient,Urgent
BAT-001540,2022-05-06,Yogurt,Amul,kilograms,Refrigerated,Retail,2022-04-11,2022-05-05,589.0,158,431,431.0,0.0,14.23,126.54,-1,Sufficient,Expired
BAT-001543,2022-03-17,Yogurt,Mother Dairy,kilograms,Refrigerated,Wholesale,2022-03-14,2022-04-12,54.02,32,22,22.02,-0.02,79.69,137.54,26,Low Stock,Safe
BAT-001549,2022-11-23,Yogurt,Mother Dairy,kilograms,Refrigerated,Online,2022-10-21,2022-11-13,328.34,184,144,144.34,-0.34,17.81,151.19,-10,Sufficient,Expired
BAT-001550,2019-03-03,Yogurt,Dodla Dairy,kilograms,Refrigerated,Wholesale,2019-01-06,2019-02-02,295.2,61,234,234.2,-0.2,85.76,116.98,-29,Sufficient,Expired
BAT-001551,2020-06-09,Yogurt,Palle2patnam,kilograms,Refrigerated,Retail,2020-04-17,2020-05-15,41.25,6,35,35.25,-0.25,85.92,95.36,-25,Low Stock,Expired
BAT-001556,2021-09-07,Yogurt,Palle2patnam,kilograms,Refrigerated,Wholesale,2021-08-12,2021-09-10,694.01,572,122,122.01,-0.01,18.99,187.63,3,Sufficient,Urgent
BAT-001559,2019-05-18,Yogurt,Mother Dairy,kilograms,Refrigerated,Retail,2019-04-17,2019-05-11,125.36,55,70,70.36,-0.36,26.13,192.17,-7,Sufficient,Expired
BAT-001560,2022-12-06,Yogurt,Palle2patnam,kilograms,Frozen,Online,2022-11-05,2022-11-26,591.28,314,277,277.28,-0.28,62.74,80.06,-10,Sufficient,Expired
BAT-001561,2021-08-21,Yogurt,Mother Dairy,kilograms,Refrigerated,Wholesale,2021-07-16,2021-08-11,465.41,359,106,106.41,-0.41,15.86,166.83,-10,Sufficient,Expired
BAT-001562,2020-12-10,Yogurt,Dodla Dairy,kilograms,Refrigerated,Wholesale,2020-11-02,2020-11-27,329.32,138,191,191.32,-0.32,78.57,59.5,-13,Sufficient,Expired
BAT-001563,2021-09-10,Yogurt,Palle2patnam,kilograms,Refrigerated,Online,2021-07-23,2021-08-18,469.01,283,186,186.01,-0.01,45.35,190.75,-23,Sufficient,Expired
BAT-001564,2020-02-10,Yogurt,Amul,kilograms,Frozen,Wholesale,2020-02-01,2020-03-01,669.01,501,168,168.01,-0.01,91.41,167.14,20,Sufficient,Safe
BAT-001565,2020-09-28,Yogurt,Amul,kilograms,Refrigerated,Wholesale,2020-09-18,2020-10-16,802.14,558,244,244.14,-0.14,20.59,198.68,18,Sufficient,Safe
BAT-001568,2019-08-10,Yogurt,Amul,kilograms,Refrigerated,Wholesale,2019-07-22,2019-08-12,373.36,355,18,18.36,-0.36,49.49,155.22,2,Low Stock,Urgent
BAT-001573,2020-12-20,Yogurt,Amul,kilograms,Frozen,Retail,2020-11-18,2020-12-10,479.44,219,260,260.44,-0.44,77.9,92.44,-10,Sufficient,Expired
BAT-001574,2019-09-08,Yogurt,Palle2patnam,kilograms,Frozen,Retail,2019-08-30,2019-09-28,754.2,10,744,744.2,-0.2,48.76,87.01,20,Sufficient,Safe
BAT-001576,2021-03-18,Yogurt,Palle2patnam,kilograms,Refrigerated,Online,2021-02-26,2021-03-26,97.19,53,44,44.19,-0.19,23.1,105.15,8,Sufficient,Safe
BAT-001581,2021-03-07,Yogurt,Dodla Dairy,kilograms,Frozen,Wholesale,2021-03-06,2021-03-29,732.04,417,315,315.04,-0.04,58.85,153.46,22,Sufficient,Safe
BAT-001582,2020-09-22,Yogurt,Palle2patnam,kilograms,Frozen,Wholesale,2020-08-18,2020-09-08,973.39,326,647,647.39,-0.39,87.75,159.12,-14,Sufficient,Expired
BAT-001584,2022-01-22,Yogurt,Dodla Dairy,kilograms,Frozen,Retail,2021-12-05,2022-01-02,617.19,144,473,473.19,-0.19,12.71,131.48,-20,Sufficient,Expired
BAT-001586,2021-11-28,Yogurt,Palle2patnam,kilograms,Frozen,Online,2021-11-09,2021-12-09,173.03,131,42,42.03,-0.03,10.63,46.14,11,Sufficient,Safe
BAT-001588,2022-05-15,Yogurt,Mother Dairy,kilograms,Frozen,Wholesale,2022-04-04,2022-05-03,899.27,413,486,486.27,-0.27,91.17,110.07,-12,Sufficient,Expired
BAT-001589,2019-10-09,Yogurt,Palle2patnam,kilograms,Frozen,Wholesale,2019-09-15,2019-10-08,15.29,6,9,9.29,-0.29,14.59,68.2,-1,Low Stock,Expired
BAT-001590,2021-09-24,Yogurt,Amul,kilograms,Refrigerated,Retail,2021-08-29,2021-09-19,48.5,23,25,25.5,-0.5,36.99,105.92,-5,Low Stock,Expired
BAT-001591,2021-06-27,Yogurt,Dodla Dairy,kilograms,Frozen,Wholesale,2021-05-12,2021-06-10,992.4,861,131,131.4,-0.4,14.22,168.04,-17,Sufficient,Expired
BAT-001594,2019-11-26,Yogurt,Dodla Dairy,kilograms,Refrigerated,Wholesale,2019-11-22,2019-12-17,892.27,112,780,780.27,-0.27,79.74,48.46,21,Sufficient,Safe
BAT-001597,2019-04-08,Yogurt,Mother Dairy,kilograms,Refrigerated,Retail,2019-03-16,2019-04-15,917.28,6,911,911.28,-0.28,89.64,46.65,7,Sufficient,Expiring Soon
BAT-001598,2020-08-04,Yogurt,Mother Dairy,kilograms,Frozen,Wholesale,2020-06-14,2020-07-12,643.35,320,323,323.35,-0.35,25.65,182.51,-23,Sufficient,Expired
BAT-001599,2019-01-11,Yogurt,Palle2patnam,kilograms,Refrigerated,Wholesale,2019-01-04,2019-01-25,22.08,1,21,21.08,-0.08,32.34,70.43,14,Low Stock,Safe
BAT-001601,2019-06-28,Yogurt,Dodla Dairy,kilograms,Refrigerated,Retail,2019-05-28,2019-06-19,258.37,31,227,227.37,-0.37,77.98,182.29,-9,Sufficient,Expired
BAT-001603,2020-11-08,Yogurt,Amul,kilograms,Refrigerated,Online,2020-09-29,2020-10-29,297.12,134,163,163.12,-0.12,40.28,42.76,-10,Sufficient,Expired
BAT-001605,2022-06-26,Yogurt,Mother Dairy,kilograms,Frozen,Retail,2022-06-22,2022-07-16,730.46,355,375,375.46,-0.46,77.6,41.06,20,Sufficient,Safe
BAT-001606,2021-05-07,Yogurt,Mother Dairy,kilograms,Refrigerated,Wholesale,2021-03-11,2021-04-01,568.2,64,504,504.2,-0.2,23.35,47.13,-36,Sufficient,Expired
BAT-001610,2019-08-02,Yogurt,Amul,kilograms,Frozen,Wholesale,2019-07-29,2019-08-25,457.01,90,367,367.01,-0.01,32.86,119.2,23,Sufficient,Safe
BAT-001611,2022-01-21,Yogurt,Amul,kilograms,Frozen,Retail,2021-12-21,2022-01-14,350.08,226,124,124.08,-0.08,44.44,30.96,-7,Sufficient,Expired
BAT-001612,2021-04-17,Yogurt,Dodla Dairy,kilograms,Frozen,Online,2021-02-28,2021-03-25,342.08,131,211,211.08,-0.08,77.91,185.02,-23,Sufficient,Expired
BAT-001614,2021-08-18,Yogurt,Palle2patnam,kilograms,Refrigerated,Online,2021-06-28,2021-07-21,488.09,466,22,22.09,-0.09,66.39,183.17,-28,Low Stock,Expired
BAT-001617,2021-03-07,Yogurt,Dodla Dairy,kilograms,Frozen,Online,2021-02-11,2021-03-05,868.13,458,410,410.13,-0.13,28.31,79.08,-2,Sufficient,Expired
BAT-001618,2021-05-22,Yogurt,Palle2patnam,kilograms,Refrigerated,Retail,2021-05-12,2021-06-11,977.17,890,87,87.17,-0.17,64.55,76.02,20,Sufficient,Safe
BAT-001619,2021-04-01,Yogurt,Mother Dairy,kilograms,Refrigerated,Retail,2021-02-15,2021-03-16,462.1,224,238,238.1,-0.1,24.85,117.69,-16,Sufficient,Expired
BAT-001620,2020-08-23,Yogurt,Amul,kilograms,Refrigerated,Retail,2020-07-25,2020-08-23,198.24,181,17,17.24,-0.24,58.6,67.34,0,Low Stock,Urgent
BAT-001622,2020-09-19,Yogurt,Dodla Dairy,kilograms,Frozen,Wholesale,2020-09-03,2020-10-01,61.42,58,3,3.42,-0.42,16.41,124.48,12,Low Stock,Safe
BAT-001623,2022-01-24,Yogurt,Dodla Dairy,kilograms,Refrigerated,Retail,2022-01-08,2022-01-31,809.23,753,56,56.23,-0.23,29.7,124.78,7,Sufficient,Expiring Soon
BAT-001624,2021-01-23,Yogurt,Amul,kilograms,Refrigerated,Wholesale,2021-01-18,2021-02-14,228.11,181,47,47.11,-0.11,97.5,99.18,22,Low Stock,Safe
BAT-001626,2022-08-11,Yogurt,Dodla Dairy,kilograms,Frozen,Wholesale,2022-07-29,2022-08-24,532.02,97,435,435.02,-0.02,91.33,112.6,13,Sufficient,Safe
BAT-001627,2022-06-28,Yogurt,Palle2patnam,kilograms,Refrigerated,Wholesale,2022-04-29,2022-05-24,886.1,591,295,295.1,-0.1,66.05,95.35,-35,Sufficient,Expired
BAT-001630,2022-08-17,Yogurt,Palle2patnam,kilograms,Refrigerated,Wholesale,2022-06-20,2022-07-20,460.26,45,415,415.26,-0.26,93.49,181.68,-28,Sufficient,Expired
BAT-001632,2022-04-07,Yogurt,Amul,kilograms,Refrigerated,Retail,2022-02-10,2022-03-07,876.16,478,398,398.16,-0.16,96.94,156.65,-31,Sufficient,Expired
BAT-001633,2022-08-19,Yogurt,Dodla Dairy,kilograms,Refrigerated,Wholesale,2022-07-13,2022-08-12,70.01,16,54,54.01,-0.01,90.3,100.46,-7,Low Stock,Expired
BAT-001635,2021-05-08,Yogurt,Palle2patnam,kilograms,Refrigerated,Online,2021-04-25,2021-05-19,229.39,182,47,47.39,-0.39,34.51,193.21,11,Sufficient,Safe
BAT-001637,2020-06-05,Yogurt,Mother Dairy,kilograms,Refrigerated,Retail,2020-04-17,2020-05-14,301.39,156,145,145.39,-0.39,38.7,104.32,-22,Sufficient,Expired
BAT-001640,2020-04-20,Yogurt,Amul,kilograms,Refrigerated,Retail,2020-03-05,2020-03-27,601.43,477,124,124.43,-0.43,24.77,171.03,-24,Sufficient,Expired
BAT-001643,2021-06-26,Yogurt,Palle2patnam,kilograms,Refrigerated,Wholesale,2021-06-07,2021-07-03,714.38,435,279,279.38,-0.38,17.3,99.21,7,Sufficient,Expiring Soon
BAT-001644,2021-06-09,Yogurt,Amul,kilograms,Frozen,Online,2021-05-24,2021-06-15,648.5,207,441,441.5,-0.5,14.0,188.55,6,Sufficient,Expiring Soon
BAT-001646,2022-05-13,Yogurt,Dodla Dairy,kilograms,Refrigerated,Wholesale,2022-05-09,2022-06-06,816.23,1,815,815.23,-0.23,29.17,149.84,24,Sufficient,Safe
BAT-001648,2021-03-18,Yogurt,Mother Dairy,kilograms,Frozen,Online,2021-02-28,2021-03-25,498.06,372,126,126.06,-0.06,17.99,62.07,7,Sufficient,Expiring Soon
BAT-001649,2020-04-01,Yogurt,Dodla Dairy,kilograms,Refrigerated,Retail,2020-03-09,2020-04-01,906.38,338,568,568.38,-0.38,55.71,171.07,0,Sufficient,Urgent
BAT-001650,2022-04-23,Yogurt,Amul,kilograms,Refrigerated,Retail,2022-03-04,2022-03-27,922.15,298,624,624.15,-0.15,78.75,150.85,-27,Sufficient,Expired
BAT-001652,2020-03-11,Yogurt,Dodla Dairy,kilograms,Refrigerated,Wholesale,2020-01-15,2020-02-07,720.03,489,231,231.03,-0.03,33.89,180.37,-33,Sufficient,Expired
BAT-001653,2021-01-23,Yogurt,Mother Dairy,kilograms,Refrigerated,Wholesale,2021-01-18,2021-02-11,398.21,190,208,208.21,-0.21,76.23,91.78,19,Sufficient,Safe
BAT-001654,2021-02-04,Yogurt,Palle2patnam,kilograms,Frozen,Wholesale,2021-02-01,2021-02-22,713.46,557,156,156.46,-0.46,81.17,197.1,18,Sufficient,Safe
BAT-001658,2022-06-27,Yogurt,Amul,kilograms,Frozen,Wholesale,2022-05-24,2022-06-14,275.47,152,123,123.47,-0.47,34.74,78.29,-13,Sufficient,Expired
BAT-001660,2020-03-02,Yogurt,Palle2patnam,kilograms,Refrigerated,Online,2020-01-26,2020-02-24,856.04,573,283,283.04,-0.04,62.79,133.28,-7,Sufficient,Expired
BAT-001661,2022-04-27,Yogurt,Palle2patnam,kilograms,Refrigerated,Retail,2022-03-08,2022-04-01,110.34,76,34,34.34,-0.34,59.67,130.3,-26,Low Stock,Expired
BAT-001662,2019-09-07,Yogurt,Amul,kilograms,Frozen,Retail,2019-07-11,2019-08-05,311.19,97,214,214.19,-0.19,87.26,60.79,-33,Sufficient,Expired
BAT-001665,2020-07-22,Yogurt,Mother Dairy,kilograms,Frozen,Wholesale,2020-07-05,2020-07-27,429.46,218,211,211.46,-0.46,86.85,79.45,5,Sufficient,Expiring Soon
BAT-001667,2019-10-19,Yogurt,Mother Dairy,kilograms,Refrigerated,Retail,2019-09-19,2019-10-17,946.01,291,655,655.01,-0.01,99.88,156.76,-2,Sufficient,Expired
BAT-001668,2019-05-22,Yogurt,Amul,kilograms,Frozen,Wholesale,2019-04-09,2019-04-30,259.35,57,202,202.35,-0.35,88.4,74.82,-22,Sufficient,Expired
BAT-001669,2020-04-03,Yogurt,Amul,kilograms,Frozen,Retail,2020-04-01,2020-04-24,868.44,93,775,775.44,-0.44,74.43,78.08,21,Sufficient,Safe
BAT-001670,2019-09-28,Yogurt,Amul,kilograms,Frozen,Online,2019-09-10,2019-10-03,28.45,4,24,24.45,-0.45,31.33,78.17,5,Low Stock,Expiring Soon
BAT-001671,2020-02-18,Yogurt,Amul,kilograms,Frozen,Retail,2020-02-06,2020-03-06,876.06,36,840,840.06,-0.06,58.79,47.88,17,Sufficient,Safe
BAT-001672,2021-01-04,Yogurt,Amul,kilograms,Frozen,Retail,2020-12-15,2021-01-10,72.2,6,66,66.2,-0.2,77.32,73.06,6,Low Stock,Expiring Soon
BAT-001673,2021-02-24,Yogurt,Palle2patnam,kilograms,Refrigerated,Wholesale,2021-02-10,2021-03-06,420.2,46,374,374.2,-0.2,57.39,166.91,10,Sufficient,Safe
BAT-001674,2020-12-01,Yogurt,Dodla Dairy,kilograms,Frozen,Wholesale,2020-11-22,2020-12-16,215.36,90,125,125.36,-0.36,88.15,74.44,15,Sufficient,Safe
BAT-001682,2020-01-16,Yogurt,Amul,kilograms,Refrigerated,Retail,2019-12-27,2020-01-19,534.26,303,231,231.26,-0.26,22.12,20.02,3,Sufficient,Urgent
BAT-001683,2021-08-09,Yogurt,Mother Dairy,kilograms,Refrigerated,Retail,2021-06-14,2021-07-08,688.06,191,497,497.06,-0.06,62.36,188.33,-32,Sufficient,Expired
BAT-001684,2019-04-07,Yogurt,Amul,kilograms,Frozen,Online,2019-03-10,2019-04-09,98.1,79,19,19.1,-0.1,47.47,28.35,2,Low Stock,Urgent
BAT-001685,2019-01-07,Yogurt,Palle2patnam,kilograms,Frozen,Retail,2018-12-09,2019-01-03,27.43,2,25,25.43,-0.43,25.05,72.67,-4,Low Stock,Expired
BAT-001687,2022-08-14,Yogurt,Palle2patnam,kilograms,Refrigerated,Online,2022-07-27,2022-08-18,528.39,519,9,9.39,-0.39,46.17,161.21,4,Low Stock,Expiring Soon
BAT-001689,2022-03-28,Yogurt,Amul,kilograms,Refrigerated,Online,2022-03-07,2022-04-03,731.07,495,236,236.07,-0.07,24.12,192.58,6,Sufficient,Expiring Soon
BAT-001690,2022-10-09,Yogurt,Mother Dairy,kilograms,Refrigerated,Retail,2022-09-06,2022-10-06,592.23,340,252,252.23,-0.23,58.49,148.3,-3,Sufficient,Expired
BAT-001697,2020-04-01,Yogurt,Palle2patnam,kilograms,Refrigerated,Wholesale,2020-02-18,2020-03-13,810.43,82,728,728.43,-0.43,70.3,195.29,-19,Sufficient,Expired
BAT-001698,2022-05-14,Yogurt,Palle2patnam,kilograms,Refrigerated,Retail,2022-03-22,2022-04-14,818.33,68,750,750.33,-0.33,87.41,114.37,-30,Sufficient,Expired
BAT-001699,2022-02-17,Ice Cream,Dodla Dairy,liters,Frozen,Wholesale,2021-12-27,2022-01-21,222.4,7,215,215.4,-0.4,19.55,64.03,-27,Sufficient,Expired
BAT-001700,2019-12-26,Ice Cream,Mother Dairy,liters,Frozen,Online,2019-12-15,2020-01-09,612.16,80,532,532.16,-0.16,47.95,198.99,14,Sufficient,Safe
BAT-001703,2021-03-08,Ice Cream,Dodla Dairy,liters,Frozen,Online,2021-03-03,2021-04-01,351.11,305,46,46.11,-0.11,51.48,147.89,24,Low Stock,Safe
BAT-001708,2020-02-20,Ice Cream,Mother Dairy,liters,Frozen,Retail,2020-01-28,2020-02-22,249.49,180,69,69.49,-0.49,20.13,90.92,2,Sufficient,Urgent
BAT-001709,2022-07-04,Ice Cream,Palle2patnam,liters,Frozen,Online,2022-05-27,2022-06-19,653.12,148,505,505.12,-0.12,85.4,100.04,-15,Sufficient,Expired
BAT-001714,2020-11-26,Ice Cream,Mother Dairy,liters,Frozen,Online,2020-10-05,2020-11-04,288.12,63,225,225.12,-0.12,46.33,99.29,-22,Sufficient,Expired
BAT-001715,2022-07-22,Ice Cream,Amul,liters,Frozen,Retail,2022-06-30,2022-07-26,648.17,155,493,493.17,-0.17,41.66,165.89,4,Sufficient,Expiring Soon
BAT-001716,2019-06-03,Ice Cream,Palle2patnam,liters,Frozen,Retail,2019-05-10,2019-06-02,475.07,218,257,257.07,-0.07,63.98,115.99,-1,Sufficient,Expired
BAT-001719,2021-11-08,Ice Cream,Dodla Dairy,liters,Frozen,Wholesale,2021-09-16,2021-10-13,67.1,18,49,49.1,-0.1,15.05,167.46,-26,Sufficient,Expired
BAT-001721,2019-03-13,Ice Cream,Mother Dairy,liters,Frozen,Wholesale,2019-02-13,2019-03-14,233.35,202,31,31.35,-0.35,88.78,113.41,1,Low Stock,Urgent
BAT-001723,2019-02-11,Ice Cream,Palle2patnam,liters,Frozen,Online,2018-12-19,2019-01-09,663.41,114,549,549.41,-0.41,66.49,160.74,-33,Sufficient,Expired
BAT-001725,2021-04-14,Ice Cream,Amul,liters,Frozen,Online,2021-04-11,2021-05-08,865.02,277,588,588.02,-0.02,25.15,122.39,24,Sufficient,Safe
BAT-001727,2019-11-10,Ice Cream,Amul,liters,Frozen,Retail,2019-10-09,2019-11-07,14.21,3,11,11.21,-0.21,22.33,40.04,-3,Low Stock,Expired
BAT-001728,2019-06-07,Ice Cream,Palle2patnam,liters,Frozen,Retail,2019-04-24,2019-05-24,338.48,335,3,3.48,-0.48,23.24,47.46,-14,Low Stock,Expired
BAT-001730,2020-02-20,Ice Cream,Amul,liters,Frozen,Retail,2020-01-27,2020-02-18,987.05,581,406,406.05,-0.05,29.93,95.22,-2,Sufficient,Expired
BAT-001733,2021-11-21,Ice Cream,Mother Dairy,liters,Frozen,Online,2021-11-10,2021-12-04,458.33,78,380,380.33,-0.33,77.21,125.94,13,Sufficient,Safe
BAT-001734,2019-05-06,Ice Cream,Amul,liters,Frozen,Wholesale,2019-03-25,2019-04-16,677.43,206,471,471.43,-0.43,69.18,123.46,-20,Sufficient,Expired
BAT-001735,2022-01-06,Ice Cream,Dodla Dairy,liters,Frozen,Retail,2021-11-22,2021-12-18,944.42,789,155,155.42,-0.42,19.37,117.82,-19,Sufficient,Expired
BAT-001738,2021-12-12,Ice Cream,Mother Dairy,liters,Frozen,Retail,2021-10-29,2021-11-24,882.26,784,98,98.26,-0.26,58.62,112.07,-18,Sufficient,Expired
BAT-001739,2020-04-16,Ice Cream,Amul,liters,Frozen,Retail,2020-03-10,2020-04-08,931.27,117,814,814.27,-0.27,91.86,110.63,-8,Sufficient,Expired
BAT-001740,2020-05-06,Ice Cream,Mother Dairy,liters,Frozen,Retail,2020-04-21,2020-05-20,526.15,364,162,162.15,-0.15,13.53,73.01,14,Sufficient,Safe
BAT-001741,2020-12-25,Ice Cream,Mother Dairy,liters,Frozen,Wholesale,2020-10-26,2020-11-22,449.4,261,188,188.4,-0.4,55.56,30.41,-33,Sufficient,Expired
BAT-001742,2021-03-16,Ice Cream,Mother Dairy,liters,Frozen,Retail,2021-03-12,2021-04-10,739.0,381,358,358.0,0.0,71.88,66.44,25,Sufficient,Safe
BAT-001743,2022-01-02,Ice Cream,Amul,liters,Frozen,Online,2021-11-18,2021-12-15,367.48,207,160,160.48,-0.48,82.46,84.81,-18,Sufficient,Expired
BAT-001744,2022-05-16,Ice Cream,Dodla Dairy,liters,Frozen,Wholesale,2022-05-04,2022-06-03,241.11,57,184,184.11,-0.11,50.08,27.55,18,Sufficient,Safe
BAT-001746,2019-02-21,Ice Cream,Dodla Dairy,liters,Frozen,Wholesale,2019-01-13,2019-02-11,314.31,143,171,171.31,-0.31,89.1,45.01,-10,Sufficient,Expired
BAT-001748,2020-02-01,Ice Cream,Palle2patnam,liters,Frozen,Online,2020-01-03,2020-01-25,426.03,134,292,292.03,-0.03,43.82,126.07,-7,Sufficient,Expired
BAT-001749,2022-09-23,Ice Cream,Amul,liters,Frozen,Wholesale,2022-09-22,2022-10-15,953.01,465,488,488.01,-0.01,85.98,109.6,22,Sufficient,Safe
BAT-001751,2021-06-27,Ice Cream,Amul,liters,Frozen,Wholesale,2021-06-02,2021-06-30,894.2,879,15,15.2,-0.2,25.01,119.87,3,Low Stock,Urgent
BAT-001752,2020-04-20,Ice Cream,Dodla Dairy,liters,Frozen,Online,2020-02-28,2020-03-29,341.06,26,315,315.06,-0.06,72.93,41.06,-22,Sufficient,Expired
BAT-001754,2021-09-18,Ice Cream,Mother Dairy,liters,Frozen,Wholesale,2021-08-10,2021-09-05,670.12,19,651,651.12,-0.12,75.52,147.91,-13,Sufficient,Expired
BAT-001755,2021-10-08,Ice Cream,Dodla Dairy,liters,Frozen,Retail,2021-08-22,2021-09-16,72.31,52,20,20.31,-0.31,78.27,83.78,-22,Low Stock,Expired
BAT-001756,2019-01-06,Ice Cream,Dodla Dairy,liters,Frozen,Online,2018-11-07,2018-12-07,421.0,404,17,17.0,0.0,47.9,102.95,-30,Low Stock,Expired
BAT-001760,2022-01-20,Ice Cream,Palle2patnam,liters,Frozen,Wholesale,2021-12-04,2021-12-27,128.27,39,89,89.27,-0.27,96.53,140.41,-24,Low Stock,Expired
BAT-001761,2021-05-01,Ice Cream,Dodla Dairy,liters,Frozen,Retail,2021-04-06,2021-05-02,8.0,4,4,4.0,0.0,35.08,63.24,1,Low Stock,Urgent
BAT-001762,2022-06-16,Ice Cream,Amul,liters,Frozen,Retail,2022-06-12,2022-07-03,530.09,216,314,314.09,-0.09,27.29,125.17,17,Sufficient,Safe
BAT-001764,2021-05-11,Ice Cream,Amul,liters,Frozen,Wholesale,2021-04-14,2021-05-07,399.0,114,285,285.0,0.0,11.21,170.98,-4,Sufficient,Expired
BAT-001766,2021-12-28,Ice Cream,Amul,liters,Frozen,Online,2021-11-06,2021-12-02,506.13,270,236,236.13,-0.13,54.44,84.51,-26,Sufficient,Expired
BAT-001768,2020-06-09,Ice Cream,Mother Dairy,liters,Frozen,Online,2020-04-27,2020-05-26,285.29,185,100,100.29,-0.29,34.0,44.44,-14,Sufficient,Expired
BAT-001769,2020-09-14,Ice Cream,Palle2patnam,liters,Frozen,Retail,2020-07-27,2020-08-21,690.18,64,626,626.18,-0.18,60.01,60.98,-24,Sufficient,Expired
BAT-001772,2021-10-23,Ice Cream,Palle2patnam,liters,Frozen,Retail,2021-09-06,2021-10-01,615.01,399,216,216.01,-0.01,83.37,161.06,-22,Sufficient,Expired
BAT-001775,2019-08-06,Ice Cream,Palle2patnam,liters,Frozen,Online,2019-06-25,2019-07-16,232.16,196,36,36.16,-0.16,10.32,111.56,-21,Sufficient,Expired
BAT-001776,2022-07-18,Ice Cream,Palle2patnam,liters,Frozen,Wholesale,2022-06-14,2022-07-07,204.1,98,106,106.1,-0.1,29.77,25.36,-11,Sufficient,Expired
BAT-001779,2020-06-14,Ice Cream,Dodla Dairy,liters,Frozen,Retail,2020-06-11,2020-07-11,848.03,441,407,407.03,-0.03,87.6,107.27,27,Sufficient,Safe
BAT-001780,2020-12-03,Ice Cream,Amul,liters,Frozen,Wholesale,2020-12-02,2020-12-25,850.47,659,191,191.47,-0.47,21.76,22.55,22,Sufficient,Safe
BAT-001782,2021-08-09,Ice Cream,Amul,liters,Frozen,Wholesale,2021-07-21,2021-08-11,988.41,757,231,231.41,-0.41,90.35,163.41,2,Sufficient,Urgent
BAT-001783,2019-11-05,Ice Cream,Palle2patnam,liters,Frozen,Retail,2019-09-18,2019-10-15,460.37,17,443,443.37,-0.37,88.35,73.04,-21,Sufficient,Expired
BAT-001784,2021-08-28,Ice Cream,Dodla Dairy,liters,Frozen,Retail,2021-07-20,2021-08-10,169.36,72,97,97.36,-0.36,82.75,44.19,-18,Sufficient,Expired
BAT-001791,2021-02-26,Ice Cream,Mother Dairy,liters,Frozen,Online,2021-01-05,2021-01-30,980.29,315,665,665.29,-0.29,41.52,143.92,-27,Sufficient,Expired
BAT-001793,2020-02-16,Ice Cream,Mother Dairy,liters,Frozen,Online,2019-12-26,2020-01-21,439.0,55,384,384.0,0.0,81.26,171.04,-26,Sufficient,Expired
BAT-001794,2021-09-15,Ice Cream,Amul,liters,Frozen,Wholesale,2021-08-29,2021-09-20,254.46,75,179,179.46,-0.46,62.47,161.81,5,Sufficient,Expiring Soon
BAT-001798,2019-07-09,Ice Cream,Mother Dairy,liters,Frozen,Retail,2019-06-28,2019-07-20,34.25,15,19,19.25,-0.25,34.08,80.79,11,Low Stock,Safe
BAT-001799,2019-06-06,Ice Cream,Amul,liters,Frozen,Wholesale,2019-04-30,2019-05-24,337.04,205,132,132.04,-0.04,40.98,139.86,-13,Sufficient,Expired
BAT-001800,2022-06-02,Ice Cream,Palle2patnam,liters,Frozen,Retail,2022-04-16,2022-05-10,831.19,667,164,164.19,-0.19,72.07,120.19,-23,Sufficient,Expired
BAT-001801,2020-10-07,Ice Cream,Palle2patnam,liters,Frozen,Online,2020-09-01,2020-09-29,911.07,811,100,100.07,-0.07,93.82,135.17,-8,Sufficient,Expired
BAT-001802,2022-03-14,Ice Cream,Mother Dairy,liters,Frozen,Wholesale,2022-03-06,2022-03-30,675.45,292,383,383.45,-0.45,80.51,102.34,16,Sufficient,Safe
BAT-001805,2019-10-24,Ice Cream,Mother Dairy,liters,Frozen,Wholesale,2019-10-17,2019-11-16,752.39,495,257,257.39,-0.39,10.19,66.2,23,Sufficient,Safe
BAT-001808,2019-11-24,Ice Cream,Amul,liters,Frozen,Retail,2019-10-28,2019-11-22,683.43,244,439,439.43,-0.43,60.1,182.92,-2,Sufficient,Expired
BAT-001810,2020-12-06,Ice Cream,Amul,liters,Frozen,Wholesale,2020-10-10,2020-11-06,502.33,244,258,258.33,-0.33,23.64,176.29,-30,Sufficient,Expired
BAT-001811,2019-09-16,Ice Cream,Palle2patnam,liters,Frozen,Retail,2019-09-06,2019-10-01,875.37,571,304,304.37,-0.37,46.42,105.45,15,Sufficient,Safe
BAT-001812,2019-07-25,Ice Cream,Mother Dairy,liters,Frozen,Online,2019-07-10,2019-08-08,641.05,169,472,472.05,-0.05,31.64,120.77,14,Sufficient,Safe
BAT-001813,2022-06-25,Ice Cream,Palle2patnam,liters,Frozen,Retail,2022-05-26,2022-06-19,818.48,588,230,230.48,-0.48,95.1,115.53,-6,Sufficient,Expired
BAT-001815,2022-05-20,Ice Cream,Mother Dairy,liters,Frozen,Online,2022-04-18,2022-05-09,127.43,71,56,56.43,-0.43,45.89,178.41,-11,Sufficient,Expired
BAT-001816,2020-09-22,Ice Cream,Mother Dairy,liters,Frozen,Retail,2020-09-14,2020-10-14,37.01,27,10,10.01,-0.01,21.31,34.86,22,Low Stock,Safe
BAT-001817,2020-04-21,Ice Cream,Mother Dairy,liters,Frozen,Retail,2020-04-19,2020-05-17,499.13,240,259,259.13,-0.13,41.25,47.84,26,Sufficient,Safe
BAT-001819,2021-03-15,Ice Cream,Palle2patnam,liters,Frozen,Online,2021-02-16,2021-03-15,704.0,386,318,318.0,0.0,70.43,93.49,0,Sufficient,Urgent
BAT-001821,2021-03-11,Ice Cream,Dodla Dairy,liters,Frozen,Online,2021-02-17,2021-03-10,334.02,122,212,212.02,-0.02,20.35,184.94,-1,Sufficient,Expired
BAT-001822,2019-01-20,Ice Cream,Palle2patnam,liters,Frozen,Retail,2019-01-02,2019-01-31,317.45,59,258,258.45,-0.45,44.6,67.76,11,Sufficient,Safe
BAT-001823,2020-01-13,Ice Cream,Palle2patnam,liters,Frozen,Wholesale,2019-12-01,2019-12-23,108.13,43,65,65.13,-0.13,81.22,157.3,-21,Low Stock,Expired
BAT-001824,2022-02-08,Ice Cream,Amul,liters,Frozen,Retail,2022-01-30,2022-02-23,721.09,448,273,273.09,-0.09,32.22,34.65,15,Sufficient,Safe
BAT-001828,2020-06-11,Ice Cream,Amul,liters,Frozen,Online,2020-06-02,2020-07-01,266.25,186,80,80.25,-0.25,40.72,27.88,20,Sufficient,Safe
BAT-001831,2019-02-11,Ice Cream,Mother Dairy,liters,Frozen,Online,2019-01-03,2019-01-25,962.02,930,32,32.02,-0.02,53.54,109.02,-17,Low Stock,Expired
BAT-001832,2019-07-06,Ice Cream,Mother Dairy,liters,Frozen,Retail,2019-06-21,2019-07-18,839.26,749,90,90.26,-0.26,29.85,142.28,12,Sufficient,Safe
BAT-001833,2021-10-17,Ice Cream,Amul,liters,Frozen,Online,2021-09-15,2021-10-13,83.33,45,38,38.33,-0.33,85.63,39.43,-4,Low Stock,Expired
BAT-001834,2021-06-05,Ice Cream,Dodla Dairy,liters,Frozen,Online,2021-04-23,2021-05-16,471.12,69,402,402.12,-0.12,54.04,47.38,-20,Sufficient,Expired
BAT-001837,2022-10-05,Ice Cream,Mother Dairy,liters,Frozen,Wholesale,2022-09-23,2022-10-19,408.4,51,357,357.4,-0.4,50.1,154.69,14,Sufficient,Safe
BAT-001840,2022-07-11,Ice Cream,Palle2patnam,liters,Frozen,Wholesale,2022-05-27,2022-06-19,618.16,323,295,295.16,-0.16,45.16,97.03,-22,Sufficient,Expired
BAT-001841,2020-05-27,Ice Cream,Dodla Dairy,liters,Frozen,Retail,2020-04-17,2020-05-13,559.48,557,2,2.48,-0.48,98.19,49.29,-14,Low Stock,Expired
BAT-001843,2020-07-06,Ice Cream,Amul,liters,Frozen,Wholesale,2020-05-16,2020-06-08,725.1,176,549,549.1,-0.1,36.46,76.44,-28,Sufficient,Expired
BAT-001844,2021-11-04,Ice Cream,Dodla Dairy,liters,Frozen,Wholesale,2021-09-11,2021-10-05,402.28,142,260,260.28,-0.28,68.84,123.23,-30,Sufficient,Expired
BAT-001845,2020-02-02,Ice Cream,Dodla Dairy,liters,Frozen,Retail,2020-01-21,2020-02-11,919.04,566,353,353.04,-0.04,11.61,164.39,9,Sufficient,Safe
BAT-001846,2020-05-13,Ice Cream,Mother Dairy,liters,Frozen,Wholesale,2020-05-12,2020-06-02,936.38,570,366,366.38,-0.38,89.81,73.82,20,Sufficient,Safe
BAT-001849,2019-08-08,Ice Cream,Mother Dairy,liters,Frozen,Online,2019-07-10,2019-08-09,184.07,150,34,34.07,-0.07,62.98,104.03,1,Low Stock,Urgent
BAT-001850,2021-07-20,Ice Cream,Mother Dairy,liters,Frozen,Retail,2021-07-08,2021-07-30,447.46,13,434,434.46,-0.46,51.8,185.01,10,Sufficient,Safe
BAT-001852,2020-03-25,Ice Cream,Palle2patnam,liters,Frozen,Online,2020-01-27,2020-02-17,613.27,35,578,578.27,-0.27,46.15,192.63,-37,Sufficient,Expired
BAT-001853,2019-07-07,Ice Cream,Mother Dairy,liters,Frozen,Wholesale,2019-06-18,2019-07-17,29.33,1,28,28.33,-0.33,90.83,161.12,10,Low Stock,Safe
BAT-001854,2019-02-20,Ice Cream,Dodla Dairy,liters,Frozen,Wholesale,2019-01-19,2019-02-14,926.07,137,789,789.07,-0.07,38.13,140.84,-6,Sufficient,Expired
BAT-001855,2022-11-27,Ice Cream,Mother Dairy,liters,Frozen,Online,2022-11-25,2022-12-20,365.3,170,195,195.3,-0.3,65.91,157.56,23,Sufficient,Safe
BAT-001856,2020-03-07,Ice Cream,Amul,liters,Frozen,Wholesale,2020-02-23,2020-03-20,328.34,253,75,75.34,-0.34,91.9,20.73,13,Low Stock,Safe
BAT-001857,2021-06-17,Ice Cream,Amul,liters,Frozen,Retail,2021-05-02,2021-05-27,120.06,28,92,92.06,-0.06,75.77,32.98,-21,Sufficient,Expired
BAT-001863,2020-06-17,Ice Cream,Mother Dairy,liters,Frozen,Online,2020-05-31,2020-06-21,991.37,828,163,163.37,-0.37,68.4,150.17,4,Sufficient,Expiring Soon
BAT-001864,2019-03-18,Ice Cream,Palle2patnam,liters,Frozen,Wholesale,2019-02-20,2019-03-14,483.2,177,306,306.2,-0.2,33.51,74.5,-4,Sufficient,Expired
BAT-001865,2019-07-01,Ice Cream,Palle2patnam,liters,Frozen,Retail,2019-05-22,2019-06-14,557.0,57,500,500.0,0.0,98.86,83.3,-17,Sufficient,Expired
BAT-001866,2019-05-11,Ice Cream,Dodla Dairy,liters,Frozen,Retail,2019-04-08,2019-05-07,680.06,82,598,598.06,-0.06,94.98,119.06,-4,Sufficient,Expired
BAT-001867,2020-10-11,Ice Cream,Palle2patnam,liters,Frozen,Online,2020-10-05,2020-11-03,397.36,388,9,9.36,-0.36,79.39,143.62,23,Low Stock,Safe
BAT-001868,2022-12-17,Ice Cream,Palle2patnam,liters,Frozen,Retail,2022-11-25,2022-12-25,428.02,107,321,321.02,-0.02,59.67,28.82,8,Sufficient,Safe
BAT-001869,2021-06-18,Ice Cream,Dodla Dairy,liters,Frozen,Retail,2021-04-19,2021-05-19,392.27,354,38,38.27,-0.27,96.38,71.33,-30,Low Stock,Expired
BAT-001874,2019-07-10,Ice Cream,Palle2patnam,liters,Frozen,Retail,2019-06-09,2019-07-09,712.21,544,168,168.21,-0.21,72.18,150.54,-1,Sufficient,Expired
BAT-001877,2022-10-14,Ice Cream,Amul,liters,Frozen,Wholesale,2022-08-29,2022-09-22,63.01,4,59,59.01,-0.01,49.97,61.74,-22,Sufficient,Expired
BAT-001879,2022-01-06,Ice Cream,Mother Dairy,liters,Frozen,Wholesale,2021-11-09,2021-12-08,385.19,246,139,139.19,-0.19,53.59,46.35,-29,Sufficient,Expired
BAT-001880,2021-02-05,Ice Cream,Amul,liters,Frozen,Wholesale,2020-12-23,2021-01-13,374.48,154,220,220.48,-0.48,40.8,118.71,-23,Sufficient,Expired
BAT-001883,2021-03-04,Ice Cream,Dodla Dairy,liters,Frozen,Wholesale,2021-01-11,2021-02-05,761.01,106,655,655.01,-0.01,31.14,183.3,-27,Sufficient,Expired
BAT-001884,2021-07-18,Ice Cream,Dodla Dairy,liters,Frozen,Retail,2021-06-17,2021-07-15,605.5,390,215,215.5,-0.5,11.96,94.07,-3,Sufficient,Expired
BAT-001885,2019-08-27,Ice Cream,Dodla Dairy,liters,Frozen,Retail,2019-07-07,2019-07-28,79.1,11,68,68.1,-0.1,96.05,196.05,-30,Low Stock,Expired
BAT-001886,2019-11-08,Ice Cream,Mother Dairy,liters,Frozen,Online,2019-10-22,2019-11-17,847.5,709,138,138.5,-0.5,23.69,120.34,9,Sufficient,Safe
BAT-001890,2021-06-28,Ice Cream,Dodla Dairy,liters,Frozen,Online,2021-05-11,2021-06-04,720.34,290,430,430.34,-0.34,20.77,87.33,-24,Sufficient,Expired
BAT-001892,2021-11-25,Ice Cream,Palle2patnam,liters,Frozen,Wholesale,2021-10-03,2021-10-24,879.27,608,271,271.27,-0.27,29.11,87.33,-32,Sufficient,Expired
BAT-001893,2022-04-24,Ice Cream,Palle2patnam,liters,Frozen,Retail,2022-03-23,2022-04-16,273.15,256,17,17.15,-0.15,25.32,33.04,-8,Low Stock,Expired
BAT-001895,2021-06-27,Ice Cream,Amul,liters,Frozen,Retail,2021-05-10,2021-06-02,608.43,112,496,496.43,-0.43,24.23,58.15,-25,Sufficient,Expired
BAT-001904,2022-08-01,Ice Cream,Amul,liters,Frozen,Wholesale,2022-07-28,2022-08-20,461.13,201,260,260.13,-0.13,47.42,115.3,19,Sufficient,Safe
BAT-001905,2020-09-02,Ice Cream,Mother Dairy,liters,Frozen,Retail,2020-08-06,2020-09-03,753.06,58,695,695.06,-0.06,54.81,23.76,1,Sufficient,Urgent
BAT-001906,2020-02-07,Ice Cream,Amul,liters,Frozen,Online,2020-01-22,2020-02-21,673.22,325,348,348.22,-0.22,18.96,148.94,14,Sufficient,Safe
BAT-001907,2020-10-25,Ice Cream,Mother Dairy,liters,Frozen,Retail,2020-08-27,2020-09-21,907.45,552,355,355.45,-0.45,29.32,53.63,-34,Sufficient,Expired
BAT-001911,2022-01-17,Ice Cream,Dodla Dairy,liters,Frozen,Online,2022-01-08,2022-01-31,609.29,578,31,31.29,-0.29,56.6,143.0,14,Low Stock,Safe
BAT-001912,2020-07-01,Ice Cream,Dodla Dairy,liters,Frozen,Wholesale,2020-05-17,2020-06-16,322.41,14,308,308.41,-0.41,92.48,149.61,-15,Sufficient,Expired
BAT-001914,2022-11-19,Ice Cream,Dodla Dairy,liters,Frozen,Online,2022-11-10,2022-12-05,552.22,546,6,6.22,-0.22,42.19,136.22,16,Low Stock,Safe
BAT-001915,2020-05-21,Ice Cream,Dodla Dairy,liters,Frozen,Retail,2020-03-26,2020-04-16,442.01,435,7,7.01,-0.01,20.32,84.27,-35,Low Stock,Expired
BAT-001918,2020-09-07,Ice Cream,Amul,liters,Frozen,Wholesale,2020-09-06,2020-09-29,371.28,267,104,104.28,-0.28,26.48,20.85,22,Sufficient,Safe
BAT-001921,2020-01-23,Ice Cream,Mother Dairy,liters,Frozen,Wholesale,2019-12-20,2020-01-19,365.14,274,91,91.14,-0.14,19.52,40.71,-4,Sufficient,Expired
BAT-001927,2022-04-06,Ice Cream,Palle2patnam,liters,Frozen,Online,2022-04-05,2022-05-01,728.07,33,695,695.07,-0.07,61.69,83.64,25,Sufficient,Safe
BAT-001929,2019-06-21,Ice Cream,Dodla Dairy,liters,Frozen,Retail,2019-04-23,2019-05-20,701.46,596,105,105.46,-0.46,72.67,115.89,-32,Sufficient,Expired
BAT-001930,2019-05-20,Ice Cream,Mother Dairy,liters,Frozen,Wholesale,2019-04-12,2019-05-12,945.02,122,823,823.02,-0.02,72.03,68.1,-8,Sufficient,Expired
BAT-001933,2019-08-10,Ice Cream,Dodla Dairy,liters,Frozen,Online,2019-06-25,2019-07-18,411.24,381,30,30.24,-0.24,96.02,120.16,-23,Low Stock,Expired
BAT-001935,2021-09-21,Ice Cream,Mother Dairy,liters,Frozen,Wholesale,2021-09-02,2021-09-30,144.18,51,93,93.18,-0.18,90.89,124.7,9,Sufficient,Safe
BAT-001938,2019-03-12,Ice Cream,Dodla Dairy,liters,Frozen,Online,2019-02-18,2019-03-14,657.01,128,529,529.01,-0.01,83.19,25.84,2,Sufficient,Urgent
BAT-001939,2021-07-13,Ice Cream,Dodla Dairy,liters,Frozen,Retail,2021-07-12,2021-08-02,967.17,353,614,614.17,-0.17,10.59,33.54,20,Sufficient,Safe
BAT-001940,2022-12-21,Ice Cream,Amul,liters,Frozen,Wholesale,2022-12-09,2023-01-07,898.41,667,231,231.41,-0.41,54.89,49.46,17,Sufficient,Safe
BAT-001941,2022-01-23,Ice Cream,Mother Dairy,liters,Frozen,Retail,2021-12-03,2021-12-29,380.22,254,126,126.22,-0.22,12.84,20.89,-25,Sufficient,Expired
BAT-001942,2019-03-09,Ice Cream,Amul,liters,Frozen,Online,2019-01-10,2019-02-04,639.35,270,369,369.35,-0.35,67.91,111.44,-33,Sufficient,Expired
BAT-001943,2020-10-23,Ice Cream,Mother Dairy,liters,Frozen,Online,2020-08-30,2020-09-25,67.46,58,9,9.46,-0.46,56.33,86.26,-28,Low Stock,Expired
BAT-001945,2020-06-26,Ice Cream,Dodla Dairy,liters,Frozen,Wholesale,2020-06-03,2020-07-03,463.29,151,312,312.29,-0.29,48.38,103.51,7,Sufficient,Expiring Soon
BAT-001946,2022-08-02,Ice Cream,Dodla Dairy,liters,Frozen,Wholesale,2022-06-12,2022-07-04,666.3,17,649,649.3,-0.3,93.01,108.75,-29,Sufficient,Expired
BAT-001948,2022-03-03,Ice Cream,Mother Dairy,liters,Frozen,Wholesale,2022-02-16,2022-03-09,440.13,45,395,395.13,-0.13,59.34,81.25,6,Sufficient,Expiring Soon
BAT-001949,2021-05-05,Ice Cream,Dodla Dairy,liters,Frozen,Wholesale,2021-04-12,2021-05-08,164.49,131,33,33.49,-0.49,74.88,79.15,3,Low Stock,Urgent
BAT-001951,2019-11-26,Ice Cream,Dodla Dairy,liters,Frozen,Online,2019-11-22,2019-12-16,961.41,760,201,201.41,-0.41,84.97,66.25,20,Sufficient,Safe
BAT-001952,2022-09-17,Ice Cream,Amul,liters,Frozen,Wholesale,2022-08-13,2022-09-07,632.23,575,57,57.23,-0.23,31.08,118.43,-10,Sufficient,Expired
BAT-001958,2021-12-10,Ice Cream,Amul,liters,Frozen,Wholesale,2021-11-02,2021-11-30,717.08,282,435,435.08,-0.08,66.21,20.4,-10,Sufficient,Expired
BAT-001959,2021-07-16,Ice Cream,Mother Dairy,liters,Frozen,Online,2021-06-17,2021-07-11,726.01,362,364,364.01,-0.01,28.93,31.57,-5,Sufficient,Expired
BAT-001963,2020-12-19,Ice Cream,Palle2patnam,liters,Frozen,Online,2020-10-23,2020-11-16,467.49,420,47,47.49,-0.49,90.16,86.46,-33,Low Stock,Expired
BAT-001964,2019-03-28,Ice Cream,Dodla Dairy,liters,Frozen,Online,2019-02-06,2019-03-05,45.17,38,7,7.17,-0.17,73.22,122.61,-23,Low Stock,Expired
BAT-001966,2020-03-12,Ice Cream,Palle2patnam,liters,Frozen,Retail,2020-01-23,2020-02-16,985.08,276,709,709.08,-0.08,81.49,175.99,-25,Sufficient,Expired
BAT-001967,2022-03-13,Ice Cream,Dodla Dairy,liters,Frozen,Online,2022-01-28,2022-02-20,205.08,69,136,136.08,-0.08,27.43,105.44,-21,Sufficient,Expired
BAT-001968,2021-03-26,Ice Cream,Mother Dairy,liters,Frozen,Online,2021-02-24,2021-03-17,71.09,1,70,70.09,-0.09,63.0,80.82,-9,Sufficient,Expired
BAT-001969,2021-09-10,Ice Cream,Amul,liters,Frozen,Online,2021-07-31,2021-08-26,580.01,56,524,524.01,-0.01,93.51,94.85,-15,Sufficient,Expired
BAT-001973,2020-02-12,Ice Cream,Palle2patnam,liters,Frozen,Online,2019-12-14,2020-01-04,197.19,112,85,85.19,-0.19,80.76,112.31,-39,Sufficient,Expired
BAT-001975,2020-02-17,Ice Cream,Dodla Dairy,liters,Frozen,Wholesale,2020-01-02,2020-01-26,792.29,539,253,253.29,-0.29,31.8,26.12,-22,Sufficient,Expired
BAT-001978,2022-06-25,Ice Cream,Dodla Dairy,liters,Frozen,Wholesale,2022-04-26,2022-05-23,110.23,68,42,42.23,-0.23,26.78,65.33,-33,Sufficient,Expired
BAT-001984,2019-09-05,Ice Cream,Mother Dairy,liters,Frozen,Wholesale,2019-08-09,2019-09-08,517.29,61,456,456.29,-0.29,94.34,160.92,3,Sufficient,Urgent
BAT-001990,2022-01-01,Ice Cream,Mother Dairy,liters,Frozen,Retail,2021-11-16,2021-12-14,146.3,92,54,54.3,-0.3,98.72,172.39,-18,Low Stock,Expired
BAT-001991,2022-08-23,Ice Cream,Dodla Dairy,liters,Frozen,Retail,2022-07-08,2022-08-02,628.24,47,581,581.24,-0.24,90.35,51.02,-21,Sufficient,Expired
BAT-001992,2020-09-09,Ice Cream,Amul,liters,Frozen,Online,2020-08-07,2020-09-02,288.14,133,155,155.14,-0.14,44.39,76.74,-7,Sufficient,Expired
BAT-001993,2021-06-28,Ice Cream,Dodla Dairy,liters,Frozen,Wholesale,2021-06-01,2021-06-28,160.13,45,115,115.13,-0.13,77.7,146.53,0,Sufficient,Urgent
BAT-001994,2021-12-14,Ice Cream,Mother Dairy,liters,Frozen,Online,2021-12-01,2021-12-31,468.49,369,99,99.49,-0.49,94.33,126.42,17,Sufficient,Safe
BAT-001996,2019-11-09,Ice Cream,Mother Dairy,liters,Frozen,Retail,2019-10-10,2019-11-05,361.03,331,30,30.03,-0.03,51.72,77.07,-4,Low Stock,Expired
BAT-001997,2021-06-09,Ice Cream,Amul,liters,Frozen,Wholesale,2021-04-29,2021-05-21,868.47,476,392,392.47,-0.47,13.25,105.07,-19,Sufficient,Expired
BAT-001998,2021-03-21,Ice Cream,Palle2patnam,liters,Frozen,Online,2021-01-31,2021-02-21,622.23,363,259,259.23,-0.23,34.73,142.88,-28,Sufficient,Expired
BAT-002001,2021-06-21,Ice Cream,Dodla Dairy,liters,Frozen,Retail,2021-05-28,2021-06-22,153.04,40,113,113.04,-0.04,74.67,25.49,1,Sufficient,Urgent
BAT-002005,2020-10-25,Ice Cream,Amul,liters,Frozen,Online,2020-10-09,2020-11-07,106.05,23,83,83.05,-0.05,58.87,155.68,13,Sufficient,Safe
BAT-002006,2019-01-09,Ice Cream,Amul,liters,Frozen,Wholesale,2018-12-07,2019-01-06,404.48,204,200,200.48,-0.48,98.15,104.98,-3,Sufficient,Expired
BAT-002008,2021-09-20,Ice Cream,Mother Dairy,liters,Frozen,Online,2021-09-11,2021-10-09,702.01,656,46,46.01,-0.01,36.57,117.21,19,Sufficient,Safe
BAT-002009,2019-04-15,Ice Cream,Mother Dairy,liters,Frozen,Retail,2019-04-01,2019-04-28,812.02,36,776,776.02,-0.02,60.19,87.08,13,Sufficient,Safe
BAT-002010,2021-12-13,Ice Cream,Palle2patnam,liters,Frozen,Wholesale,2021-11-25,2021-12-23,570.0,443,127,127.0,0.0,36.44,132.31,10,Sufficient,Safe
BAT-002011,2022-04-02,Ice Cream,Palle2patnam,liters,Frozen,Online,2022-03-20,2022-04-13,145.15,25,120,120.15,-0.15,51.0,162.44,11,Sufficient,Safe
BAT-002012,2019-01-01,Ice Cream,Mother Dairy,liters,Frozen,Retail,2018-12-07,2019-01-06,355.4,116,239,239.4,-0.4,65.49,42.61,5,Sufficient,Expiring Soon
BAT-002016,2022-05-05,Ice Cream,Mother Dairy,liters,Frozen,Wholesale,2022-04-24,2022-05-22,391.29,244,147,147.29,-0.29,45.19,32.24,17,Sufficient,Safe
BAT-002019,2019-04-20,Ice Cream,Mother Dairy,liters,Frozen,Online,2019-03-06,2019-04-04,630.45,230,400,400.45,-0.45,15.5,80.14,-16,Sufficient,Expired
BAT-002024,2019-04-04,Ice Cream,Dodla Dairy,liters,Frozen,Wholesale,2019-02-08,2019-03-05,673.03,643,30,30.03,-0.03,27.12,67.53,-30,Sufficient,Expired
BAT-002026,2019-02-02,Ice Cream,Mother Dairy,liters,Frozen,Retail,2019-01-18,2019-02-14,791.28,304,487,487.28,-0.28,56.53,139.22,12,Sufficient,Safe
BAT-002028,2020-04-25,Ice Cream,Palle2patnam,liters,Frozen,Retail,2020-03-09,2020-04-02,139.2,107,32,32.2,-0.2,44.92,55.08,-23,Low Stock,Expired
BAT-002029,2021-01-12,Ice Cream,Palle2patnam,liters,Frozen,Online,2020-12-24,2021-01-21,450.06,54,396,396.06,-0.06,84.73,123.32,9,Sufficient,Safe
BAT-002031,2020-12-15,Ice Cream,Mother Dairy,liters,Frozen,Online,2020-11-24,2020-12-19,50.4,8,42,42.4,-0.4,14.58,96.39,4,Sufficient,Expiring Soon
BAT-002033,2022-11-12,Ice Cream,Dodla Dairy,liters,Frozen,Wholesale,2022-10-07,2022-10-31,934.46,247,687,687.46,-0.46,54.71,182.97,-12,Sufficient,Expired
BAT-002037,2022-12-17,Ice Cream,Mother Dairy,liters,Frozen,Retail,2022-11-26,2022-12-24,827.06,450,377,377.06,-0.06,94.42,142.51,7,Sufficient,Expiring Soon
BAT-002038,2021-02-07,Ice Cream,Palle2patnam,liters,Frozen,Retail,2021-01-04,2021-02-03,578.21,166,412,412.21,-0.21,42.95,98.0,-4,Sufficient,Expired
BAT-002039,2022-03-06,Ice Cream,Amul,liters,Frozen,Retail,2022-02-27,2022-03-22,525.08,455,70,70.08,-0.08,27.44,28.37,16,Sufficient,Safe
BAT-002041,2021-03-06,Ice Cream,Palle2patnam,liters,Frozen,Online,2021-01-16,2021-02-11,550.42,507,43,43.42,-0.42,19.27,76.85,-23,Sufficient,Expired
BAT-002042,2022-05-20,Ice Cream,Amul,liters,Frozen,Retail,2022-03-23,2022-04-14,430.03,39,391,391.03,-0.03,88.64,140.48,-36,Sufficient,Expired
BAT-002049,2022-10-02,Ice Cream,Mother Dairy,liters,Frozen,Retail,2022-09-08,2022-10-01,415.18,306,109,109.18,-0.18,38.41,46.21,-1,Sufficient,Expired
BAT-002051,2022-08-02,Ice Cream,Amul,liters,Frozen,Online,2022-06-13,2022-07-08,568.46,137,431,431.46,-0.46,96.23,67.51,-25,Sufficient,Expired
BAT-002053,2022-01-16,Ice Cream,Dodla Dairy,liters,Frozen,Wholesale,2021-11-20,2021-12-16,112.28,5,107,107.28,-0.28,26.41,185.98,-31,Sufficient,Expired
BAT-002054,2021-04-26,Ice Cream,Palle2patnam,liters,Frozen,Online,2021-02-26,2021-03-21,473.17,329,144,144.17,-0.17,74.88,118.71,-36,Sufficient,Expired
BAT-002055,2021-05-20,Ice Cream,Amul,liters,Frozen,Retail,2021-04-04,2021-04-28,437.31,267,170,170.31,-0.31,37.52,114.09,-22,Sufficient,Expired
BAT-002057,2021-10-25,Ice Cream,Mother Dairy,liters,Frozen,Wholesale,2021-10-20,2021-11-17,36.21,31,5,5.21,-0.21,74.06,59.42,23,Low Stock,Safe
BAT-002058,2021-07-10,Ice Cream,Palle2patnam,liters,Frozen,Retail,2021-06-27,2021-07-20,740.5,87,653,653.5,-0.5,92.97,78.08,10,Sufficient,Safe
BAT-002059,2022-12-19,Ice Cream,Palle2patnam,liters,Frozen,Wholesale,2022-11-28,2022-12-21,247.21,61,186,186.21,-0.21,79.58,93.44,2,Sufficient,Urgent
BAT-002061,2021-08-20,Ice Cream,Amul,liters,Frozen,Retail,2021-07-13,2021-08-03,787.46,547,240,240.46,-0.46,11.8,23.66,-17,Sufficient,Expired
BAT-002062,2019-05-16,Ice Cream,Dodla Dairy,liters,Frozen,Retail,2019-04-12,2019-05-07,201.39,20,181,181.39,-0.39,39.71,160.96,-9,Sufficient,Expired
BAT-002063,2020-05-10,Ice Cream,Mother Dairy,liters,Frozen,Wholesale,2020-05-09,2020-06-04,34.18,2,32,32.18,-0.18,64.72,163.51,25,Low Stock,Safe
BAT-002065,2022-06-15,Ice Cream,Mother Dairy,liters,Frozen,Online,2022-05-20,2022-06-12,384.22,355,29,29.22,-0.22,90.18,186.99,-3,Low Stock,Expired
BAT-002066,2019-12-25,Ice Cream,Amul,liters,Frozen,Online,2019-11-04,2019-12-04,14.28,3,11,11.28,-0.28,75.01,158.48,-21,Low Stock,Expired
BAT-002071,2019-10-24,Ice Cream,Dodla Dairy,liters,Frozen,Online,2019-09-06,2019-10-06,364.05,71,293,293.05,-0.05,56.07,87.43,-18,Sufficient,Expired
BAT-002072,2020-12-21,Ice Cream,Palle2patnam,liters,Frozen,Retail,2020-11-13,2020-12-05,531.27,288,243,243.27,-0.27,22.29,118.89,-16,Sufficient,Expired
BAT-002073,2022-10-23,Ice Cream,Amul,liters,Frozen,Wholesale,2022-09-18,2022-10-16,253.05,100,153,153.05,-0.05,57.76,115.5,-7,Sufficient,Expired
BAT-002075,2019-07-24,Ice Cream,Amul,liters,Frozen,Retail,2019-06-18,2019-07-17,554.45,61,493,493.45,-0.45,56.61,192.83,-7,Sufficient,Expired
BAT-002076,2022-05-18,Ice Cream,Amul,liters,Frozen,Online,2022-04-25,2022-05-23,958.42,363,595,595.42,-0.42,57.4,86.47,5,Sufficient,Expiring Soon
BAT-002078,2019-06-28,Ice Cream,Amul,liters,Frozen,Online,2019-06-07,2019-07-02,930.2,601,329,329.2,-0.2,29.42,87.56,4,Sufficient,Expiring Soon
BAT-002079,2022-04-15,Ice Cream,Dodla Dairy,liters,Frozen,Online,2022-02-19,2022-03-15,16.41,10,6,6.41,-0.41,18.27,68.07,-31,Low Stock,Expired
BAT-002080,2020-09-22,Ice Cream,Amul,liters,Frozen,Wholesale,2020-07-29,2020-08-22,414.18,10,404,404.18,-0.18,66.81,184.24,-31,Sufficient,Expired
BAT-002081,2019-10-15,Ice Cream,Amul,liters,Frozen,Online,2019-08-23,2019-09-19,72.3,20,52,52.3,-0.3,71.79,103.1,-26,Low Stock,Expired
BAT-002082,2019-01-18,Ice Cream,Palle2patnam,liters,Frozen,Wholesale,2018-12-18,2019-01-15,521.36,176,345,345.36,-0.36,99.92,44.05,-3,Sufficient,Expired
BAT-002083,2020-12-13,Ice Cream,Dodla Dairy,liters,Frozen,Wholesale,2020-10-29,2020-11-19,581.3,177,404,404.3,-0.3,39.13,157.19,-24,Sufficient,Expired
BAT-002086,2021-12-14,Ice Cream,Mother Dairy,liters,Frozen,Retail,2021-11-02,2021-11-25,895.38,220,675,675.38,-0.38,97.66,50.74,-19,Sufficient,Expired
BAT-002088,2019-06-01,Ice Cream,Amul,liters,Frozen,Retail,2019-05-27,2019-06-19,463.44,366,97,97.44,-0.44,86.38,150.01,18,Sufficient,Safe
BAT-002090,2020-11-18,Ice Cream,Dodla Dairy,liters,Frozen,Online,2020-10-12,2020-11-04,993.05,182,811,811.05,-0.05,83.34,100.62,-14,Sufficient,Expired
BAT-002092,2020-08-18,Ice Cream,Dodla Dairy,liters,Frozen,Retail,2020-07-12,2020-08-03,688.41,245,443,443.41,-0.41,85.13,195.48,-15,Sufficient,Expired
BAT-002093,2021-03-24,Ice Cream,Mother Dairy,liters,Frozen,Wholesale,2021-02-04,2021-03-05,504.12,176,328,328.12,-0.12,21.71,96.97,-19,Sufficient,Expired
BAT-002094,2019-08-10,Ice Cream,Palle2patnam,liters,Frozen,Online,2019-07-02,2019-08-01,383.3,159,224,224.3,-0.3,58.01,148.55,-9,Sufficient,Expired
BAT-002099,2019-04-24,Ice Cream,Dodla Dairy,liters,Frozen,Online,2019-03-02,2019-03-25,802.15,79,723,723.15,-0.15,14.85,97.47,-30,Sufficient,Expired
BAT-002100,2022-03-04,Ice Cream,Dodla Dairy,liters,Frozen,Online,2022-02-21,2022-03-22,96.02,48,48,48.02,-0.02,65.18,41.55,18,Low Stock,Safe
BAT-002102,2020-03-17,Ice Cream,Amul,liters,Frozen,Wholesale,2020-01-30,2020-02-25,284.31,116,168,168.31,-0.31,32.5,132.47,-21,Sufficient,Expired
BAT-002103,2021-10-04,Ice Cream,Mother Dairy,liters,Frozen,Retail,2021-09-16,2021-10-11,76.31,56,20,20.31,-0.31,45.25,112.4,7,Low Stock,Expiring Soon
BAT-002105,2021-07-05,Ice Cream,Dodla Dairy,liters,Frozen,Wholesale,2021-05-09,2021-06-05,496.31,157,339,339.31,-0.31,34.64,163.14,-30,Sufficient,Expired
BAT-002110,2020-06-22,Ice Cream,Dodla Dairy,liters,Frozen,Online,2020-06-18,2020-07-14,50.02,29,21,21.02,-0.02,12.22,36.49,22,Sufficient,Safe
BAT-002112,2020-07-17,Ice Cream,Dodla Dairy,liters,Frozen,Wholesale,2020-05-20,2020-06-10,339.45,84,255,255.45,-0.45,55.23,141.39,-37,Sufficient,Expired
BAT-002113,2020-05-28,Ice Cream,Amul,liters,Frozen,Wholesale,2020-05-04,2020-06-03,100.03,77,23,23.03,-0.03,34.13,186.52,6,Low Stock,Expiring Soon
BAT-002115,2022-07-11,Ice Cream,Mother Dairy,liters,Frozen,Wholesale,2022-05-13,2022-06-07,542.24,447,95,95.24,-0.24,32.21,102.95,-34,Sufficient,Expired
BAT-002119,2019-03-18,Ice Cream,Palle2patnam,liters,Frozen,Wholesale,2019-02-27,2019-03-21,446.12,445,1,1.12,-0.12,81.25,84.46,3,Low Stock,Urgent
BAT-002123,2020-08-02,Curd,Raj,kilograms,Refrigerated,Wholesale,2020-06-06,2020-06-12,949.12,860,89,89.12,-0.12,85.71,32.03,-51,Sufficient,Expired
BAT-002124,2020-06-24,Curd,Amul,kilograms,Refrigerated,Online,2020-05-08,2020-05-14,385.41,270,115,115.41,-0.41,52.16,20.14,-41,Sufficient,Expired
BAT-002126,2020-06-24,Curd,Mother Dairy,kilograms,Refrigerated,Retail,2020-05-21,2020-05-27,565.23,305,260,260.23,-0.23,25.75,124.9,-28,Sufficient,Expired
BAT-002127,2021-06-09,Curd,Amul,kilograms,Refrigerated,Wholesale,2021-04-18,2021-04-24,267.21,116,151,151.21,-0.21,53.34,42.38,-46,Sufficient,Expired
BAT-002128,2021-04-20,Curd,Raj,kilograms,Refrigerated,Online,2021-04-01,2021-04-07,839.1,11,828,828.1,-0.1,25.18,144.48,-13,Sufficient,Expired
BAT-002130,2019-08-03,Curd,Mother Dairy,kilograms,Refrigerated,Wholesale,2019-06-16,2019-06-21,551.14,203,348,348.14,-0.14,89.68,119.95,-43,Sufficient,Expired
BAT-002131,2020-06-09,Curd,Amul,kilograms,Refrigerated,Wholesale,2020-04-18,2020-04-24,336.47,108,228,228.47,-0.47,63.42,100.69,-46,Sufficient,Expired
BAT-002133,2021-07-05,Curd,Amul,kilograms,Refrigerated,Retail,2021-07-01,2021-07-08,242.26,158,84,84.26,-0.26,58.3,186.84,3,Sufficient,Urgent
BAT-002135,2019-03-13,Curd,Raj,kilograms,Refrigerated,Retail,2019-02-19,2019-02-24,576.03,332,244,244.03,-0.03,65.34,164.95,-17,Sufficient,Expired
BAT-002138,2022-02-06,Curd,Mother Dairy,kilograms,Refrigerated,Wholesale,2021-12-22,2021-12-28,120.49,25,95,95.49,-0.49,41.61,78.62,-40,Sufficient,Expired
BAT-002141,2021-05-14,Curd,Mother Dairy,kilograms,Refrigerated,Online,2021-05-07,2021-05-14,809.5,153,656,656.5,-0.5,93.75,86.31,0,Sufficient,Urgent
BAT-002146,2020-10-14,Curd,Amul,kilograms,Refrigerated,Retail,2020-09-29,2020-10-06,695.02,285,410,410.02,-0.02,63.89,107.11,-8,Sufficient,Expired
BAT-002148,2022-10-18,Curd,Amul,kilograms,Refrigerated,Retail,2022-09-26,2022-10-03,503.15,485,18,18.15,-0.15,66.94,128.5,-15,Low Stock,Expired
BAT-002152,2021-07-15,Curd,Raj,kilograms,Refrigerated,Wholesale,2021-06-23,2021-06-28,77.12,26,51,51.12,-0.12,68.81,54.23,-17,Low Stock,Expired
BAT-002155,2019-07-04,Curd,Amul,kilograms,Refrigerated,Retail,2019-06-16,2019-06-22,29.23,25,4,4.23,-0.23,65.93,161.61,-12,Low Stock,Expired
BAT-002159,2019-06-16,Curd,Amul,kilograms,Refrigerated,Retail,2019-04-26,2019-05-01,187.05,11,176,176.05,-0.05,63.12,92.03,-46,Sufficient,Expired
BAT-002160,2019-11-15,Curd,Raj,kilograms,Refrigerated,Retail,2019-10-27,2019-11-03,877.17,483,394,394.17,-0.17,40.36,115.37,-12,Sufficient,Expired
BAT-002161,2021-07-09,Curd,Amul,kilograms,Refrigerated,Wholesale,2021-05-19,2021-05-25,130.08,8,122,122.08,-0.08,41.31,126.22,-45,Sufficient,Expired
BAT-002163,2020-09-01,Curd,Raj,kilograms,Refrigerated,Wholesale,2020-07-29,2020-08-05,956.23,455,501,501.23,-0.23,16.8,31.72,-27,Sufficient,Expired
BAT-002166,2019-12-05,Curd,Amul,kilograms,Refrigerated,Retail,2019-11-25,2019-12-02,754.26,568,186,186.26,-0.26,44.37,196.12,-3,Sufficient,Expired
BAT-002168,2019-05-06,Curd,Raj,kilograms,Refrigerated,Online,2019-03-11,2019-03-16,136.06,121,15,15.06,-0.06,86.5,32.29,-51,Low Stock,Expired
BAT-002171,2022-02-25,Curd,Raj,kilograms,Refrigerated,Retail,2022-02-10,2022-02-15,913.43,248,665,665.43,-0.43,15.7,57.94,-10,Sufficient,Expired
BAT-002172,2019-12-15,Curd,Sudha,kilograms,Refrigerated,Retail,2019-11-10,2019-11-17,959.02,189,770,770.02,-0.02,77.58,97.89,-28,Sufficient,Expired
BAT-002174,2021-04-24,Curd,Raj,kilograms,Refrigerated,Retail,2021-03-06,2021-03-13,799.33,146,653,653.33,-0.33,44.41,78.93,-42,Sufficient,Expired
BAT-002175,2019-10-03,Curd,Mother Dairy,kilograms,Refrigerated,Retail,2019-09-12,2019-09-19,64.45,16,48,48.45,-0.45,60.05,137.15,-14,Low Stock,Expired
BAT-002177,2022-07-05,Curd,Amul,kilograms,Refrigerated,Online,2022-05-30,2022-06-06,155.0,100,55,55.0,0.0,86.93,53.97,-29,Low Stock,Expired
BAT-002179,2019-09-04,Curd,Amul,kilograms,Refrigerated,Wholesale,2019-08-23,2019-08-28,78.25,26,52,52.25,-0.25,92.97,60.72,-7,Low Stock,Expired
BAT-002182,2022-12-14,Curd,Raj,kilograms,Refrigerated,Wholesale,2022-11-08,2022-11-14,487.08,171,316,316.08,-0.08,57.0,130.85,-30,Sufficient,Expired
BAT-002185,2021-04-10,Curd,Mother Dairy,kilograms,Refrigerated,Online,2021-02-14,2021-02-20,163.34,102,61,61.34,-0.34,13.46,53.32,-49,Sufficient,Expired
BAT-002186,2022-05-11,Curd,Mother Dairy,kilograms,Refrigerated,Online,2022-05-06,2022-05-11,459.49,172,287,287.49,-0.49,23.83,49.24,0,Sufficient,Urgent
BAT-002188,2022-05-18,Curd,Mother Dairy,kilograms,Refrigerated,Retail,2022-05-10,2022-05-15,113.12,13,100,100.12,-0.12,47.73,59.33,-3,Sufficient,Expired
BAT-002189,2020-04-20,Curd,Amul,kilograms,Refrigerated,Wholesale,2020-02-24,2020-03-01,609.16,55,554,554.16,-0.16,56.1,105.87,-50,Sufficient,Expired
BAT-002190,2022-05-13,Curd,Amul,kilograms,Refrigerated,Online,2022-03-21,2022-03-26,311.13,165,146,146.13,-0.13,93.09,47.02,-48,Sufficient,Expired
BAT-002191,2019-05-02,Curd,Amul,kilograms,Refrigerated,Online,2019-04-04,2019-04-10,361.34,346,15,15.34,-0.34,96.91,90.58,-22,Low Stock,Expired
BAT-002193,2022-09-04,Curd,Sudha,kilograms,Refrigerated,Retail,2022-08-07,2022-08-12,364.28,166,198,198.28,-0.28,88.73,132.99,-23,Sufficient,Expired
BAT-002196,2022-01-19,Curd,Mother Dairy,kilograms,Refrigerated,Online,2021-12-17,2021-12-24,405.43,57,348,348.43,-0.43,25.42,90.16,-26,Sufficient,Expired
BAT-002197,2021-01-27,Curd,Sudha,kilograms,Refrigerated,Wholesale,2021-01-08,2021-01-15,684.08,683,1,1.08,-0.08,80.45,60.92,-12,Low Stock,Expired
BAT-002199,2020-04-10,Curd,Mother Dairy,kilograms,Refrigerated,Online,2020-03-20,2020-03-26,917.21,193,724,724.21,-0.21,62.84,132.84,-15,Sufficient,Expired
BAT-002201,2020-02-13,Curd,Sudha,kilograms,Refrigerated,Online,2020-01-27,2020-02-02,895.12,247,648,648.12,-0.12,14.21,23.35,-11,Sufficient,Expired
BAT-002203,2020-02-18,Curd,Raj,kilograms,Refrigerated,Retail,2020-02-11,2020-02-16,708.13,504,204,204.13,-0.13,41.55,86.19,-2,Sufficient,Expired
BAT-002204,2020-10-05,Curd,Amul,kilograms,Refrigerated,Wholesale,2020-08-10,2020-08-15,782.49,177,605,605.49,-0.49,33.75,86.74,-51,Sufficient,Expired
BAT-002205,2022-11-20,Curd,Raj,kilograms,Refrigerated,Wholesale,2022-11-12,2022-11-17,440.06,391,49,49.06,-0.06,19.07,79.27,-3,Sufficient,Expired
BAT-002206,2020-04-26,Curd,Amul,kilograms,Refrigerated,Retail,2020-03-29,2020-04-03,905.36,640,265,265.36,-0.36,82.32,186.66,-23,Sufficient,Expired
BAT-002208,2020-11-11,Curd,Sudha,kilograms,Refrigerated,Retail,2020-09-24,2020-09-29,66.32,65,1,1.32,-0.32,90.3,72.17,-43,Low Stock,Expired
BAT-002209,2020-03-07,Curd,Sudha,kilograms,Refrigerated,Retail,2020-03-05,2020-03-11,499.31,15,484,484.31,-0.31,81.45,100.71,4,Sufficient,Expiring Soon
BAT-002210,2020-01-04,Curd,Amul,kilograms,Refrigerated,Wholesale,2019-11-15,2019-11-21,194.04,44,150,150.04,-0.04,84.29,112.44,-44,Sufficient,Expired
BAT-002212,2019-02-26,Curd,Amul,kilograms,Refrigerated,Retail,2019-01-17,2019-01-24,127.22,55,72,72.22,-0.22,39.64,73.4,-33,Sufficient,Expired
BAT-002214,2022-01-03,Curd,Mother Dairy,kilograms,Refrigerated,Retail,2021-12-01,2021-12-07,328.37,95,233,233.37,-0.37,19.87,83.15,-27,Sufficient,Expired
BAT-002215,2020-08-03,Curd,Amul,kilograms,Refrigerated,Retail,2020-06-20,2020-06-26,951.04,163,788,788.04,-0.04,70.05,167.2,-38,Sufficient,Expired
BAT-002216,2021-07-19,Curd,Sudha,kilograms,Refrigerated,Wholesale,2021-07-14,2021-07-19,212.47,149,63,63.47,-0.47,81.77,78.59,0,Low Stock,Urgent
BAT-002217,2020-01-03,Curd,Raj,kilograms,Refrigerated,Online,2019-12-19,2019-12-24,118.09,82,36,36.09,-0.09,81.97,49.19,-10,Low Stock,Expired
BAT-002218,2022-02-11,Curd,Sudha,kilograms,Refrigerated,Retail,2021-12-23,2021-12-30,145.0,101,44,44.0,0.0,40.04,190.12,-43,Sufficient,Expired
BAT-002219,2022-02-05,Curd,Mother Dairy,kilograms,Refrigerated,Online,2021-12-15,2021-12-21,42.13,10,32,32.13,-0.13,64.27,173.67,-46,Low Stock,Expired
BAT-002220,2021-06-20,Curd,Sudha,kilograms,Refrigerated,Retail,2021-06-08,2021-06-15,761.15,156,605,605.15,-0.15,95.44,144.05,-5,Sufficient,Expired
BAT-002221,2020-06-22,Curd,Mother Dairy,kilograms,Refrigerated,Wholesale,2020-05-06,2020-05-13,228.33,5,223,223.33,-0.33,27.99,103.65,-40,Sufficient,Expired
BAT-002226,2020-01-27,Curd,Sudha,kilograms,Refrigerated,Wholesale,2019-12-23,2019-12-29,966.41,558,408,408.41,-0.41,22.34,50.58,-29,Sufficient,Expired
BAT-002231,2020-02-09,Curd,Amul,kilograms,Refrigerated,Retail,2020-01-06,2020-01-11,191.18,101,90,90.18,-0.18,41.42,30.7,-29,Sufficient,Expired
BAT-002232,2021-01-23,Curd,Mother Dairy,kilograms,Refrigerated,Retail,2020-12-27,2021-01-02,726.46,570,156,156.46,-0.46,76.25,152.96,-21,Sufficient,Expired
BAT-002233,2020-02-11,Curd,Mother Dairy,kilograms,Refrigerated,Wholesale,2019-12-14,2019-12-20,565.42,305,260,260.42,-0.42,94.66,181.13,-53,Sufficient,Expired
BAT-002234,2022-10-08,Curd,Sudha,kilograms,Refrigerated,Retail,2022-08-12,2022-08-19,306.44,81,225,225.44,-0.44,98.87,182.21,-50,Sufficient,Expired
BAT-002235,2022-08-13,Curd,Sudha,kilograms,Refrigerated,Wholesale,2022-08-12,2022-08-19,804.02,226,578,578.02,-0.02,44.14,189.47,6,Sufficient,Expiring Soon
BAT-002236,2020-05-13,Curd,Raj,kilograms,Refrigerated,Wholesale,2020-04-16,2020-04-21,823.35,275,548,548.35,-0.35,78.39,115.46,-22,Sufficient,Expired
BAT-002238,2020-07-15,Curd,Sudha,kilograms,Refrigerated,Online,2020-05-26,2020-06-01,78.09,73,5,5.09,-0.09,96.7,140.42,-44,Low Stock,Expired
BAT-002239,2022-11-07,Curd,Raj,kilograms,Refrigerated,Retail,2022-09-21,2022-09-26,506.35,407,99,99.35,-0.35,72.06,71.17,-42,Sufficient,Expired
BAT-002242,2019-12-02,Curd,Mother Dairy,kilograms,Refrigerated,Retail,2019-11-27,2019-12-04,877.14,485,392,392.14,-0.14,81.27,164.76,2,Sufficient,Urgent
BAT-002245,2021-01-10,Curd,Mother Dairy,kilograms,Refrigerated,Retail,2020-12-28,2021-01-02,487.4,267,220,220.4,-0.4,61.49,127.07,-8,Sufficient,Expired
BAT-002246,2019-01-09,Curd,Raj,kilograms,Refrigerated,Online,2018-12-30,2019-01-04,575.27,295,280,280.27,-0.27,25.34,92.39,-5,Sufficient,Expired
BAT-002250,2019-04-01,Curd,Sudha,kilograms,Refrigerated,Online,2019-02-14,2019-02-20,273.05,214,59,59.05,-0.05,56.5,35.47,-40,Sufficient,Expired
BAT-002252,2021-12-24,Curd,Mother Dairy,kilograms,Refrigerated,Wholesale,2021-11-25,2021-11-30,812.38,582,230,230.38,-0.38,31.07,123.16,-24,Sufficient,Expired
BAT-002253,2019-07-04,Curd,Raj,kilograms,Refrigerated,Wholesale,2019-06-15,2019-06-22,571.43,523,48,48.43,-0.43,92.81,110.1,-12,Low Stock,Expired
BAT-002255,2021-02-14,Curd,Mother Dairy,kilograms,Refrigerated,Online,2021-02-10,2021-02-17,777.2,224,553,553.2,-0.2,80.18,80.88,3,Sufficient,Urgent
BAT-002257,2021-02-22,Curd,Raj,kilograms,Refrigerated,Retail,2021-01-09,2021-01-15,734.1,359,375,375.1,-0.1,73.08,196.29,-38,Sufficient,Expired
BAT-002258,2022-07-01,Curd,Amul,kilograms,Refrigerated,Retail,2022-05-02,2022-05-08,956.43,419,537,537.43,-0.43,37.05,159.17,-54,Sufficient,Expired
BAT-002260,2022-11-23,Curd,Amul,kilograms,Refrigerated,Retail,2022-10-11,2022-10-18,534.42,76,458,458.42,-0.42,64.69,136.57,-36,Sufficient,Expired
BAT-002263,2021-10-20,Curd,Sudha,kilograms,Refrigerated,Wholesale,2021-09-22,2021-09-29,426.18,418,8,8.18,-0.18,76.13,148.3,-21,Low Stock,Expired
BAT-002266,2020-12-19,Curd,Amul,kilograms,Refrigerated,Online,2020-11-25,2020-12-02,544.08,509,35,35.08,-0.08,98.94,70.05,-17,Low Stock,Expired
BAT-002269,2022-12-08,Curd,Mother Dairy,kilograms,Refrigerated,Retail,2022-10-28,2022-11-02,486.04,440,46,46.04,-0.04,64.11,129.42,-36,Low Stock,Expired
BAT-002271,2020-07-25,Curd,Sudha,kilograms,Refrigerated,Online,2020-06-04,2020-06-09,317.23,116,201,201.23,-0.23,42.49,111.31,-46,Sufficient,Expired
BAT-002272,2020-03-20,Curd,Raj,kilograms,Refrigerated,Online,2020-02-02,2020-02-07,471.07,261,210,210.07,-0.07,78.42,45.86,-42,Sufficient,Expired
BAT-002273,2019-09-22,Curd,Raj,kilograms,Refrigerated,Online,2019-07-29,2019-08-04,568.38,193,375,375.38,-0.38,50.76,93.38,-49,Sufficient,Expired
BAT-002279,2021-11-17,Curd,Raj,kilograms,Refrigerated,Wholesale,2021-09-21,2021-09-28,557.3,199,358,358.3,-0.3,82.24,69.61,-50,Sufficient,Expired
BAT-002280,2020-03-12,Curd,Mother Dairy,kilograms,Refrigerated,Retail,2020-02-04,2020-02-10,490.01,343,147,147.01,-0.01,39.38,162.18,-31,Sufficient,Expired
BAT-002281,2019-02-05,Curd,Amul,kilograms,Refrigerated,Online,2018-12-24,2018-12-30,761.33,90,671,671.33,-0.33,57.2,75.56,-37,Sufficient,Expired
BAT-002282,2021-11-18,Curd,Amul,kilograms,Refrigerated,Retail,2021-11-09,2021-11-16,990.11,93,897,897.11,-0.11,14.52,137.26,-2,Sufficient,Expired
BAT-002288,2019-11-03,Curd,Mother Dairy,kilograms,Refrigerated,Online,2019-10-31,2019-11-06,48.19,23,25,25.19,-0.19,84.89,154.33,3,Low Stock,Urgent
BAT-002290,2021-10-25,Curd,Raj,kilograms,Refrigerated,Wholesale,2021-10-12,2021-10-17,93.2,59,34,34.2,-0.2,39.28,169.37,-8,Low Stock,Expired
BAT-002291,2022-12-27,Curd,Sudha,kilograms,Refrigerated,Wholesale,2022-11-02,2022-11-08,634.43,195,439,439.43,-0.43,57.39,35.68,-49,Sufficient,Expired
BAT-002292,2022-06-26,Curd,Sudha,kilograms,Refrigerated,Wholesale,2022-06-11,2022-06-16,531.02,168,363,363.02,-0.02,57.61,138.6,-10,Sufficient,Expired
BAT-002297,2022-03-13,Curd,Mother Dairy,kilograms,Refrigerated,Retail,2022-02-15,2022-02-21,693.49,167,526,526.49,-0.49,51.14,163.11,-20,Sufficient,Expired
BAT-002303,2022-10-02,Curd,Sudha,kilograms,Refrigerated,Wholesale,2022-08-07,2022-08-14,892.22,778,114,114.22,-0.22,62.8,66.45,-49,Sufficient,Expired
BAT-002304,2021-10-11,Curd,Amul,kilograms,Refrigerated,Online,2021-10-09,2021-10-14,471.44,313,158,158.44,-0.44,38.75,118.66,3,Sufficient,Urgent
BAT-002305,2019-09-16,Curd,Amul,kilograms,Refrigerated,Wholesale,2019-08-08,2019-08-15,694.29,632,62,62.29,-0.29,22.71,53.9,-32,Sufficient,Expired
BAT-002306,2021-05-26,Curd,Amul,kilograms,Refrigerated,Retail,2021-05-20,2021-05-25,501.36,63,438,438.36,-0.36,55.14,106.0,-1,Sufficient,Expired
BAT-002307,2020-07-16,Curd,Mother Dairy,kilograms,Refrigerated,Online,2020-07-12,2020-07-18,509.05,74,435,435.05,-0.05,70.61,127.01,2,Sufficient,Urgent
BAT-002308,2021-01-11,Curd,Sudha,kilograms,Refrigerated,Online,2020-11-21,2020-11-27,263.43,181,82,82.43,-0.43,18.54,188.51,-45,Sufficient,Expired
BAT-002311,2019-11-18,Curd,Amul,kilograms,Refrigerated,Retail,2019-11-17,2019-11-23,446.41,59,387,387.41,-0.41,34.0,117.6,5,Sufficient,Expiring Soon
BAT-002312,2022-11-10,Curd,Amul,kilograms,Refrigerated,Wholesale,2022-09-30,2022-10-05,976.47,331,645,645.47,-0.47,64.27,57.45,-36,Sufficient,Expired
BAT-002313,2019-05-16,Curd,Mother Dairy,kilograms,Refrigerated,Online,2019-03-21,2019-03-26,410.02,357,53,53.02,-0.02,52.94,138.31,-51,Sufficient,Expired
BAT-002314,2021-09-13,Curd,Mother Dairy,kilograms,Refrigerated,Online,2021-09-02,2021-09-07,919.41,76,843,843.41,-0.41,49.64,168.84,-6,Sufficient,Expired
BAT-002316,2022-04-17,Curd,Mother Dairy,kilograms,Refrigerated,Online,2022-03-20,2022-03-25,681.16,292,389,389.16,-0.16,70.04,109.06,-23,Sufficient,Expired
BAT-002317,2021-08-23,Curd,Raj,kilograms,Refrigerated,Retail,2021-08-18,2021-08-24,80.44,14,66,66.44,-0.44,57.92,144.04,1,Sufficient,Urgent
BAT-002319,2019-10-01,Curd,Mother Dairy,kilograms,Refrigerated,Online,2019-09-05,2019-09-10,536.41,453,83,83.41,-0.41,25.1,73.35,-21,Sufficient,Expired
BAT-002320,2020-01-20,Curd,Raj,kilograms,Refrigerated,Online,2020-01-08,2020-01-15,209.39,109,100,100.39,-0.39,35.42,198.03,-5,Sufficient,Expired
BAT-002322,2019-09-14,Curd,Sudha,kilograms,Refrigerated,Wholesale,2019-08-27,2019-09-02,459.1,450,9,9.1,-0.1,82.7,36.78,-12,Low Stock,Expired
BAT-002323,2021-04-03,Curd,Sudha,kilograms,Refrigerated,Online,2021-02-19,2021-02-26,549.43,1,548,548.43,-0.43,89.49,68.45,-36,Sufficient,Expired
BAT-002324,2019-07-24,Curd,Amul,kilograms,Refrigerated,Online,2019-06-17,2019-06-24,34.42,14,20,20.42,-0.42,88.54,63.29,-30,Low Stock,Expired
BAT-002325,2022-07-18,Curd,Raj,kilograms,Refrigerated,Online,2022-06-21,2022-06-26,285.0,254,31,31.0,0.0,89.74,21.53,-22,Low Stock,Expired
BAT-002327,2020-10-10,Curd,Sudha,kilograms,Refrigerated,Online,2020-08-29,2020-09-04,820.0,247,573,573.0,0.0,65.1,48.51,-36,Sufficient,Expired
BAT-002328,2021-03-17,Curd,Sudha,kilograms,Refrigerated,Retail,2021-01-28,2021-02-04,45.34,6,39,39.34,-0.34,24.92,40.27,-41,Sufficient,Expired
BAT-002329,2020-02-20,Curd,Raj,kilograms,Refrigerated,Wholesale,2020-01-21,2020-01-26,84.22,68,16,16.22,-0.22,85.51,117.92,-25,Low Stock,Expired
BAT-002330,2019-04-23,Curd,Sudha,kilograms,Refrigerated,Retail,2019-03-07,2019-03-12,701.45,133,568,568.45,-0.45,87.96,95.8,-42,Sufficient,Expired
BAT-002331,2019-09-03,Curd,Mother Dairy,kilograms,Refrigerated,Online,2019-08-10,2019-08-17,608.37,323,285,285.37,-0.37,78.56,78.59,-17,Sufficient,Expired
BAT-002332,2019-07-23,Curd,Raj,kilograms,Refrigerated,Retail,2019-06-26,2019-07-02,1.17,1,0,0.17,-0.17,86.88,26.59,-21,Low Stock,Expired
BAT-002333,2021-02-21,Curd,Raj,kilograms,Refrigerated,Retail,2021-02-15,2021-02-21,126.35,17,109,109.35,-0.35,57.83,54.89,0,Sufficient,Urgent
BAT-002336,2020-10-03,Curd,Raj,kilograms,Refrigerated,Wholesale,2020-08-05,2020-08-12,752.14,443,309,309.14,-0.14,34.6,116.55,-52,Sufficient,Expired
BAT-002337,2020-03-12,Curd,Mother Dairy,kilograms,Refrigerated,Retail,2020-01-19,2020-01-24,901.07,684,217,217.07,-0.07,51.81,136.66,-48,Sufficient,Expired
BAT-002338,2020-05-04,Curd,Amul,kilograms,Refrigerated,Retail,2020-04-18,2020-04-24,816.36,632,184,184.36,-0.36,89.17,188.16,-10,Sufficient,Expired
BAT-002341,2020-10-25,Curd,Raj,kilograms,Refrigerated,Retail,2020-09-28,2020-10-03,905.27,119,786,786.27,-0.27,46.57,51.77,-22,Sufficient,Expired
BAT-002343,2020-03-16,Curd,Amul,kilograms,Refrigerated,Retail,2020-02-18,2020-02-23,696.09,639,57,57.09,-0.09,46.04,173.7,-22,Sufficient,Expired
BAT-002346,2021-03-15,Curd,Amul,kilograms,Refrigerated,Online,2021-02-14,2021-02-21,379.21,318,61,61.21,-0.21,34.77,118.0,-22,Sufficient,Expired
BAT-002347,2022-07-15,Curd,Mother Dairy,kilograms,Refrigerated,Online,2022-06-18,2022-06-25,169.43,17,152,152.43,-0.43,40.7,160.0,-20,Sufficient,Expired
BAT-002350,2019-05-23,Curd,Amul,kilograms,Refrigerated,Wholesale,2019-05-07,2019-05-13,607.19,522,85,85.19,-0.19,62.43,85.3,-10,Sufficient,Expired
BAT-002351,2021-10-09,Curd,Raj,kilograms,Refrigerated,Online,2021-08-31,2021-09-06,161.32,22,139,139.32,-0.32,31.8,53.64,-33,Sufficient,Expired
BAT-002353,2022-01-12,Curd,Raj,kilograms,Refrigerated,Online,2021-12-22,2021-12-28,993.43,70,923,923.43,-0.43,64.24,58.4,-15,Sufficient,Expired
BAT-002355,2021-06-06,Curd,Sudha,kilograms,Refrigerated,Wholesale,2021-05-31,2021-06-05,866.16,463,403,403.16,-0.16,15.72,134.92,-1,Sufficient,Expired
BAT-002356,2020-07-06,Curd,Raj,kilograms,Refrigerated,Retail,2020-05-11,2020-05-18,336.37,37,299,299.37,-0.37,64.51,27.71,-49,Sufficient,Expired
BAT-002361,2019-07-20,Curd,Raj,kilograms,Refrigerated,Retail,2019-07-07,2019-07-12,82.1,68,14,14.1,-0.1,11.32,172.14,-8,Sufficient,Expired
BAT-002362,2020-11-10,Curd,Mother Dairy,kilograms,Refrigerated,Retail,2020-09-19,2020-09-25,200.02,198,2,2.02,-0.02,46.37,65.84,-46,Low Stock,Expired
BAT-002364,2022-04-06,Curd,Amul,kilograms,Refrigerated,Retail,2022-03-14,2022-03-19,999.16,756,243,243.16,-0.16,67.64,70.05,-18,Sufficient,Expired
BAT-002366,2022-09-22,Curd,Sudha,kilograms,Refrigerated,Retail,2022-08-04,2022-08-11,434.19,163,271,271.19,-0.19,26.92,116.72,-42,Sufficient,Expired
BAT-002367,2019-05-12,Curd,Amul,kilograms,Refrigerated,Retail,2019-05-07,2019-05-12,63.26,3,60,60.26,-0.26,37.78,20.38,0,Sufficient,Urgent
BAT-002368,2022-12-05,Curd,Amul,kilograms,Refrigerated,Wholesale,2022-11-10,2022-11-15,991.29,464,527,527.29,-0.29,15.79,78.58,-20,Sufficient,Expired
BAT-002369,2019-05-20,Curd,Raj,kilograms,Refrigerated,Wholesale,2019-04-02,2019-04-07,79.36,20,59,59.36,-0.36,95.02,71.66,-43,Low Stock,Expired
BAT-002372,2021-01-18,Curd,Raj,kilograms,Refrigerated,Retail,2020-11-27,2020-12-03,936.12,157,779,779.12,-0.12,65.92,153.37,-46,Sufficient,Expired
BAT-002373,2020-05-06,Curd,Amul,kilograms,Refrigerated,Wholesale,2020-03-21,2020-03-28,791.43,538,253,253.43,-0.43,66.42,59.81,-39,Sufficient,Expired
BAT-002374,2022-12-11,Curd,Raj,kilograms,Refrigerated,Retail,2022-10-27,2022-11-03,759.06,125,634,634.06,-0.06,63.35,118.3,-38,Sufficient,Expired
BAT-002376,2020-07-15,Curd,Mother Dairy,kilograms,Refrigerated,Retail,2020-06-10,2020-06-17,186.26,52,134,134.26,-0.26,15.37,62.23,-28,Sufficient,Expired
BAT-002377,2020-01-24,Curd,Amul,kilograms,Refrigerated,Online,2019-12-31,2020-01-05,643.43,437,206,206.43,-0.43,25.88,67.38,-19,Sufficient,Expired
BAT-002378,2019-10-17,Curd,Amul,kilograms,Refrigerated,Wholesale,2019-09-13,2019-09-20,432.3,403,29,29.3,-0.3,84.19,172.21,-27,Low Stock,Expired
BAT-002382,2020-06-25,Curd,Mother Dairy,kilograms,Refrigerated,Online,2020-06-11,2020-06-16,86.18,53,33,33.18,-0.18,52.04,174.72,-9,Low Stock,Expired
BAT-002383,2020-08-27,Curd,Amul,kilograms,Refrigerated,Wholesale,2020-07-27,2020-08-02,82.33,2,80,80.33,-0.33,34.84,106.78,-25,Sufficient,Expired
BAT-002385,2020-12-20,Curd,Sudha,kilograms,Refrigerated,Online,2020-11-10,2020-11-17,391.2,81,310,310.2,-0.2,59.09,133.88,-33,Sufficient,Expired
BAT-002390,2021-08-18,Curd,Sudha,kilograms,Refrigerated,Wholesale,2021-06-22,2021-06-29,658.24,427,231,231.24,-0.24,70.52,66.65,-50,Sufficient,Expired
BAT-002391,2021-02-25,Curd,Amul,kilograms,Refrigerated,Online,2021-01-03,2021-01-08,873.48,348,525,525.48,-0.48,25.68,183.83,-48,Sufficient,Expired
BAT-002393,2022-08-24,Curd,Sudha,kilograms,Refrigerated,Retail,2022-06-27,2022-07-03,220.21,218,2,2.21,-0.21,74.74,131.05,-52,Low Stock,Expired
BAT-002394,2019-07-28,Curd,Mother Dairy,kilograms,Refrigerated,Retail,2019-06-13,2019-06-20,566.41,110,456,456.41,-0.41,77.08,158.2,-38,Sufficient,Expired
BAT-002395,2021-09-26,Curd,Amul,kilograms,Refrigerated,Retail,2021-08-01,2021-08-06,484.47,404,80,80.47,-0.47,88.49,32.99,-51,Low Stock,Expired
BAT-002396,2019-03-08,Curd,Amul,kilograms,Refrigerated,Online,2019-03-01,2019-03-06,989.32,109,880,880.32,-0.32,28.42,138.91,-2,Sufficient,Expired
BAT-002397,2020-05-16,Curd,Amul,kilograms,Refrigerated,Online,2020-03-26,2020-04-01,103.34,27,76,76.34,-0.34,47.34,55.94,-45,Sufficient,Expired
BAT-002398,2020-12-20,Curd,Sudha,kilograms,Refrigerated,Retail,2020-11-02,2020-11-09,478.22,477,1,1.22,-0.22,10.03,104.71,-41,Low Stock,Expired
BAT-002401,2022-12-01,Curd,Sudha,kilograms,Refrigerated,Wholesale,2022-10-12,2022-10-17,665.4,228,437,437.4,-0.4,33.46,160.2,-45,Sufficient,Expired
BAT-002402,2020-02-16,Curd,Raj,kilograms,Refrigerated,Wholesale,2020-01-12,2020-01-19,424.45,7,417,417.45,-0.45,82.64,171.4,-28,Sufficient,Expired
BAT-002404,2019-03-21,Curd,Amul,kilograms,Refrigerated,Wholesale,2019-03-18,2019-03-23,209.35,90,119,119.35,-0.35,56.91,177.65,2,Sufficient,Urgent
BAT-002406,2021-12-23,Curd,Raj,kilograms,Refrigerated,Online,2021-11-11,2021-11-16,964.1,924,40,40.1,-0.1,56.14,117.65,-37,Low Stock,Expired
BAT-002407,2021-05-13,Curd,Sudha,kilograms,Refrigerated,Wholesale,2021-04-19,2021-04-26,224.13,212,12,12.13,-0.13,57.79,138.97,-17,Low Stock,Expired
BAT-002408,2020-06-26,Curd,Amul,kilograms,Refrigerated,Online,2020-04-27,2020-05-02,904.28,376,528,528.28,-0.28,22.97,102.84,-55,Sufficient,Expired
BAT-002409,2019-06-06,Curd,Mother Dairy,kilograms,Refrigerated,Retail,2019-05-31,2019-06-06,931.22,820,111,111.22,-0.22,32.48,170.14,0,Sufficient,Urgent
BAT-002412,2021-04-01,Curd,Raj,kilograms,Refrigerated,Wholesale,2021-03-26,2021-04-02,473.16,419,54,54.16,-0.16,19.48,86.6,1,Sufficient,Urgent
BAT-002414,2019-07-03,Curd,Raj,kilograms,Refrigerated,Wholesale,2019-05-09,2019-05-16,456.42,37,419,419.42,-0.42,79.64,142.93,-48,Sufficient,Expired
BAT-002416,2020-06-11,Curd,Amul,kilograms,Refrigerated,Retail,2020-05-08,2020-05-15,843.45,604,239,239.45,-0.45,24.72,23.16,-27,Sufficient,Expired
BAT-002421,2022-01-26,Curd,Sudha,kilograms,Refrigerated,Retail,2022-01-13,2022-01-20,775.28,553,222,222.28,-0.28,22.99,140.75,-6,Sufficient,Expired
BAT-002422,2021-06-15,Curd,Mother Dairy,kilograms,Refrigerated,Retail,2021-06-12,2021-06-19,426.26,155,271,271.26,-0.26,57.41,129.56,4,Sufficient,Expiring Soon
BAT-002423,2019-05-20,Curd,Amul,kilograms,Refrigerated,Retail,2019-04-17,2019-04-24,833.11,622,211,211.11,-0.11,59.28,181.47,-26,Sufficient,Expired
BAT-002424,2022-09-11,Curd,Raj,kilograms,Refrigerated,Wholesale,2022-08-21,2022-08-26,770.24,674,96,96.24,-0.24,21.8,192.58,-16,Sufficient,Expired
BAT-002427,2021-01-08,Curd,Mother Dairy,kilograms,Refrigerated,Wholesale,2021-01-02,2021-01-07,520.42,143,377,377.42,-0.42,11.62,58.75,-1,Sufficient,Expired
BAT-002433,2019-12-23,Curd,Mother Dairy,kilograms,Refrigerated,Online,2019-12-17,2019-12-23,165.21,117,48,48.21,-0.21,13.33,94.2,0,Sufficient,Urgent
BAT-002434,2020-06-28,Curd,Mother Dairy,kilograms,Refrigerated,Wholesale,2020-05-23,2020-05-30,431.5,293,138,138.5,-0.5,59.57,39.42,-29,Sufficient,Expired
BAT-002436,2020-01-25,Curd,Sudha,kilograms,Refrigerated,Online,2020-01-10,2020-01-17,529.4,229,300,300.4,-0.4,24.79,157.86,-8,Sufficient,Expired
BAT-002437,2019-02-13,Curd,Sudha,kilograms,Refrigerated,Retail,2019-02-12,2019-02-17,334.34,53,281,281.34,-0.34,20.52,30.01,4,Sufficient,Expiring Soon
BAT-002442,2019-12-07,Curd,Amul,kilograms,Refrigerated,Retail,2019-11-28,2019-12-05,221.31,119,102,102.31,-0.31,59.83,24.38,-2,Sufficient,Expired
BAT-002446,2020-09-11,Curd,Raj,kilograms,Refrigerated,Online,2020-08-05,2020-08-11,963.28,590,373,373.28,-0.28,54.19,26.37,-31,Sufficient,Expired
BAT-002448,2022-07-10,Curd,Raj,kilograms,Refrigerated,Retail,2022-06-11,2022-06-18,815.29,568,247,247.29,-0.29,92.35,74.68,-22,Sufficient,Expired
BAT-002453,2022-06-16,Curd,Mother Dairy,kilograms,Refrigerated,Retail,2022-04-20,2022-04-26,586.14,549,37,37.14,-0.14,95.9,54.9,-51,Low Stock,Expired
BAT-002458,2019-09-27,Curd,Sudha,kilograms,Refrigerated,Retail,2019-09-22,2019-09-29,864.01,48,816,816.01,-0.01,23.86,38.11,2,Sufficient,Urgent
BAT-002460,2019-09-21,Curd,Mother Dairy,kilograms,Refrigerated,Retail,2019-09-17,2019-09-23,959.03,56,903,903.03,-0.03,78.38,148.86,2,Sufficient,Urgent
BAT-002462,2022-02-19,Curd,Sudha,kilograms,Refrigerated,Retail,2021-12-27,2022-01-02,732.05,312,420,420.05,-0.05,32.36,145.45,-48,Sufficient,Expired
BAT-002463,2020-05-07,Curd,Sudha,kilograms,Refrigerated,Wholesale,2020-04-07,2020-04-12,389.06,57,332,332.06,-0.06,28.67,169.03,-25,Sufficient,Expired
BAT-002465,2020-10-09,Curd,Raj,kilograms,Refrigerated,Online,2020-08-26,2020-09-01,638.16,620,18,18.16,-0.16,97.02,58.76,-38,Low Stock,Expired
BAT-002467,2021-06-28,Curd,Sudha,kilograms,Refrigerated,Retail,2021-06-20,2021-06-26,800.47,547,253,253.47,-0.47,53.63,139.46,-2,Sufficient,Expired
BAT-002471,2020-05-17,Curd,Amul,kilograms,Refrigerated,Retail,2020-03-29,2020-04-05,882.33,539,343,343.33,-0.33,70.76,76.46,-42,Sufficient,Expired
BAT-002474,2019-09-02,Curd,Amul,kilograms,Refrigerated,Wholesale,2019-07-30,2019-08-04,571.37,244,327,327.37,-0.37,46.28,152.64,-29,Sufficient,Expired
BAT-002476,2021-03-12,Curd,Mother Dairy,kilograms,Refrigerated,Wholesale,2021-01-18,2021-01-23,219.46,143,76,76.46,-0.46,44.73,134.83,-48,Sufficient,Expired
BAT-002477,2022-01-05,Curd,Mother Dairy,kilograms,Refrigerated,Wholesale,2021-12-18,2021-12-24,294.23,35,259,259.23,-0.23,68.99,117.13,-12,Sufficient,Expired
BAT-002478,2019-09-12,Curd,Amul,kilograms,Refrigerated,Retail,2019-08-16,2019-08-21,963.06,15,948,948.06,-0.06,76.59,70.13,-22,Sufficient,Expired
BAT-002479,2022-10-25,Curd,Raj,kilograms,Refrigerated,Wholesale,2022-10-19,2022-10-25,695.49,239,456,456.49,-0.49,35.99,196.75,0,Sufficient,Urgent
BAT-002480,2021-04-14,Curd,Mother Dairy,kilograms,Refrigerated,Wholesale,2021-04-03,2021-04-09,777.23,379,398,398.23,-0.23,10.52,103.34,-5,Sufficient,Expired
BAT-002481,2021-12-28,Curd,Amul,kilograms,Refrigerated,Online,2021-11-09,2021-11-15,422.15,325,97,97.15,-0.15,75.75,54.03,-43,Sufficient,Expired
BAT-002483,2021-01-22,Curd,Sudha,kilograms,Refrigerated,Online,2020-12-19,2020-12-25,423.01,145,278,278.01,-0.01,45.85,154.67,-28,Sufficient,Expired
BAT-002484,2021-02-06,Curd,Sudha,kilograms,Refrigerated,Wholesale,2021-01-20,2021-01-26,562.0,526,36,36.0,0.0,39.48,63.82,-11,Low Stock,Expired
BAT-002485,2020-03-07,Curd,Amul,kilograms,Refrigerated,Retail,2020-02-09,2020-02-16,983.13,53,930,930.13,-0.13,14.82,125.72,-20,Sufficient,Expired
BAT-002487,2019-10-14,Curd,Mother Dairy,kilograms,Refrigerated,Retail,2019-08-21,2019-08-28,766.18,196,570,570.18,-0.18,53.95,62.94,-47,Sufficient,Expired
BAT-002490,2022-02-15,Curd,Mother Dairy,kilograms,Refrigerated,Wholesale,2022-02-06,2022-02-13,504.07,451,53,53.07,-0.07,64.07,37.54,-2,Low Stock,Expired
BAT-002491,2019-04-12,Curd,Mother Dairy,kilograms,Refrigerated,Retail,2019-03-17,2019-03-24,330.01,57,273,273.01,-0.01,89.41,80.31,-19,Sufficient,Expired
BAT-002492,2020-10-12,Curd,Raj,kilograms,Refrigerated,Online,2020-09-06,2020-09-13,364.27,23,341,341.27,-0.27,88.82,123.34,-29,Sufficient,Expired
BAT-002493,2020-12-27,Curd,Sudha,kilograms,Refrigerated,Online,2020-11-23,2020-11-29,274.27,61,213,213.27,-0.27,64.77,81.69,-28,Sufficient,Expired
BAT-002495,2020-01-03,Curd,Raj,kilograms,Refrigerated,Retail,2019-11-29,2019-12-05,678.33,7,671,671.33,-0.33,43.64,158.24,-29,Sufficient,Expired
BAT-002496,2020-01-07,Curd,Mother Dairy,kilograms,Refrigerated,Wholesale,2019-12-04,2019-12-11,846.35,549,297,297.35,-0.35,95.27,81.62,-27,Sufficient,Expired
BAT-002499,2022-03-19,Curd,Sudha,kilograms,Refrigerated,Retail,2022-02-21,2022-02-28,91.24,57,34,34.24,-0.24,80.08,155.85,-19,Low Stock,Expired
BAT-002504,2021-02-16,Curd,Mother Dairy,kilograms,Refrigerated,Retail,2021-01-08,2021-01-15,871.45,522,349,349.45,-0.45,86.32,104.32,-32,Sufficient,Expired
BAT-002505,2020-02-11,Curd,Raj,kilograms,Refrigerated,Online,2020-01-09,2020-01-16,721.28,624,97,97.28,-0.28,91.6,38.4,-26,Sufficient,Expired
BAT-002507,2019-09-12,Curd,Amul,kilograms,Refrigerated,Retail,2019-08-17,2019-08-23,251.4,205,46,46.4,-0.4,20.28,77.11,-20,Sufficient,Expired
BAT-002508,2019-02-13,Curd,Sudha,kilograms,Refrigerated,Retail,2019-01-23,2019-01-29,893.14,55,838,838.14,-0.14,24.64,119.94,-15,Sufficient,Expired
BAT-002511,2020-07-27,Curd,Amul,kilograms,Refrigerated,Retail,2020-06-20,2020-06-27,748.24,558,190,190.24,-0.24,58.61,140.78,-30,Sufficient,Expired
BAT-002512,2022-05-24,Curd,Mother Dairy,kilograms,Refrigerated,Retail,2022-05-07,2022-05-13,571.18,445,126,126.18,-0.18,91.32,150.3,-11,Sufficient,Expired
BAT-002513,2022-12-14,Curd,Raj,kilograms,Refrigerated,Retail,2022-11-07,2022-11-14,79.05,35,44,44.05,-0.05,70.36,123.72,-30,Low Stock,Expired
BAT-002514,2021-12-22,Curd,Amul,kilograms,Refrigerated,Wholesale,2021-11-19,2021-11-25,419.11,359,60,60.11,-0.11,83.91,192.98,-27,Low Stock,Expired
BAT-002516,2020-04-17,Curd,Amul,kilograms,Refrigerated,Online,2020-03-19,2020-03-26,73.34,58,15,15.34,-0.34,56.5,29.46,-22,Low Stock,Expired
BAT-002517,2019-02-10,Curd,Sudha,kilograms,Refrigerated,Online,2018-12-30,2019-01-04,132.19,18,114,114.19,-0.19,54.22,26.77,-37,Sufficient,Expired
BAT-002519,2020-11-09,Curd,Raj,kilograms,Refrigerated,Retail,2020-10-05,2020-10-10,790.5,211,579,579.5,-0.5,92.18,128.7,-30,Sufficient,Expired
BAT-002523,2022-03-12,Curd,Amul,kilograms,Refrigerated,Wholesale,2022-02-28,2022-03-06,107.48,29,78,78.48,-0.48,87.42,196.17,-6,Low Stock,Expired
BAT-002524,2022-11-16,Curd,Amul,kilograms,Refrigerated,Wholesale,2022-09-25,2022-09-30,580.35,96,484,484.35,-0.35,10.1,188.64,-47,Sufficient,Expired
BAT-002525,2022-01-03,Curd,Amul,kilograms,Refrigerated,Retail,2021-11-29,2021-12-04,894.4,501,393,393.4,-0.4,89.4,152.72,-30,Sufficient,Expired
BAT-002526,2019-09-01,Curd,Sudha,kilograms,Refrigerated,Online,2019-08-26,2019-08-31,213.49,185,28,28.49,-0.49,53.0,55.99,-1,Low Stock,Expired
BAT-002528,2021-12-27,Curd,Amul,kilograms,Refrigerated,Wholesale,2021-11-13,2021-11-18,313.13,210,103,103.13,-0.13,66.82,52.29,-39,Sufficient,Expired
BAT-002529,2020-02-12,Curd,Amul,kilograms,Refrigerated,Wholesale,2020-01-05,2020-01-11,81.26,66,15,15.26,-0.26,77.73,66.62,-32,Low Stock,Expired
BAT-002530,2021-03-03,Curd,Raj,kilograms,Refrigerated,Retail,2021-02-11,2021-02-17,920.39,571,349,349.39,-0.39,79.73,155.02,-14,Sufficient,Expired
BAT-002531,2021-07-28,Curd,Raj,kilograms,Refrigerated,Wholesale,2021-06-12,2021-06-18,196.38,128,68,68.38,-0.38,41.57,101.85,-40,Sufficient,Expired
BAT-002532,2022-08-27,Curd,Raj,kilograms,Refrigerated,Online,2022-08-17,2022-08-22,694.07,383,311,311.07,-0.07,96.18,196.39,-5,Sufficient,Expired
BAT-002533,2022-06-19,Curd,Mother Dairy,kilograms,Refrigerated,Wholesale,2022-04-29,2022-05-06,590.08,223,367,367.08,-0.08,81.27,99.76,-44,Sufficient,Expired
BAT-002534,2019-07-14,Curd,Raj,kilograms,Refrigerated,Wholesale,2019-06-06,2019-06-13,790.38,152,638,638.38,-0.38,52.43,28.36,-31,Sufficient,Expired
BAT-002538,2019-10-15,Curd,Sudha,kilograms,Refrigerated,Online,2019-08-24,2019-08-30,925.44,154,771,771.44,-0.44,15.25,96.47,-46,Sufficient,Expired
BAT-002541,2022-06-21,Curd,Mother Dairy,kilograms,Refrigerated,Wholesale,2022-06-19,2022-06-25,558.38,73,485,485.38,-0.38,70.99,59.86,4,Sufficient,Expiring Soon
BAT-002542,2022-05-21,Curd,Sudha,kilograms,Refrigerated,Online,2022-03-30,2022-04-06,338.33,25,313,313.33,-0.33,43.03,69.27,-45,Sufficient,Expired
BAT-002544,2019-08-12,Curd,Amul,kilograms,Refrigerated,Online,2019-06-15,2019-06-21,871.22,558,313,313.22,-0.22,74.96,37.53,-52,Sufficient,Expired
BAT-002545,2020-07-12,Curd,Raj,kilograms,Refrigerated,Wholesale,2020-06-24,2020-07-01,915.0,259,656,656.0,0.0,23.03,83.28,-11,Sufficient,Expired
BAT-002546,2021-12-23,Curd,Sudha,kilograms,Refrigerated,Online,2021-11-06,2021-11-13,915.33,915,0,0.33,-0.33,33.02,144.68,-40,Low Stock,Expired
BAT-002549,2020-10-16,Curd,Raj,kilograms,Refrigerated,Retail,2020-09-05,2020-09-11,449.13,276,173,173.13,-0.13,10.17,66.99,-35,Sufficient,Expired
BAT-002554,2022-12-14,Curd,Sudha,kilograms,Refrigerated,Wholesale,2022-12-12,2022-12-19,747.34,709,38,38.34,-0.34,17.46,167.21,5,Sufficient,Expiring Soon
BAT-002555,2022-11-14,Curd,Raj,kilograms,Refrigerated,Retail,2022-10-29,2022-11-04,985.05,864,121,121.05,-0.05,97.78,80.25,-10,Sufficient,Expired
BAT-002556,2022-06-18,Curd,Raj,kilograms,Refrigerated,Online,2022-05-30,2022-06-05,995.31,339,656,656.31,-0.31,20.75,184.22,-13,Sufficient,Expired
BAT-002557,2019-02-15,Curd,Sudha,kilograms,Refrigerated,Wholesale,2019-02-05,2019-02-12,902.4,246,656,656.4,-0.4,98.04,58.85,-3,Sufficient,Expired
BAT-002558,2021-09-08,Curd,Mother Dairy,kilograms,Refrigerated,Online,2021-08-13,2021-08-18,547.43,374,173,173.43,-0.43,89.32,67.04,-21,Sufficient,Expired
BAT-002561,2020-06-06,Curd,Sudha,kilograms,Refrigerated,Retail,2020-05-11,2020-05-18,974.02,243,731,731.02,-0.02,50.44,183.89,-19,Sufficient,Expired
BAT-002562,2019-08-06,Curd,Raj,kilograms,Refrigerated,Retail,2019-06-20,2019-06-27,858.4,835,23,23.4,-0.4,72.97,103.73,-40,Low Stock,Expired
BAT-002563,2022-12-12,Curd,Mother Dairy,kilograms,Refrigerated,Retail,2022-12-03,2022-12-10,9.25,1,8,8.25,-0.25,65.25,43.26,-2,Low Stock,Expired
BAT-002566,2019-06-28,Curd,Mother Dairy,kilograms,Refrigerated,Online,2019-06-27,2019-07-03,803.05,704,99,99.05,-0.05,93.71,173.49,5,Sufficient,Expiring Soon
BAT-002567,2020-03-10,Curd,Mother Dairy,kilograms,Refrigerated,Retail,2020-01-12,2020-01-19,607.17,574,33,33.17,-0.17,53.21,51.29,-51,Low Stock,Expired
BAT-002572,2022-03-11,Curd,Raj,kilograms,Refrigerated,Online,2022-02-20,2022-02-26,876.38,102,774,774.38,-0.38,57.0,116.14,-13,Sufficient,Expired
BAT-002575,2021-11-16,Curd,Amul,kilograms,Refrigerated,Online,2021-11-07,2021-11-12,136.21,102,34,34.21,-0.21,73.1,27.39,-4,Low Stock,Expired
BAT-002576,2021-11-01,Curd,Raj,kilograms,Refrigerated,Retail,2021-10-07,2021-10-14,505.01,400,105,105.01,-0.01,75.64,128.79,-18,Sufficient,Expired
BAT-002578,2021-12-28,Curd,Amul,kilograms,Refrigerated,Online,2021-12-10,2021-12-16,903.38,752,151,151.38,-0.38,70.51,30.92,-12,Sufficient,Expired
BAT-002581,2019-08-26,Curd,Raj,kilograms,Refrigerated,Online,2019-07-10,2019-07-16,658.42,372,286,286.42,-0.42,68.81,116.33,-41,Sufficient,Expired
BAT-002585,2020-11-15,Curd,Sudha,kilograms,Refrigerated,Retail,2020-10-02,2020-10-07,708.21,205,503,503.21,-0.21,50.53,84.19,-39,Sufficient,Expired
BAT-002586,2022-09-05,Curd,Raj,kilograms,Refrigerated,Online,2022-07-18,2022-07-23,391.13,57,334,334.13,-0.13,41.8,161.01,-44,Sufficient,Expired
BAT-002589,2020-09-17,Curd,Mother Dairy,kilograms,Refrigerated,Wholesale,2020-09-10,2020-09-17,548.38,60,488,488.38,-0.38,69.54,146.17,0,Sufficient,Urgent
BAT-002591,2019-12-07,Curd,Sudha,kilograms,Refrigerated,Retail,2019-11-18,2019-11-25,763.11,311,452,452.11,-0.11,48.64,187.48,-12,Sufficient,Expired
BAT-002594,2019-09-02,Curd,Mother Dairy,kilograms,Refrigerated,Online,2019-08-15,2019-08-21,350.35,31,319,319.35,-0.35,72.22,163.04,-12,Sufficient,Expired
BAT-002595,2019-05-13,Curd,Sudha,kilograms,Refrigerated,Retail,2019-04-05,2019-04-12,651.08,430,221,221.08,-0.08,72.04,155.81,-31,Sufficient,Expired
BAT-002596,2022-10-08,Curd,Mother Dairy,kilograms,Refrigerated,Online,2022-08-31,2022-09-05,554.47,188,366,366.47,-0.47,18.49,79.04,-33,Sufficient,Expired
BAT-002600,2022-10-25,Curd,Raj,kilograms,Refrigerated,Wholesale,2022-10-02,2022-10-09,3.1,2,1,1.1,-0.1,58.25,160.84,-16,Low Stock,Expired
BAT-002601,2020-10-14,Lassi,Sudha,liters,Refrigerated,Online,2020-08-22,2020-09-05,653.04,345,308,308.04,-0.04,26.65,24.68,-39,Sufficient,Expired
BAT-002607,2019-08-15,Lassi,Amul,liters,Refrigerated,Retail,2019-07-04,2019-07-20,681.45,552,129,129.45,-0.45,64.85,86.46,-26,Sufficient,Expired
BAT-002608,2021-05-26,Lassi,Amul,liters,Refrigerated,Retail,2021-05-14,2021-05-26,707.2,145,562,562.2,-0.2,65.74,122.35,0,Sufficient,Urgent
BAT-002609,2020-09-10,Lassi,Raj,liters,Refrigerated,Online,2020-07-22,2020-08-05,398.09,304,94,94.09,-0.09,89.77,81.83,-36,Sufficient,Expired
BAT-002610,2020-05-06,Lassi,Sudha,liters,Refrigerated,Retail,2020-04-07,2020-04-19,331.3,135,196,196.3,-0.3,82.87,190.42,-17,Sufficient,Expired
BAT-002611,2020-02-27,Lassi,Amul,liters,Refrigerated,Retail,2020-01-08,2020-01-24,648.13,597,51,51.13,-0.13,84.53,83.17,-34,Low Stock,Expired
BAT-002612,2019-11-18,Lassi,Amul,liters,Refrigerated,Wholesale,2019-09-25,2019-10-08,333.33,127,206,206.33,-0.33,82.77,106.76,-41,Sufficient,Expired
BAT-002614,2022-05-18,Lassi,Mother Dairy,liters,Refrigerated,Online,2022-04-28,2022-05-11,678.13,526,152,152.13,-0.13,54.19,56.09,-7,Sufficient,Expired
BAT-002617,2022-10-20,Lassi,Amul,liters,Refrigerated,Wholesale,2022-10-12,2022-10-28,973.01,286,687,687.01,-0.01,92.96,155.11,8,Sufficient,Safe
BAT-002618,2022-01-12,Lassi,Mother Dairy,liters,Refrigerated,Retail,2021-12-11,2021-12-24,569.49,204,365,365.49,-0.49,33.86,89.13,-19,Sufficient,Expired
BAT-002621,2019-06-28,Lassi,Raj,liters,Refrigerated,Retail,2019-06-15,2019-06-28,368.47,36,332,332.47,-0.47,65.83,114.41,0,Sufficient,Urgent
BAT-002622,2019-02-26,Lassi,Mother Dairy,liters,Refrigerated,Wholesale,2019-01-02,2019-01-16,59.17,45,14,14.17,-0.17,28.94,168.87,-41,Low Stock,Expired
BAT-002623,2020-04-25,Lassi,Amul,liters,Refrigerated,Retail,2020-04-07,2020-04-22,698.34,488,210,210.34,-0.34,21.16,140.38,-3,Sufficient,Expired
BAT-002626,2020-09-28,Lassi,Mother Dairy,liters,Refrigerated,Online,2020-09-23,2020-10-08,822.04,258,564,564.04,-0.04,69.75,186.54,10,Sufficient,Safe
BAT-002631,2020-03-27,Lassi,Sudha,liters,Refrigerated,Online,2020-02-23,2020-03-11,721.45,651,70,70.45,-0.45,23.03,20.45,-16,Sufficient,Expired
BAT-002635,2022-10-02,Lassi,Mother Dairy,liters,Refrigerated,Retail,2022-09-07,2022-09-23,642.22,73,569,569.22,-0.22,20.8,37.93,-9,Sufficient,Expired
BAT-002636,2022-08-14,Lassi,Mother Dairy,liters,Refrigerated,Wholesale,2022-07-08,2022-07-23,797.2,465,332,332.2,-0.2,54.86,154.13,-22,Sufficient,Expired
BAT-002639,2022-06-03,Lassi,Mother Dairy,liters,Refrigerated,Retail,2022-04-05,2022-04-19,302.38,105,197,197.38,-0.38,57.75,147.6,-45,Sufficient,Expired
BAT-002640,2019-01-07,Lassi,Amul,liters,Refrigerated,Wholesale,2018-12-13,2018-12-27,89.39,2,87,87.39,-0.39,11.95,178.18,-11,Sufficient,Expired
BAT-002643,2021-08-24,Lassi,Mother Dairy,liters,Refrigerated,Retail,2021-06-29,2021-07-15,294.03,285,9,9.03,-0.03,85.86,121.93,-40,Low Stock,Expired
BAT-002646,2019-12-21,Lassi,Sudha,liters,Refrigerated,Wholesale,2019-11-25,2019-12-13,553.37,467,86,86.37,-0.37,63.05,20.34,-8,Sufficient,Expired
BAT-002647,2019-05-27,Lassi,Raj,liters,Refrigerated,Wholesale,2019-04-15,2019-04-27,470.14,201,269,269.14,-0.14,11.87,74.41,-30,Sufficient,Expired
BAT-002652,2019-01-15,Lassi,Mother Dairy,liters,Refrigerated,Retail,2018-12-25,2019-01-10,65.25,8,57,57.25,-0.25,25.84,87.56,-5,Sufficient,Expired
BAT-002653,2019-11-14,Lassi,Amul,liters,Refrigerated,Retail,2019-11-06,2019-11-18,677.17,367,310,310.17,-0.17,91.29,97.18,4,Sufficient,Expiring Soon
BAT-002655,2020-06-18,Lassi,Amul,liters,Refrigerated,Online,2020-05-24,2020-06-08,732.5,153,579,579.5,-0.5,54.51,174.76,-10,Sufficient,Expired
BAT-002656,2021-04-10,Lassi,Amul,liters,Refrigerated,Retail,2021-03-09,2021-03-26,907.28,8,899,899.28,-0.28,24.79,153.76,-15,Sufficient,Expired
BAT-002657,2020-11-08,Lassi,Mother Dairy,liters,Refrigerated,Retail,2020-09-10,2020-09-28,627.47,387,240,240.47,-0.47,11.22,169.87,-41,Sufficient,Expired
BAT-002660,2022-08-08,Lassi,Raj,liters,Refrigerated,Wholesale,2022-08-02,2022-08-16,668.2,315,353,353.2,-0.2,54.0,83.47,8,Sufficient,Safe
BAT-002662,2021-03-15,Lassi,Mother Dairy,liters,Refrigerated,Online,2021-03-02,2021-03-19,687.22,301,386,386.22,-0.22,35.59,50.22,4,Sufficient,Expiring Soon
BAT-002664,2021-08-10,Lassi,Raj,liters,Refrigerated,Wholesale,2021-07-15,2021-07-27,981.38,960,21,21.38,-0.38,97.15,107.74,-14,Low Stock,Expired
BAT-002667,2022-04-04,Lassi,Raj,liters,Refrigerated,Wholesale,2022-02-12,2022-02-25,861.33,794,67,67.33,-0.33,94.12,119.51,-38,Low Stock,Expired
BAT-002669,2021-02-13,Lassi,Amul,liters,Refrigerated,Online,2021-01-02,2021-01-15,64.22,46,18,18.22,-0.22,75.91,21.43,-29,Low Stock,Expired
BAT-002673,2022-07-23,Lassi,Sudha,liters,Refrigerated,Online,2022-05-26,2022-06-12,487.46,414,73,73.46,-0.46,42.39,149.78,-41,Sufficient,Expired
BAT-002675,2019-09-12,Lassi,Raj,liters,Refrigerated,Retail,2019-07-14,2019-07-29,814.38,481,333,333.38,-0.38,65.01,53.95,-45,Sufficient,Expired
BAT-002677,2020-10-25,Lassi,Raj,liters,Refrigerated,Online,2020-09-28,2020-10-15,594.21,136,458,458.21,-0.21,69.8,28.27,-10,Sufficient,Expired
BAT-002678,2020-08-16,Lassi,Amul,liters,Refrigerated,Online,2020-06-21,2020-07-09,665.07,44,621,621.07,-0.07,12.82,108.62,-38,Sufficient,Expired
BAT-002680,2019-11-21,Lassi,Mother Dairy,liters,Refrigerated,Wholesale,2019-10-20,2019-11-04,757.12,177,580,580.12,-0.12,19.44,74.84,-17,Sufficient,Expired
BAT-002683,2022-10-18,Lassi,Raj,liters,Refrigerated,Retail,2022-09-23,2022-10-11,763.48,565,198,198.48,-0.48,46.62,63.38,-7,Sufficient,Expired
BAT-002686,2021-09-12,Lassi,Amul,liters,Refrigerated,Wholesale,2021-09-04,2021-09-17,457.09,66,391,391.09,-0.09,64.01,187.46,5,Sufficient,Expiring Soon
BAT-002688,2020-05-28,Lassi,Mother Dairy,liters,Refrigerated,Retail,2020-05-14,2020-05-28,809.49,422,387,387.49,-0.49,79.76,20.23,0,Sufficient,Urgent
BAT-002689,2019-02-21,Lassi,Sudha,liters,Refrigerated,Online,2019-02-13,2019-02-25,211.13,46,165,165.13,-0.13,69.54,147.24,4,Sufficient,Expiring Soon
BAT-002692,2022-12-01,Lassi,Mother Dairy,liters,Refrigerated,Retail,2022-10-27,2022-11-11,887.2,290,597,597.2,-0.2,40.06,143.24,-20,Sufficient,Expired
BAT-002695,2019-05-02,Lassi,Raj,liters,Refrigerated,Online,2019-03-04,2019-03-20,489.0,240,249,249.0,0.0,61.85,187.32,-43,Sufficient,Expired
BAT-002699,2021-12-02,Lassi,Raj,liters,Refrigerated,Online,2021-10-23,2021-11-04,639.12,318,321,321.12,-0.12,89.53,126.54,-28,Sufficient,Expired
BAT-002702,2020-07-23,Lassi,Mother Dairy,liters,Refrigerated,Retail,2020-07-18,2020-07-31,439.44,120,319,319.44,-0.44,64.77,153.54,8,Sufficient,Safe
BAT-002707,2022-04-13,Lassi,Raj,liters,Refrigerated,Wholesale,2022-03-11,2022-03-27,178.25,123,55,55.25,-0.25,99.1,81.06,-17,Low Stock,Expired
BAT-002709,2019-11-15,Lassi,Amul,liters,Refrigerated,Wholesale,2019-09-27,2019-10-13,235.01,142,93,93.01,-0.01,91.74,183.92,-33,Sufficient,Expired
BAT-002710,2020-09-09,Lassi,Mother Dairy,liters,Refrigerated,Wholesale,2020-08-11,2020-08-25,259.16,129,130,130.16,-0.16,50.96,93.39,-15,Sufficient,Expired
BAT-002711,2020-08-21,Lassi,Mother Dairy,liters,Refrigerated,Online,2020-07-20,2020-08-06,16.25,2,14,14.25,-0.25,53.03,185.17,-15,Low Stock,Expired
BAT-002714,2021-02-25,Lassi,Sudha,liters,Refrigerated,Online,2021-02-19,2021-03-03,579.35,356,223,223.35,-0.35,10.83,164.76,6,Sufficient,Expiring Soon
BAT-002715,2019-09-11,Lassi,Amul,liters,Refrigerated,Retail,2019-08-29,2019-09-15,593.01,472,121,121.01,-0.01,93.95,109.77,4,Sufficient,Expiring Soon
BAT-002717,2020-09-04,Lassi,Mother Dairy,liters,Refrigerated,Online,2020-08-18,2020-09-01,799.33,590,209,209.33,-0.33,17.69,70.23,-3,Sufficient,Expired
BAT-002719,2019-11-27,Lassi,Raj,liters,Refrigerated,Wholesale,2019-11-06,2019-11-19,282.29,174,108,108.29,-0.29,57.17,184.66,-8,Sufficient,Expired
BAT-002721,2021-04-11,Lassi,Sudha,liters,Refrigerated,Wholesale,2021-03-28,2021-04-14,742.42,309,433,433.42,-0.42,91.88,44.77,3,Sufficient,Urgent
BAT-002724,2019-01-01,Lassi,Amul,liters,Refrigerated,Online,2018-12-31,2019-01-13,963.16,429,534,534.16,-0.16,73.75,150.18,12,Sufficient,Safe
BAT-002725,2020-09-05,Lassi,Mother Dairy,liters,Refrigerated,Online,2020-07-11,2020-07-26,198.42,86,112,112.42,-0.42,58.18,160.85,-41,Sufficient,Expired
BAT-002726,2019-06-23,Lassi,Mother Dairy,liters,Refrigerated,Wholesale,2019-05-18,2019-06-05,136.03,25,111,111.03,-0.03,56.0,112.48,-18,Sufficient,Expired
BAT-002731,2019-11-14,Lassi,Mother Dairy,liters,Refrigerated,Online,2019-10-27,2019-11-14,659.08,527,132,132.08,-0.08,73.59,126.08,0,Sufficient,Urgent
BAT-002735,2022-08-15,Lassi,Mother Dairy,liters,Refrigerated,Wholesale,2022-08-09,2022-08-25,9.02,2,7,7.02,-0.02,17.94,26.95,10,Low Stock,Safe
BAT-002736,2019-12-14,Lassi,Mother Dairy,liters,Refrigerated,Retail,2019-10-28,2019-11-12,33.31,1,32,32.31,-0.31,53.67,123.79,-32,Low Stock,Expired
BAT-002739,2021-02-13,Lassi,Sudha,liters,Refrigerated,Online,2020-12-28,2021-01-15,374.06,319,55,55.06,-0.06,28.47,101.35,-29,Sufficient,Expired
BAT-002748,2020-04-24,Lassi,Raj,liters,Refrigerated,Retail,2020-03-10,2020-03-26,711.01,132,579,579.01,-0.01,88.68,56.3,-29,Sufficient,Expired
BAT-002750,2021-01-16,Lassi,Amul,liters,Refrigerated,Online,2020-12-18,2020-12-31,925.48,901,24,24.48,-0.48,10.54,20.21,-16,Sufficient,Expired
BAT-002751,2019-05-03,Lassi,Raj,liters,Refrigerated,Online,2019-04-01,2019-04-16,170.46,151,19,19.46,-0.46,30.13,94.8,-17,Low Stock,Expired
BAT-002753,2020-09-28,Lassi,Mother Dairy,liters,Refrigerated,Retail,2020-08-15,2020-08-28,940.46,162,778,778.46,-0.46,27.63,26.39,-31,Sufficient,Expired
BAT-002754,2019-07-09,Lassi,Mother Dairy,liters,Refrigerated,Online,2019-05-27,2019-06-08,190.11,119,71,71.11,-0.11,66.7,75.86,-31,Sufficient,Expired
BAT-002755,2019-05-17,Lassi,Raj,liters,Refrigerated,Online,2019-03-30,2019-04-16,397.18,206,191,191.18,-0.18,27.72,137.19,-31,Sufficient,Expired
BAT-002759,2019-09-03,Lassi,Raj,liters,Refrigerated,Wholesale,2019-08-14,2019-08-28,168.5,62,106,106.5,-0.5,36.31,62.68,-6,Sufficient,Expired
BAT-002760,2022-06-08,Lassi,Raj,liters,Refrigerated,Retail,2022-05-02,2022-05-20,527.39,469,58,58.39,-0.39,97.5,57.66,-19,Low Stock,Expired
BAT-002761,2020-09-27,Lassi,Raj,liters,Refrigerated,Online,2020-09-05,2020-09-19,116.07,22,94,94.07,-0.07,77.74,37.42,-8,Sufficient,Expired
BAT-002764,2020-05-22,Lassi,Sudha,liters,Refrigerated,Wholesale,2020-05-16,2020-06-01,7.45,1,6,6.45,-0.45,45.08,76.86,10,Low Stock,Safe
BAT-002765,2019-08-27,Lassi,Raj,liters,Refrigerated,Retail,2019-07-14,2019-07-27,61.3,52,9,9.3,-0.3,82.8,90.49,-31,Low Stock,Expired
BAT-002766,2021-10-01,Lassi,Raj,liters,Refrigerated,Online,2021-08-17,2021-08-31,140.1,105,35,35.1,-0.1,22.43,176.99,-31,Sufficient,Expired
BAT-002767,2021-11-05,Lassi,Amul,liters,Refrigerated,Wholesale,2021-09-27,2021-10-13,795.2,52,743,743.2,-0.2,79.89,36.3,-23,Sufficient,Expired
BAT-002768,2022-10-28,Lassi,Raj,liters,Refrigerated,Retail,2022-10-13,2022-10-30,150.15,59,91,91.15,-0.15,87.73,119.89,2,Sufficient,Urgent
BAT-002769,2019-08-07,Lassi,Sudha,liters,Refrigerated,Wholesale,2019-06-23,2019-07-10,881.08,489,392,392.08,-0.08,74.62,157.81,-28,Sufficient,Expired
BAT-002770,2020-06-14,Lassi,Raj,liters,Refrigerated,Retail,2020-04-19,2020-05-02,84.16,22,62,62.16,-0.16,20.98,117.21,-43,Sufficient,Expired
BAT-002771,2019-07-10,Lassi,Raj,liters,Refrigerated,Wholesale,2019-05-25,2019-06-07,831.32,304,527,527.32,-0.32,59.41,173.77,-33,Sufficient,Expired
BAT-002772,2019-05-20,Lassi,Raj,liters,Refrigerated,Online,2019-05-15,2019-05-31,561.44,166,395,395.44,-0.44,18.26,159.73,11,Sufficient,Safe
BAT-002774,2020-07-26,Lassi,Mother Dairy,liters,Refrigerated,Wholesale,2020-06-20,2020-07-02,576.33,162,414,414.33,-0.33,65.63,92.16,-24,Sufficient,Expired
BAT-002776,2019-02-12,Lassi,Amul,liters,Refrigerated,Wholesale,2018-12-18,2019-01-02,729.19,294,435,435.19,-0.19,58.23,132.93,-41,Sufficient,Expired
BAT-002777,2021-05-22,Lassi,Amul,liters,Refrigerated,Retail,2021-05-08,2021-05-22,899.42,425,474,474.42,-0.42,41.45,108.67,0,Sufficient,Urgent
BAT-002778,2019-08-05,Lassi,Amul,liters,Refrigerated,Retail,2019-07-02,2019-07-18,492.27,476,16,16.27,-0.27,22.79,42.75,-18,Low Stock,Expired
BAT-002780,2019-08-22,Lassi,Amul,liters,Refrigerated,Online,2019-07-24,2019-08-05,513.5,152,361,361.5,-0.5,17.74,33.63,-17,Sufficient,Expired
BAT-002781,2019-09-09,Lassi,Raj,liters,Refrigerated,Retail,2019-07-20,2019-08-03,60.41,37,23,23.41,-0.41,69.28,81.71,-37,Low Stock,Expired
BAT-002782,2021-01-26,Lassi,Raj,liters,Refrigerated,Wholesale,2020-12-28,2021-01-10,616.38,222,394,394.38,-0.38,54.47,138.78,-16,Sufficient,Expired
BAT-002784,2020-07-16,Lassi,Amul,liters,Refrigerated,Online,2020-06-07,2020-06-20,510.06,390,120,120.06,-0.06,92.08,123.76,-26,Sufficient,Expired
BAT-002790,2019-08-10,Lassi,Mother Dairy,liters,Refrigerated,Online,2019-06-29,2019-07-13,304.2,202,102,102.2,-0.2,93.23,120.83,-28,Sufficient,Expired
BAT-002791,2020-06-09,Lassi,Sudha,liters,Refrigerated,Online,2020-05-16,2020-06-01,134.21,67,67,67.21,-0.21,55.96,119.04,-8,Sufficient,Expired
BAT-002792,2019-10-09,Lassi,Raj,liters,Refrigerated,Online,2019-08-27,2019-09-10,44.28,38,6,6.28,-0.28,90.68,46.29,-29,Low Stock,Expired
BAT-002793,2020-04-18,Lassi,Raj,liters,Refrigerated,Online,2020-03-28,2020-04-10,855.01,629,226,226.01,-0.01,74.37,89.38,-8,Sufficient,Expired
BAT-002796,2021-10-12,Lassi,Amul,liters,Refrigerated,Wholesale,2021-09-10,2021-09-23,381.36,24,357,357.36,-0.36,32.33,84.81,-19,Sufficient,Expired
BAT-002797,2021-03-26,Lassi,Raj,liters,Refrigerated,Wholesale,2021-02-06,2021-02-19,297.13,145,152,152.13,-0.13,50.87,145.96,-35,Sufficient,Expired
BAT-002798,2020-08-19,Lassi,Mother Dairy,liters,Refrigerated,Online,2020-06-27,2020-07-13,297.29,181,116,116.29,-0.29,28.07,52.67,-37,Sufficient,Expired
BAT-002800,2021-01-11,Lassi,Sudha,liters,Refrigerated,Wholesale,2020-12-08,2020-12-25,677.05,80,597,597.05,-0.05,25.82,46.49,-17,Sufficient,Expired
BAT-002801,2021-03-19,Lassi,Raj,liters,Refrigerated,Wholesale,2021-02-11,2021-03-01,333.37,134,199,199.37,-0.37,34.95,181.79,-18,Sufficient,Expired
BAT-002803,2020-05-08,Lassi,Mother Dairy,liters,Refrigerated,Wholesale,2020-05-04,2020-05-16,329.38,107,222,222.38,-0.38,87.91,188.22,8,Sufficient,Safe
BAT-002806,2020-06-05,Lassi,Mother Dairy,liters,Refrigerated,Wholesale,2020-04-13,2020-04-27,619.5,50,569,569.5,-0.5,48.55,170.28,-39,Sufficient,Expired
BAT-002808,2019-03-10,Lassi,Raj,liters,Refrigerated,Online,2019-02-23,2019-03-10,910.04,94,816,816.04,-0.04,12.18,42.99,0,Sufficient,Urgent
BAT-002809,2020-06-07,Lassi,Amul,liters,Refrigerated,Wholesale,2020-06-06,2020-06-22,330.44,118,212,212.44,-0.44,34.62,62.84,15,Sufficient,Safe
BAT-002810,2019-05-21,Lassi,Sudha,liters,Refrigerated,Wholesale,2019-05-07,2019-05-23,690.41,69,621,621.41,-0.41,84.84,56.46,2,Sufficient,Urgent
BAT-002812,2019-03-19,Lassi,Amul,liters,Refrigerated,Retail,2019-01-27,2019-02-08,936.0,612,324,324.0,0.0,10.36,124.3,-39,Sufficient,Expired
BAT-002815,2021-06-01,Lassi,Sudha,liters,Refrigerated,Wholesale,2021-04-26,2021-05-08,688.07,184,504,504.07,-0.07,74.72,87.21,-24,Sufficient,Expired
BAT-002816,2022-11-18,Lassi,Mother Dairy,liters,Refrigerated,Retail,2022-10-31,2022-11-13,911.26,93,818,818.26,-0.26,13.72,140.52,-5,Sufficient,Expired
BAT-002817,2021-07-15,Lassi,Mother Dairy,liters,Refrigerated,Online,2021-06-28,2021-07-16,818.1,54,764,764.1,-0.1,66.1,85.41,1,Sufficient,Urgent
BAT-002819,2022-11-12,Lassi,Sudha,liters,Refrigerated,Online,2022-10-04,2022-10-20,334.18,180,154,154.18,-0.18,20.01,197.44,-23,Sufficient,Expired
BAT-002826,2020-02-27,Lassi,Sudha,liters,Refrigerated,Retail,2020-02-14,2020-03-01,979.36,282,697,697.36,-0.36,16.67,151.22,3,Sufficient,Urgent
BAT-002827,2021-08-10,Lassi,Raj,liters,Refrigerated,Online,2021-06-15,2021-06-29,520.48,230,290,290.48,-0.48,33.57,40.3,-42,Sufficient,Expired
BAT-002834,2019-06-14,Lassi,Raj,liters,Refrigerated,Online,2019-04-22,2019-05-10,344.29,3,341,341.29,-0.29,39.6,171.96,-35,Sufficient,Expired
BAT-002836,2020-09-06,Lassi,Amul,liters,Refrigerated,Retail,2020-07-17,2020-07-31,448.15,348,100,100.15,-0.15,75.04,110.45,-37,Sufficient,Expired
BAT-002837,2019-04-21,Lassi,Raj,liters,Refrigerated,Wholesale,2019-04-01,2019-04-13,741.27,49,692,692.27,-0.27,61.27,43.16,-8,Sufficient,Expired
BAT-002838,2020-10-25,Lassi,Raj,liters,Refrigerated,Wholesale,2020-09-28,2020-10-13,459.11,21,438,438.11,-0.11,36.79,74.91,-12,Sufficient,Expired
BAT-002840,2022-09-14,Lassi,Amul,liters,Refrigerated,Wholesale,2022-08-14,2022-08-27,474.05,220,254,254.05,-0.05,83.49,98.3,-18,Sufficient,Expired
BAT-002842,2020-10-07,Lassi,Mother Dairy,liters,Refrigerated,Wholesale,2020-09-16,2020-10-04,804.16,792,12,12.16,-0.16,34.98,108.42,-3,Low Stock,Expired
BAT-002844,2022-02-27,Lassi,Mother Dairy,liters,Refrigerated,Retail,2022-02-23,2022-03-10,872.21,175,697,697.21,-0.21,12.03,147.72,11,Sufficient,Safe
BAT-002848,2020-11-12,Lassi,Sudha,liters,Refrigerated,Wholesale,2020-09-13,2020-09-25,100.3,71,29,29.3,-0.3,87.09,161.9,-48,Low Stock,Expired
BAT-002849,2019-02-04,Lassi,Amul,liters,Refrigerated,Retail,2019-01-31,2019-02-15,783.34,524,259,259.34,-0.34,65.31,40.84,11,Sufficient,Safe
BAT-002850,2022-04-15,Lassi,Amul,liters,Refrigerated,Wholesale,2022-03-03,2022-03-17,121.03,18,103,103.03,-0.03,62.2,123.1,-29,Sufficient,Expired
BAT-002851,2021-09-14,Lassi,Sudha,liters,Refrigerated,Online,2021-07-25,2021-08-07,2.11,1,1,1.11,-0.11,74.34,190.93,-38,Low Stock,Expired
BAT-002852,2019-10-25,Lassi,Amul,liters,Refrigerated,Wholesale,2019-09-06,2019-09-19,923.24,414,509,509.24,-0.24,87.71,89.75,-36,Sufficient,Expired
BAT-002853,2020-10-06,Lassi,Sudha,liters,Refrigerated,Online,2020-09-15,2020-10-03,680.44,566,114,114.44,-0.44,83.1,150.93,-3,Sufficient,Expired
BAT-002854,2022-03-03,Lassi,Amul,liters,Refrigerated,Online,2022-01-26,2022-02-10,591.13,413,178,178.13,-0.13,65.7,107.77,-21,Sufficient,Expired
BAT-002858,2020-08-10,Lassi,Amul,liters,Refrigerated,Wholesale,2020-06-16,2020-07-03,681.03,303,378,378.03,-0.03,57.44,180.27,-38,Sufficient,Expired
BAT-002864,2020-07-20,Lassi,Amul,liters,Refrigerated,Wholesale,2020-06-16,2020-07-04,326.19,146,180,180.19,-0.19,50.06,155.74,-16,Sufficient,Expired
BAT-002866,2021-12-16,Lassi,Amul,liters,Refrigerated,Online,2021-12-04,2021-12-19,884.38,239,645,645.38,-0.38,35.48,170.25,3,Sufficient,Urgent
BAT-002867,2019-05-21,Lassi,Raj,liters,Refrigerated,Online,2019-03-26,2019-04-10,741.04,366,375,375.04,-0.04,61.86,116.73,-41,Sufficient,Expired
BAT-002868,2019-10-10,Lassi,Raj,liters,Refrigerated,Online,2019-08-20,2019-09-07,300.1,74,226,226.1,-0.1,72.37,48.93,-33,Sufficient,Expired
BAT-002869,2019-02-26,Lassi,Sudha,liters,Refrigerated,Online,2019-01-31,2019-02-16,897.05,605,292,292.05,-0.05,59.76,49.56,-10,Sufficient,Expired
BAT-002870,2021-08-17,Lassi,Mother Dairy,liters,Refrigerated,Wholesale,2021-07-21,2021-08-05,294.0,258,36,36.0,0.0,34.96,112.77,-12,Sufficient,Expired
BAT-002871,2019-11-09,Lassi,Raj,liters,Refrigerated,Online,2019-10-03,2019-10-20,259.21,46,213,213.21,-0.21,25.38,145.21,-20,Sufficient,Expired
BAT-002872,2022-12-04,Lassi,Amul,liters,Refrigerated,Wholesale,2022-10-30,2022-11-15,863.09,351,512,512.09,-0.09,88.61,191.02,-19,Sufficient,Expired
BAT-002874,2021-11-15,Lassi,Raj,liters,Refrigerated,Wholesale,2021-10-09,2021-10-27,817.49,46,771,771.49,-0.49,53.09,65.88,-19,Sufficient,Expired
BAT-002875,2022-07-26,Lassi,Mother Dairy,liters,Refrigerated,Online,2022-07-20,2022-08-01,66.36,17,49,49.36,-0.36,36.94,153.67,6,Sufficient,Expiring Soon
BAT-002876,2020-06-20,Lassi,Raj,liters,Refrigerated,Online,2020-04-24,2020-05-09,87.48,71,16,16.48,-0.48,18.03,83.59,-42,Low Stock,Expired
BAT-002877,2021-04-18,Lassi,Mother Dairy,liters,Refrigerated,Online,2021-03-12,2021-03-25,908.34,166,742,742.34,-0.34,35.95,172.58,-24,Sufficient,Expired
BAT-002878,2019-05-21,Lassi,Amul,liters,Refrigerated,Retail,2019-04-14,2019-04-29,401.44,94,307,307.44,-0.44,59.2,165.16,-22,Sufficient,Expired
BAT-002881,2019-04-01,Lassi,Sudha,liters,Refrigerated,Online,2019-02-24,2019-03-12,446.32,144,302,302.32,-0.32,79.92,168.74,-20,Sufficient,Expired
BAT-002883,2022-06-12,Lassi,Raj,liters,Refrigerated,Retail,2022-05-17,2022-06-02,619.39,49,570,570.39,-0.39,15.42,136.17,-10,Sufficient,Expired
BAT-002884,2019-05-16,Lassi,Sudha,liters,Refrigerated,Retail,2019-05-06,2019-05-18,444.39,194,250,250.39,-0.39,50.58,44.91,2,Sufficient,Urgent
BAT-002885,2021-03-24,Lassi,Mother Dairy,liters,Refrigerated,Online,2021-02-22,2021-03-11,476.07,189,287,287.07,-0.07,93.17,50.8,-13,Sufficient,Expired
BAT-002886,2019-02-09,Lassi,Raj,liters,Refrigerated,Retail,2018-12-11,2018-12-28,716.24,272,444,444.24,-0.24,75.43,109.4,-43,Sufficient,Expired
BAT-002889,2021-05-06,Lassi,Mother Dairy,liters,Refrigerated,Online,2021-05-05,2021-05-22,596.3,17,579,579.3,-0.3,36.03,37.01,16,Sufficient,Safe
BAT-002890,2019-10-21,Lassi,Sudha,liters,Refrigerated,Retail,2019-10-03,2019-10-16,45.21,41,4,4.21,-0.21,44.56,147.11,-5,Low Stock,Expired
BAT-002891,2021-07-15,Lassi,Mother Dairy,liters,Refrigerated,Wholesale,2021-07-14,2021-07-27,44.01,28,16,16.01,-0.01,96.22,148.46,12,Low Stock,Safe
BAT-002895,2021-02-13,Lassi,Mother Dairy,liters,Refrigerated,Retail,2021-02-10,2021-02-27,495.07,193,302,302.07,-0.07,71.48,112.37,14,Sufficient,Safe
BAT-002897,2021-05-18,Lassi,Raj,liters,Refrigerated,Retail,2021-04-24,2021-05-07,319.42,72,247,247.42,-0.42,36.55,87.98,-11,Sufficient,Expired
BAT-002898,2022-05-28,Lassi,Mother Dairy,liters,Refrigerated,Online,2022-04-23,2022-05-09,255.44,50,205,205.44,-0.44,80.44,73.12,-19,Sufficient,Expired
BAT-002901,2019-05-08,Lassi,Amul,liters,Refrigerated,Retail,2019-04-11,2019-04-26,91.12,46,45,45.12,-0.12,21.37,131.8,-12,Sufficient,Expired
BAT-002904,2022-10-27,Lassi,Raj,liters,Refrigerated,Online,2022-09-18,2022-10-03,60.47,52,8,8.47,-0.47,65.94,126.85,-24,Low Stock,Expired
BAT-002906,2020-04-20,Lassi,Sudha,liters,Refrigerated,Online,2020-03-17,2020-04-03,846.38,121,725,725.38,-0.38,49.95,156.42,-17,Sufficient,Expired
BAT-002908,2021-06-05,Lassi,Raj,liters,Refrigerated,Wholesale,2021-05-08,2021-05-24,698.01,556,142,142.01,-0.01,97.52,83.51,-12,Sufficient,Expired
BAT-002909,2019-06-21,Lassi,Amul,liters,Refrigerated,Wholesale,2019-05-24,2019-06-07,186.32,134,52,52.32,-0.32,56.58,148.39,-14,Low Stock,Expired
BAT-002910,2021-03-06,Lassi,Mother Dairy,liters,Refrigerated,Wholesale,2021-02-08,2021-02-20,473.1,409,64,64.1,-0.1,50.68,139.37,-14,Sufficient,Expired
BAT-002911,2021-04-27,Lassi,Amul,liters,Refrigerated,Wholesale,2021-04-22,2021-05-10,945.13,157,788,788.13,-0.13,29.48,31.31,13,Sufficient,Safe
BAT-002912,2019-09-10,Lassi,Sudha,liters,Refrigerated,Retail,2019-09-08,2019-09-24,464.25,58,406,406.25,-0.25,66.41,89.25,14,Sufficient,Safe
BAT-002916,2019-10-17,Lassi,Raj,liters,Refrigerated,Wholesale,2019-09-27,2019-10-12,584.01,202,382,382.01,-0.01,37.73,64.63,-5,Sufficient,Expired
BAT-002917,2019-05-27,Lassi,Sudha,liters,Refrigerated,Wholesale,2019-05-03,2019-05-16,300.02,210,90,90.02,-0.02,84.19,194.4,-11,Sufficient,Expired
BAT-002918,2022-07-25,Lassi,Amul,liters,Refrigerated,Online,2022-05-28,2022-06-10,153.36,113,40,40.36,-0.36,40.98,33.41,-45,Low Stock,Expired
BAT-002919,2019-03-24,Lassi,Mother Dairy,liters,Refrigerated,Online,2019-02-11,2019-03-01,14.33,10,4,4.33,-0.33,47.88,197.85,-23,Low Stock,Expired
BAT-002920,2019-05-13,Lassi,Sudha,liters,Refrigerated,Retail,2019-03-21,2019-04-06,773.3,15,758,758.3,-0.3,54.32,34.36,-37,Sufficient,Expired
BAT-002922,2022-02-12,Lassi,Amul,liters,Refrigerated,Retail,2022-02-10,2022-02-23,7.02,6,1,1.02,-0.02,10.64,86.36,11,Low Stock,Safe
BAT-002923,2021-01-17,Lassi,Sudha,liters,Refrigerated,Wholesale,2020-12-30,2021-01-11,209.5,80,129,129.5,-0.5,61.02,196.2,-6,Sufficient,Expired
BAT-002924,2020-05-16,Lassi,Raj,liters,Refrigerated,Wholesale,2020-04-12,2020-04-30,165.3,106,59,59.3,-0.3,70.75,114.91,-16,Low Stock,Expired
BAT-002929,2020-06-19,Lassi,Raj,liters,Refrigerated,Online,2020-05-06,2020-05-18,227.38,116,111,111.38,-0.38,84.72,106.35,-32,Sufficient,Expired
BAT-002931,2019-02-18,Lassi,Amul,liters,Refrigerated,Online,2019-02-04,2019-02-21,144.1,70,74,74.1,-0.1,39.78,32.96,3,Sufficient,Urgent
BAT-002934,2022-03-15,Lassi,Raj,liters,Refrigerated,Retail,2022-01-27,2022-02-10,986.15,925,61,61.15,-0.15,39.39,148.65,-33,Sufficient,Expired
BAT-002938,2022-03-19,Lassi,Amul,liters,Refrigerated,Retail,2022-02-24,2022-03-12,452.1,409,43,43.1,-0.1,99.51,117.22,-7,Low Stock,Expired
BAT-002940,2022-01-01,Lassi,Raj,liters,Refrigerated,Retail,2021-11-28,2021-12-15,76.32,62,14,14.32,-0.32,47.73,195.66,-17,Low Stock,Expired
BAT-002941,2020-03-12,Lassi,Raj,liters,Refrigerated,Online,2020-03-06,2020-03-21,204.46,7,197,197.46,-0.46,62.94,160.93,9,Sufficient,Safe
BAT-002943,2020-12-07,Lassi,Raj,liters,Refrigerated,Retail,2020-12-03,2020-12-21,579.01,62,517,517.01,-0.01,13.81,72.97,14,Sufficient,Safe
BAT-002944,2020-02-22,Lassi,Amul,liters,Refrigerated,Wholesale,2020-02-07,2020-02-22,628.45,425,203,203.45,-0.45,63.53,44.4,0,Sufficient,Urgent
BAT-002945,2021-03-13,Lassi,Amul,liters,Refrigerated,Wholesale,2021-03-01,2021-03-19,259.1,121,138,138.1,-0.1,79.07,169.99,6,Sufficient,Expiring Soon
BAT-002946,2019-02-26,Lassi,Raj,liters,Refrigerated,Wholesale,2019-02-15,2019-02-28,147.0,10,137,137.0,0.0,92.78,130.97,2,Sufficient,Urgent
BAT-002948,2019-12-25,Lassi,Raj,liters,Refrigerated,Wholesale,2019-12-05,2019-12-20,566.12,490,76,76.12,-0.12,72.14,94.09,-5,Sufficient,Expired
BAT-002949,2019-08-08,Lassi,Amul,liters,Refrigerated,Online,2019-06-14,2019-07-02,471.26,77,394,394.26,-0.26,17.66,167.92,-37,Sufficient,Expired
BAT-002952,2020-09-02,Lassi,Raj,liters,Refrigerated,Online,2020-07-19,2020-08-01,263.43,248,15,15.43,-0.43,66.09,54.34,-32,Low Stock,Expired
BAT-002953,2019-06-23,Lassi,Sudha,liters,Refrigerated,Online,2019-04-27,2019-05-11,300.05,286,14,14.05,-0.05,72.11,68.63,-43,Low Stock,Expired
BAT-002954,2022-05-21,Lassi,Raj,liters,Refrigerated,Retail,2022-04-24,2022-05-12,684.24,249,435,435.24,-0.24,69.99,145.96,-9,Sufficient,Expired
BAT-002958,2020-05-01,Lassi,Mother Dairy,liters,Refrigerated,Online,2020-03-05,2020-03-23,340.33,324,16,16.33,-0.33,79.04,197.01,-39,Low Stock,Expired
BAT-002960,2021-11-04,Lassi,Sudha,liters,Refrigerated,Wholesale,2021-10-21,2021-11-06,648.05,561,87,87.05,-0.05,78.02,32.22,2,Sufficient,Urgent
BAT-002962,2022-06-20,Lassi,Sudha,liters,Refrigerated,Online,2022-05-06,2022-05-21,849.34,706,143,143.34,-0.34,45.8,83.88,-30,Sufficient,Expired
BAT-002963,2019-11-07,Lassi,Mother Dairy,liters,Refrigerated,Online,2019-10-13,2019-10-31,163.41,103,60,60.41,-0.41,21.44,105.3,-7,Sufficient,Expired
BAT-002964,2020-05-06,Lassi,Amul,liters,Refrigerated,Online,2020-04-02,2020-04-18,483.23,385,98,98.23,-0.23,96.76,40.85,-18,Sufficient,Expired
BAT-002965,2021-08-28,Lassi,Raj,liters,Refrigerated,Online,2021-08-08,2021-08-22,414.07,96,318,318.07,-0.07,47.47,145.85,-6,Sufficient,Expired
BAT-002966,2021-09-09,Lassi,Sudha,liters,Refrigerated,Wholesale,2021-07-30,2021-08-11,265.17,154,111,111.17,-0.17,89.8,107.74,-29,Sufficient,Expired
BAT-002968,2020-03-15,Lassi,Raj,liters,Refrigerated,Wholesale,2020-01-18,2020-02-03,815.32,653,162,162.32,-0.32,94.48,117.21,-41,Sufficient,Expired
BAT-002969,2019-06-05,Lassi,Sudha,liters,Refrigerated,Online,2019-04-28,2019-05-14,55.25,31,24,24.25,-0.25,46.11,82.97,-22,Low Stock,Expired
BAT-002972,2019-08-14,Lassi,Amul,liters,Refrigerated,Wholesale,2019-08-13,2019-08-26,867.48,374,493,493.48,-0.48,56.91,172.39,12,Sufficient,Safe
BAT-002974,2019-12-09,Lassi,Amul,liters,Refrigerated,Wholesale,2019-11-26,2019-12-14,216.12,192,24,24.12,-0.12,82.72,131.3,5,Low Stock,Expiring Soon
BAT-002979,2021-05-04,Lassi,Mother Dairy,liters,Refrigerated,Online,2021-04-08,2021-04-20,809.3,696,113,113.3,-0.3,14.91,56.14,-14,Sufficient,Expired
BAT-002980,2020-04-04,Lassi,Sudha,liters,Refrigerated,Wholesale,2020-02-04,2020-02-17,434.1,317,117,117.1,-0.1,47.5,104.02,-47,Sufficient,Expired
BAT-002983,2021-03-15,Lassi,Raj,liters,Refrigerated,Online,2021-03-05,2021-03-20,864.34,702,162,162.34,-0.34,86.32,113.84,5,Sufficient,Expiring Soon
BAT-002984,2021-07-27,Lassi,Sudha,liters,Refrigerated,Online,2021-07-06,2021-07-21,747.42,252,495,495.42,-0.42,83.47,198.87,-6,Sufficient,Expired
BAT-002985,2019-07-12,Lassi,Mother Dairy,liters,Refrigerated,Retail,2019-07-05,2019-07-21,862.27,839,23,23.27,-0.27,43.45,30.27,9,Low Stock,Safe
BAT-002988,2019-11-05,Lassi,Raj,liters,Refrigerated,Wholesale,2019-10-06,2019-10-22,970.13,847,123,123.13,-0.13,95.92,82.53,-14,Sufficient,Expired
BAT-002992,2021-02-11,Lassi,Raj,liters,Refrigerated,Wholesale,2020-12-22,2021-01-05,777.28,63,714,714.28,-0.28,88.38,87.7,-37,Sufficient,Expired
BAT-002995,2022-10-02,Lassi,Amul,liters,Refrigerated,Retail,2022-09-23,2022-10-06,138.34,126,12,12.34,-0.34,18.61,158.14,4,Low Stock,Expiring Soon
BAT-002997,2022-09-03,Lassi,Mother Dairy,liters,Refrigerated,Online,2022-08-30,2022-09-15,127.03,23,104,104.03,-0.03,55.79,94.05,12,Sufficient,Safe
BAT-002998,2021-05-19,Lassi,Amul,liters,Refrigerated,Online,2021-04-30,2021-05-12,326.08,220,106,106.08,-0.08,84.46,46.89,-7,Sufficient,Expired
BAT-003003,2020-12-22,Lassi,Sudha,liters,Refrigerated,Wholesale,2020-10-27,2020-11-11,700.15,263,437,437.15,-0.15,82.2,199.32,-41,Sufficient,Expired
BAT-003004,2021-06-27,Lassi,Sudha,liters,Refrigerated,Wholesale,2021-05-26,2021-06-10,538.34,359,179,179.34,-0.34,38.93,183.17,-17,Sufficient,Expired
BAT-003008,2020-03-26,Lassi,Amul,liters,Refrigerated,Online,2020-02-25,2020-03-08,656.31,307,349,349.31,-0.31,99.58,155.51,-18,Sufficient,Expired
BAT-003009,2019-09-26,Lassi,Amul,liters,Refrigerated,Online,2019-08-25,2019-09-09,480.29,97,383,383.29,-0.29,22.99,60.37,-17,Sufficient,Expired
BAT-003010,2019-12-01,Lassi,Mother Dairy,liters,Refrigerated,Online,2019-10-30,2019-11-15,248.17,60,188,188.17,-0.17,81.38,55.06,-16,Sufficient,Expired
BAT-003011,2020-10-27,Lassi,Raj,liters,Refrigerated,Retail,2020-09-21,2020-10-08,695.0,208,487,487.0,0.0,57.47,34.64,-19,Sufficient,Expired
BAT-003013,2021-03-05,Lassi,Sudha,liters,Refrigerated,Online,2021-02-28,2021-03-16,686.06,290,396,396.06,-0.06,45.37,94.54,11,Sufficient,Safe
BAT-003014,2021-01-22,Lassi,Sudha,liters,Refrigerated,Online,2020-12-11,2020-12-23,109.49,91,18,18.49,-0.49,86.33,100.97,-30,Low Stock,Expired
BAT-003015,2021-01-09,Lassi,Raj,liters,Refrigerated,Retail,2020-11-24,2020-12-08,574.13,484,90,90.13,-0.13,16.21,125.47,-32,Sufficient,Expired
BAT-003017,2019-11-28,Lassi,Amul,liters,Refrigerated,Retail,2019-10-21,2019-11-07,545.17,336,209,209.17,-0.17,87.88,55.82,-21,Sufficient,Expired
BAT-003019,2022-09-07,Lassi,Amul,liters,Refrigerated,Online,2022-09-02,2022-09-17,590.3,88,502,502.3,-0.3,94.13,152.52,10,Sufficient,Safe
BAT-003020,2021-02-16,Lassi,Amul,liters,Refrigerated,Wholesale,2021-01-25,2021-02-06,173.29,156,17,17.29,-0.29,65.91,154.39,-10,Low Stock,Expired
BAT-003021,2021-03-02,Lassi,Amul,liters,Refrigerated,Retail,2021-02-08,2021-02-21,915.38,297,618,618.38,-0.38,38.65,105.97,-9,Sufficient,Expired
BAT-003022,2021-01-17,Lassi,Raj,liters,Refrigerated,Wholesale,2020-12-31,2021-01-15,473.39,88,385,385.39,-0.39,80.8,181.52,-2,Sufficient,Expired
BAT-003023,2020-09-17,Lassi,Sudha,liters,Refrigerated,Retail,2020-09-04,2020-09-20,370.27,183,187,187.27,-0.27,70.25,172.29,3,Sufficient,Urgent
BAT-003024,2020-10-13,Lassi,Raj,liters,Refrigerated,Wholesale,2020-10-08,2020-10-22,981.29,779,202,202.29,-0.29,27.79,122.23,9,Sufficient,Safe
BAT-003025,2020-03-22,Lassi,Amul,liters,Refrigerated,Wholesale,2020-03-18,2020-04-03,794.19,461,333,333.19,-0.19,81.06,129.16,12,Sufficient,Safe
BAT-003028,2021-10-05,Lassi,Amul,liters,Refrigerated,Wholesale,2021-08-26,2021-09-09,878.13,748,130,130.13,-0.13,26.54,81.79,-26,Sufficient,Expired
BAT-003030,2020-07-03,Lassi,Mother Dairy,liters,Refrigerated,Retail,2020-05-29,2020-06-10,501.23,19,482,482.23,-0.23,13.32,101.74,-23,Sufficient,Expired
BAT-003031,2020-04-13,Lassi,Sudha,liters,Refrigerated,Online,2020-02-20,2020-03-04,700.15,548,152,152.15,-0.15,13.76,73.2,-40,Sufficient,Expired
BAT-003032,2020-04-21,Lassi,Mother Dairy,liters,Refrigerated,Wholesale,2020-03-31,2020-04-12,621.2,290,331,331.2,-0.2,18.36,182.57,-9,Sufficient,Expired
BAT-003037,2019-03-05,Lassi,Amul,liters,Refrigerated,Wholesale,2019-02-12,2019-02-25,564.11,98,466,466.11,-0.11,12.21,158.98,-8,Sufficient,Expired
BAT-003040,2022-10-11,Lassi,Mother Dairy,liters,Refrigerated,Online,2022-08-20,2022-09-01,269.09,163,106,106.09,-0.09,64.26,110.17,-40,Sufficient,Expired
BAT-003042,2021-02-06,Lassi,Amul,liters,Refrigerated,Online,2021-01-29,2021-02-10,558.2,143,415,415.2,-0.2,94.43,53.12,4,Sufficient,Expiring Soon
BAT-003043,2019-09-19,Lassi,Sudha,liters,Refrigerated,Wholesale,2019-07-27,2019-08-09,915.42,128,787,787.42,-0.42,38.77,35.39,-41,Sufficient,Expired
BAT-003050,2020-01-19,Buttermilk,Amul,liters,Refrigerated,Online,2019-12-01,2019-12-11,367.14,309,58,58.14,-0.14,37.27,79.56,-39,Sufficient,Expired
BAT-003051,2019-02-23,Buttermilk,Mother Dairy,liters,Refrigerated,Wholesale,2019-01-25,2019-02-08,801.25,292,509,509.25,-0.25,46.12,32.45,-15,Sufficient,Expired
BAT-003052,2019-11-28,Buttermilk,Mother Dairy,liters,Refrigerated,Online,2019-10-27,2019-11-07,410.48,141,269,269.48,-0.48,62.67,83.4,-21,Sufficient,Expired
BAT-003053,2020-01-16,Buttermilk,Mother Dairy,liters,Refrigerated,Retail,2020-01-14,2020-01-27,83.31,62,21,21.31,-0.31,21.47,112.76,11,Low Stock,Safe
BAT-003055,2020-10-09,Buttermilk,Raj,liters,Refrigerated,Online,2020-09-19,2020-10-01,118.22,84,34,34.22,-0.22,40.9,157.94,-8,Low Stock,Expired
BAT-003056,2020-11-01,Buttermilk,Sudha,liters,Refrigerated,Online,2020-10-19,2020-11-01,149.16,140,9,9.16,-0.16,25.63,185.72,0,Low Stock,Urgent
BAT-003057,2019-11-10,Buttermilk,Raj,liters,Refrigerated,Retail,2019-10-01,2019-10-14,582.19,556,26,26.19,-0.19,21.15,91.16,-27,Sufficient,Expired
BAT-003059,2022-12-19,Buttermilk,Mother Dairy,liters,Refrigerated,Retail,2022-12-09,2022-12-23,959.1,263,696,696.1,-0.1,17.87,52.32,4,Sufficient,Expiring Soon
BAT-003060,2022-05-11,Buttermilk,Sudha,liters,Refrigerated,Wholesale,2022-04-17,2022-04-25,682.38,313,369,369.38,-0.38,24.91,28.2,-16,Sufficient,Expired
BAT-003061,2020-07-18,Buttermilk,Raj,liters,Refrigerated,Online,2020-05-19,2020-06-01,41.39,9,32,32.39,-0.39,44.27,67.3,-47,Low Stock,Expired
BAT-003066,2021-05-06,Buttermilk,Amul,liters,Refrigerated,Retail,2021-04-18,2021-04-30,801.45,267,534,534.45,-0.45,89.01,81.61,-6,Sufficient,Expired
BAT-003067,2022-04-27,Buttermilk,Raj,liters,Refrigerated,Online,2022-04-04,2022-04-13,397.33,125,272,272.33,-0.33,70.81,160.15,-14,Sufficient,Expired
BAT-003069,2020-09-20,Buttermilk,Mother Dairy,liters,Refrigerated,Retail,2020-09-15,2020-09-23,834.03,85,749,749.03,-0.03,72.61,73.56,3,Sufficient,Urgent
BAT-003073,2020-01-14,Buttermilk,Mother Dairy,liters,Refrigerated,Online,2019-11-28,2019-12-12,102.05,16,86,86.05,-0.05,84.67,86.18,-33,Sufficient,Expired
BAT-003074,2022-10-19,Buttermilk,Sudha,liters,Refrigerated,Wholesale,2022-10-06,2022-10-17,140.5,1,139,139.5,-0.5,16.12,132.94,-2,Sufficient,Expired
BAT-003075,2021-12-23,Buttermilk,Amul,liters,Refrigerated,Online,2021-11-26,2021-12-10,201.45,193,8,8.45,-0.45,55.15,171.51,-13,Low Stock,Expired
BAT-003076,2021-01-28,Buttermilk,Amul,liters,Refrigerated,Retail,2020-12-04,2020-12-18,868.06,494,374,374.06,-0.06,77.61,79.24,-41,Sufficient,Expired
BAT-003082,2020-03-11,Buttermilk,Sudha,liters,Refrigerated,Wholesale,2020-02-19,2020-02-27,475.2,22,453,453.2,-0.2,63.4,164.53,-13,Sufficient,Expired
BAT-003083,2019-07-11,Buttermilk,Mother Dairy,liters,Refrigerated,Retail,2019-06-08,2019-06-16,802.06,687,115,115.06,-0.06,40.82,68.19,-25,Sufficient,Expired
BAT-003084,2022-11-17,Buttermilk,Amul,liters,Refrigerated,Wholesale,2022-10-23,2022-11-05,591.36,316,275,275.36,-0.36,11.25,45.47,-12,Sufficient,Expired
BAT-003085,2022-07-16,Buttermilk,Mother Dairy,liters,Refrigerated,Retail,2022-05-30,2022-06-12,656.49,459,197,197.49,-0.49,24.85,163.47,-34,Sufficient,Expired
BAT-003087,2019-04-22,Buttermilk,Amul,liters,Refrigerated,Retail,2019-03-01,2019-03-13,12.34,4,8,8.34,-0.34,74.48,36.14,-40,Low Stock,Expired
BAT-003088,2021-12-20,Buttermilk,Raj,liters,Refrigerated,Retail,2021-12-07,2021-12-15,831.2,397,434,434.2,-0.2,17.69,110.72,-5,Sufficient,Expired
BAT-003090,2021-02-13,Buttermilk,Sudha,liters,Refrigerated,Wholesale,2021-01-09,2021-01-17,649.16,246,403,403.16,-0.16,56.26,48.44,-27,Sufficient,Expired
BAT-003091,2020-04-05,Buttermilk,Amul,liters,Refrigerated,Retail,2020-02-19,2020-02-29,402.07,354,48,48.07,-0.07,50.35,53.97,-36,Low Stock,Expired
BAT-003092,2019-11-01,Buttermilk,Raj,liters,Refrigerated,Wholesale,2019-10-27,2019-11-10,16.39,12,4,4.39,-0.39,18.85,105.46,9,Low Stock,Safe
BAT-003094,2022-10-27,Buttermilk,Raj,liters,Refrigerated,Wholesale,2022-10-06,2022-10-13,5.23,3,2,2.23,-0.23,69.99,27.52,-14,Low Stock,Expired
BAT-003095,2021-12-27,Buttermilk,Raj,liters,Refrigerated,Online,2021-12-22,2021-12-30,233.1,106,127,127.1,-0.1,89.1,119.95,3,Sufficient,Urgent
BAT-003096,2019-07-06,Buttermilk,Amul,liters,Refrigerated,Wholesale,2019-06-07,2019-06-21,826.08,38,788,788.08,-0.08,78.04,134.98,-15,Sufficient,Expired
BAT-003097,2021-02-28,Buttermilk,Mother Dairy,liters,Refrigerated,Wholesale,2021-01-05,2021-01-14,335.34,174,161,161.34,-0.34,70.83,30.51,-45,Sufficient,Expired
BAT-003099,2021-10-17,Buttermilk,Raj,liters,Refrigerated,Retail,2021-09-23,2021-10-02,195.03,82,113,113.03,-0.03,27.68,111.42,-15,Sufficient,Expired
BAT-003102,2021-07-17,Buttermilk,Sudha,liters,Refrigerated,Wholesale,2021-05-20,2021-05-27,972.13,118,854,854.13,-0.13,94.73,157.18,-51,Sufficient,Expired
BAT-003104,2021-07-15,Buttermilk,Sudha,liters,Refrigerated,Wholesale,2021-06-12,2021-06-21,384.33,71,313,313.33,-0.33,40.14,44.37,-24,Sufficient,Expired
BAT-003108,2019-07-08,Buttermilk,Mother Dairy,liters,Refrigerated,Online,2019-05-24,2019-06-04,626.19,82,544,544.19,-0.19,10.91,143.48,-34,Sufficient,Expired
BAT-003109,2019-12-02,Buttermilk,Mother Dairy,liters,Refrigerated,Retail,2019-10-12,2019-10-20,510.38,357,153,153.38,-0.38,49.4,198.79,-43,Sufficient,Expired
BAT-003111,2020-09-21,Buttermilk,Amul,liters,Refrigerated,Retail,2020-09-12,2020-09-20,58.21,12,46,46.21,-0.21,67.36,111.97,-1,Low Stock,Expired
BAT-003114,2019-05-10,Buttermilk,Mother Dairy,liters,Refrigerated,Online,2019-04-15,2019-04-24,78.15,71,7,7.15,-0.15,81.17,150.64,-16,Low Stock,Expired
BAT-003116,2019-10-07,Buttermilk,Mother Dairy,liters,Refrigerated,Online,2019-09-10,2019-09-21,436.44,136,300,300.44,-0.44,21.1,100.88,-16,Sufficient,Expired
BAT-003117,2020-10-05,Buttermilk,Amul,liters,Refrigerated,Online,2020-09-29,2020-10-11,567.24,419,148,148.24,-0.24,44.96,110.11,6,Sufficient,Expiring Soon
BAT-003120,2020-06-03,Buttermilk,Raj,liters,Refrigerated,Online,2020-04-20,2020-04-28,302.45,1,301,301.45,-0.45,49.97,87.76,-36,Sufficient,Expired
BAT-003121,2021-01-03,Buttermilk,Mother Dairy,liters,Refrigerated,Wholesale,2020-12-02,2020-12-11,773.21,475,298,298.21,-0.21,29.75,144.75,-23,Sufficient,Expired
BAT-003126,2022-11-16,Buttermilk,Raj,liters,Refrigerated,Retail,2022-11-14,2022-11-21,261.27,182,79,79.27,-0.27,34.91,37.4,5,Sufficient,Expiring Soon
BAT-003128,2020-05-19,Buttermilk,Raj,liters,Refrigerated,Online,2020-04-02,2020-04-14,521.12,254,267,267.12,-0.12,35.44,157.61,-35,Sufficient,Expired
BAT-003129,2019-10-05,Buttermilk,Raj,liters,Refrigerated,Wholesale,2019-09-26,2019-10-09,914.47,777,137,137.47,-0.47,10.53,43.08,4,Sufficient,Expiring Soon
BAT-003130,2019-11-04,Buttermilk,Raj,liters,Refrigerated,Online,2019-10-02,2019-10-15,174.1,31,143,143.1,-0.1,72.87,96.1,-20,Sufficient,Expired
BAT-003131,2021-11-20,Buttermilk,Mother Dairy,liters,Refrigerated,Retail,2021-09-26,2021-10-03,897.41,706,191,191.41,-0.41,60.36,101.74,-48,Sufficient,Expired
BAT-003132,2020-09-02,Buttermilk,Mother Dairy,liters,Refrigerated,Online,2020-08-27,2020-09-04,331.01,68,263,263.01,-0.01,61.18,187.3,2,Sufficient,Urgent
BAT-003133,2021-12-16,Buttermilk,Sudha,liters,Refrigerated,Retail,2021-11-04,2021-11-17,536.09,316,220,220.09,-0.09,32.68,161.74,-29,Sufficient,Expired
BAT-003136,2020-06-10,Buttermilk,Raj,liters,Refrigerated,Wholesale,2020-04-12,2020-04-20,512.5,504,8,8.5,-0.5,95.1,134.83,-51,Low Stock,Expired
BAT-003137,2019-01-19,Buttermilk,Raj,liters,Refrigerated,Retail,2019-01-03,2019-01-12,503.23,302,201,201.23,-0.23,29.51,192.1,-7,Sufficient,Expired
BAT-003139,2021-07-17,Buttermilk,Amul,liters,Refrigerated,Wholesale,2021-07-13,2021-07-26,31.09,30,1,1.09,-0.09,26.46,161.3,9,Low Stock,Safe
BAT-003141,2022-05-28,Buttermilk,Amul,liters,Refrigerated,Online,2022-05-07,2022-05-20,419.23,176,243,243.23,-0.23,42.53,82.2,-8,Sufficient,Expired
BAT-003143,2022-08-25,Buttermilk,Amul,liters,Refrigerated,Retail,2022-07-23,2022-08-05,828.27,634,194,194.27,-0.27,86.37,23.71,-20,Sufficient,Expired
BAT-003146,2019-08-26,Buttermilk,Raj,liters,Refrigerated,Online,2019-08-18,2019-08-29,119.49,6,113,113.49,-0.49,94.21,141.36,3,Sufficient,Urgent
BAT-003147,2020-01-05,Buttermilk,Raj,liters,Refrigerated,Retail,2019-12-20,2019-12-29,540.0,290,250,250.0,0.0,14.41,32.21,-7,Sufficient,Expired
BAT-003148,2021-11-24,Buttermilk,Mother Dairy,liters,Refrigerated,Wholesale,2021-09-28,2021-10-07,224.4,200,24,24.4,-0.4,27.75,122.21,-48,Low Stock,Expired
BAT-003152,2022-10-10,Buttermilk,Sudha,liters,Refrigerated,Retail,2022-08-18,2022-08-28,103.12,50,53,53.12,-0.12,73.26,108.34,-43,Low Stock,Expired
BAT-003155,2020-06-01,Buttermilk,Mother Dairy,liters,Refrigerated,Online,2020-05-14,2020-05-26,320.25,212,108,108.25,-0.25,91.95,177.84,-6,Sufficient,Expired
BAT-003156,2019-04-25,Buttermilk,Raj,liters,Refrigerated,Wholesale,2019-02-28,2019-03-07,369.0,278,91,91.0,0.0,25.75,187.32,-49,Sufficient,Expired
BAT-003157,2020-10-03,Buttermilk,Raj,liters,Refrigerated,Wholesale,2020-08-09,2020-08-22,103.49,82,21,21.49,-0.49,73.49,88.11,-42,Low Stock,Expired
BAT-003158,2021-07-15,Buttermilk,Sudha,liters,Refrigerated,Retail,2021-07-01,2021-07-14,861.13,571,290,290.13,-0.13,77.36,189.14,-1,Sufficient,Expired
BAT-003159,2022-04-28,Buttermilk,Raj,liters,Refrigerated,Online,2022-03-27,2022-04-10,843.18,61,782,782.18,-0.18,49.49,36.33,-18,Sufficient,Expired
BAT-003162,2022-11-05,Buttermilk,Mother Dairy,liters,Refrigerated,Retail,2022-09-26,2022-10-04,762.26,228,534,534.26,-0.26,61.06,174.56,-32,Sufficient,Expired
BAT-003163,2022-03-16,Buttermilk,Sudha,liters,Refrigerated,Retail,2022-03-10,2022-03-24,835.23,318,517,517.23,-0.23,99.96,132.66,8,Sufficient,Safe
BAT-003165,2020-04-08,Buttermilk,Raj,liters,Refrigerated,Wholesale,2020-02-20,2020-02-27,121.49,55,66,66.49,-0.49,42.89,32.67,-41,Sufficient,Expired
BAT-003166,2020-07-28,Buttermilk,Sudha,liters,Refrigerated,Retail,2020-07-07,2020-07-17,123.23,12,111,111.23,-0.23,15.16,144.49,-11,Sufficient,Expired
BAT-003167,2020-09-19,Buttermilk,Mother Dairy,liters,Refrigerated,Wholesale,2020-09-03,2020-09-10,571.41,383,188,188.41,-0.41,32.7,188.88,-9,Sufficient,Expired
BAT-003168,2021-06-26,Buttermilk,Amul,liters,Refrigerated,Wholesale,2021-06-23,2021-07-06,980.37,207,773,773.37,-0.37,83.1,58.47,10,Sufficient,Safe
BAT-003171,2022-01-12,Buttermilk,Amul,liters,Refrigerated,Retail,2021-11-18,2021-11-29,388.29,316,72,72.29,-0.29,88.44,45.68,-44,Low Stock,Expired
BAT-003172,2019-03-09,Buttermilk,Mother Dairy,liters,Refrigerated,Retail,2019-01-16,2019-01-28,985.36,564,421,421.36,-0.36,92.82,146.29,-40,Sufficient,Expired
BAT-003174,2022-01-20,Buttermilk,Sudha,liters,Refrigerated,Retail,2021-12-25,2022-01-03,39.05,2,37,37.05,-0.05,91.21,64.28,-17,Low Stock,Expired
BAT-003176,2020-01-20,Buttermilk,Raj,liters,Refrigerated,Wholesale,2019-12-04,2019-12-13,985.48,288,697,697.48,-0.48,38.64,66.73,-38,Sufficient,Expired
BAT-003179,2019-05-25,Buttermilk,Mother Dairy,liters,Refrigerated,Online,2019-04-10,2019-04-24,129.45,48,81,81.45,-0.45,85.73,68.18,-31,Low Stock,Expired
BAT-003180,2022-09-18,Buttermilk,Raj,liters,Refrigerated,Retail,2022-09-06,2022-09-20,834.02,439,395,395.02,-0.02,58.53,49.97,2,Sufficient,Urgent
BAT-003181,2022-12-16,Buttermilk,Raj,liters,Refrigerated,Online,2022-11-01,2022-11-13,637.41,309,328,328.41,-0.41,16.9,31.09,-33,Sufficient,Expired
BAT-003182,2019-01-09,Buttermilk,Sudha,liters,Refrigerated,Online,2018-12-28,2019-01-08,662.05,394,268,268.05,-0.05,21.42,29.58,-1,Sufficient,Expired
BAT-003185,2020-09-10,Buttermilk,Mother Dairy,liters,Refrigerated,Online,2020-08-26,2020-09-03,728.45,211,517,517.45,-0.45,23.66,138.52,-7,Sufficient,Expired
BAT-003187,2022-06-26,Buttermilk,Raj,liters,Refrigerated,Online,2022-06-02,2022-06-09,123.3,25,98,98.3,-0.3,17.6,31.49,-17,Sufficient,Expired
BAT-003188,2019-06-11,Buttermilk,Amul,liters,Refrigerated,Retail,2019-06-08,2019-06-15,749.32,552,197,197.32,-0.32,81.3,27.87,4,Sufficient,Expiring Soon
BAT-003191,2022-03-04,Buttermilk,Mother Dairy,liters,Refrigerated,Retail,2022-01-06,2022-01-13,495.09,148,347,347.09,-0.09,45.63,117.28,-50,Sufficient,Expired
BAT-003192,2019-03-18,Buttermilk,Sudha,liters,Refrigerated,Online,2019-02-08,2019-02-17,205.21,115,90,90.21,-0.21,81.37,82.42,-29,Sufficient,Expired
BAT-003194,2021-10-12,Buttermilk,Mother Dairy,liters,Refrigerated,Wholesale,2021-08-20,2021-08-30,933.22,746,187,187.22,-0.22,27.23,191.38,-43,Sufficient,Expired
BAT-003197,2022-01-01,Buttermilk,Mother Dairy,liters,Refrigerated,Retail,2021-11-30,2021-12-12,909.0,412,497,497.0,0.0,87.95,45.27,-20,Sufficient,Expired
BAT-003199,2020-02-21,Buttermilk,Mother Dairy,liters,Refrigerated,Retail,2020-02-19,2020-02-27,165.35,161,4,4.35,-0.35,79.39,20.93,6,Low Stock,Expiring Soon
BAT-003201,2021-07-07,Buttermilk,Mother Dairy,liters,Refrigerated,Retail,2021-07-01,2021-07-14,341.38,219,122,122.38,-0.38,46.92,187.79,7,Sufficient,Expiring Soon
BAT-003203,2021-12-03,Buttermilk,Sudha,liters,Refrigerated,Wholesale,2021-10-28,2021-11-05,361.21,278,83,83.21,-0.21,18.0,163.49,-28,Sufficient,Expired
BAT-003205,2020-02-20,Buttermilk,Mother Dairy,liters,Refrigerated,Wholesale,2020-01-27,2020-02-05,277.38,252,25,25.38,-0.38,94.7,91.89,-15,Low Stock,Expired
BAT-003206,2022-04-05,Buttermilk,Amul,liters,Refrigerated,Retail,2022-02-11,2022-02-22,741.2,320,421,421.2,-0.2,88.13,121.69,-42,Sufficient,Expired
BAT-003208,2022-02-15,Buttermilk,Raj,liters,Refrigerated,Wholesale,2022-01-31,2022-02-09,871.01,483,388,388.01,-0.01,77.55,134.22,-6,Sufficient,Expired
BAT-003211,2021-07-03,Buttermilk,Sudha,liters,Refrigerated,Online,2021-05-10,2021-05-19,438.0,69,369,369.0,0.0,77.33,145.35,-45,Sufficient,Expired
BAT-003215,2019-09-05,Buttermilk,Sudha,liters,Refrigerated,Wholesale,2019-07-16,2019-07-27,615.13,557,58,58.13,-0.13,92.99,133.04,-40,Low Stock,Expired
BAT-003216,2020-04-04,Buttermilk,Amul,liters,Refrigerated,Online,2020-02-13,2020-02-24,499.37,28,471,471.37,-0.37,15.54,106.54,-40,Sufficient,Expired
BAT-003217,2019-12-14,Buttermilk,Sudha,liters,Refrigerated,Retail,2019-12-06,2019-12-13,79.15,29,50,50.15,-0.15,23.29,44.24,-1,Sufficient,Expired
BAT-003220,2019-03-16,Buttermilk,Mother Dairy,liters,Refrigerated,Wholesale,2019-01-31,2019-02-08,306.25,190,116,116.25,-0.25,64.08,63.62,-36,Sufficient,Expired
BAT-003221,2019-10-01,Buttermilk,Sudha,liters,Refrigerated,Wholesale,2019-08-10,2019-08-23,438.49,363,75,75.49,-0.49,54.95,108.82,-39,Sufficient,Expired
BAT-003222,2019-09-20,Buttermilk,Raj,liters,Refrigerated,Online,2019-09-09,2019-09-23,421.39,210,211,211.39,-0.39,99.51,173.33,3,Sufficient,Urgent
BAT-003225,2020-02-28,Buttermilk,Raj,liters,Refrigerated,Wholesale,2020-01-19,2020-02-01,114.29,59,55,55.29,-0.29,19.07,190.04,-27,Sufficient,Expired
BAT-003226,2019-10-24,Buttermilk,Sudha,liters,Refrigerated,Online,2019-09-09,2019-09-22,462.29,455,7,7.29,-0.29,27.14,118.61,-32,Low Stock,Expired
BAT-003228,2020-11-04,Buttermilk,Amul,liters,Refrigerated,Wholesale,2020-10-23,2020-11-06,552.5,443,109,109.5,-0.5,90.26,66.48,2,Sufficient,Urgent
BAT-003237,2021-03-13,Buttermilk,Mother Dairy,liters,Refrigerated,Retail,2021-02-13,2021-02-27,556.16,157,399,399.16,-0.16,36.69,189.14,-14,Sufficient,Expired
BAT-003238,2019-09-05,Buttermilk,Mother Dairy,liters,Refrigerated,Online,2019-07-20,2019-08-02,443.17,211,232,232.17,-0.17,97.45,38.49,-34,Sufficient,Expired
BAT-003239,2022-02-03,Buttermilk,Amul,liters,Refrigerated,Wholesale,2022-01-08,2022-01-20,292.37,229,63,63.37,-0.37,89.59,51.27,-14,Low Stock,Expired
BAT-003240,2019-02-13,Buttermilk,Raj,liters,Refrigerated,Wholesale,2019-01-14,2019-01-21,794.42,44,750,750.42,-0.42,14.76,96.46,-23,Sufficient,Expired
BAT-003242,2021-04-04,Buttermilk,Raj,liters,Refrigerated,Online,2021-02-23,2021-03-03,834.3,422,412,412.3,-0.3,18.43,136.69,-32,Sufficient,Expired
BAT-003244,2019-08-11,Buttermilk,Sudha,liters,Refrigerated,Online,2019-07-03,2019-07-16,909.05,840,69,69.05,-0.05,36.56,39.81,-26,Sufficient,Expired
BAT-003246,2022-09-22,Buttermilk,Raj,liters,Refrigerated,Online,2022-08-08,2022-08-18,315.2,271,44,44.2,-0.2,57.63,179.68,-35,Low Stock,Expired
BAT-003253,2022-07-05,Buttermilk,Mother Dairy,liters,Refrigerated,Wholesale,2022-06-03,2022-06-17,10.08,2,8,8.08,-0.08,24.43,149.81,-18,Low Stock,Expired
BAT-003258,2020-08-03,Buttermilk,Raj,liters,Refrigerated,Wholesale,2020-06-11,2020-06-19,681.46,193,488,488.46,-0.46,48.0,150.37,-45,Sufficient,Expired
BAT-003259,2020-05-28,Buttermilk,Mother Dairy,liters,Refrigerated,Online,2020-05-15,2020-05-28,374.13,2,372,372.13,-0.13,17.94,110.39,0,Sufficient,Urgent
BAT-003261,2019-03-10,Buttermilk,Raj,liters,Refrigerated,Retail,2019-01-25,2019-02-06,652.38,404,248,248.38,-0.38,95.13,190.1,-32,Sufficient,Expired
BAT-003263,2020-07-18,Buttermilk,Amul,liters,Refrigerated,Wholesale,2020-07-01,2020-07-10,3.46,2,1,1.46,-0.46,56.65,138.76,-8,Low Stock,Expired
BAT-003264,2022-04-06,Buttermilk,Sudha,liters,Refrigerated,Retail,2022-02-26,2022-03-08,165.0,117,48,48.0,0.0,40.87,103.16,-29,Sufficient,Expired
BAT-003268,2020-04-19,Buttermilk,Sudha,liters,Refrigerated,Retail,2020-04-04,2020-04-15,952.18,60,892,892.18,-0.18,70.0,154.83,-4,Sufficient,Expired
BAT-003272,2020-03-09,Buttermilk,Raj,liters,Refrigerated,Wholesale,2020-02-05,2020-02-15,272.42,86,186,186.42,-0.42,80.1,177.03,-23,Sufficient,Expired
BAT-003273,2019-06-28,Buttermilk,Raj,liters,Refrigerated,Wholesale,2019-05-03,2019-05-17,875.44,538,337,337.44,-0.44,24.68,132.55,-42,Sufficient,Expired
BAT-003276,2022-10-21,Buttermilk,Raj,liters,Refrigerated,Online,2022-08-30,2022-09-07,345.37,153,192,192.37,-0.37,99.31,173.95,-44,Sufficient,Expired
BAT-003277,2019-06-18,Buttermilk,Raj,liters,Refrigerated,Retail,2019-05-18,2019-05-26,892.25,230,662,662.25,-0.25,79.27,185.2,-23,Sufficient,Expired
BAT-003279,2020-06-17,Buttermilk,Amul,liters,Refrigerated,Retail,2020-05-10,2020-05-21,181.24,90,91,91.24,-0.24,63.87,31.72,-27,Sufficient,Expired
BAT-003280,2021-12-09,Buttermilk,Raj,liters,Refrigerated,Wholesale,2021-12-06,2021-12-13,661.21,115,546,546.21,-0.21,28.33,170.9,4,Sufficient,Expiring Soon
BAT-003282,2022-12-01,Buttermilk,Amul,liters,Refrigerated,Wholesale,2022-10-27,2022-11-06,478.35,52,426,426.35,-0.35,15.36,86.12,-25,Sufficient,Expired
BAT-003283,2022-01-23,Buttermilk,Raj,liters,Refrigerated,Online,2022-01-09,2022-01-20,337.03,247,90,90.03,-0.03,68.02,66.26,-3,Sufficient,Expired
BAT-003286,2020-06-06,Buttermilk,Raj,liters,Refrigerated,Wholesale,2020-04-09,2020-04-23,791.47,111,680,680.47,-0.47,87.33,73.75,-44,Sufficient,Expired
BAT-003287,2021-08-04,Buttermilk,Mother Dairy,liters,Refrigerated,Online,2021-08-01,2021-08-11,920.46,572,348,348.46,-0.46,89.48,142.89,7,Sufficient,Expiring Soon
BAT-003288,2019-03-25,Buttermilk,Mother Dairy,liters,Refrigerated,Retail,2019-01-30,2019-02-06,950.47,945,5,5.47,-0.47,81.01,94.86,-47,Low Stock,Expired
BAT-003291,2020-05-19,Buttermilk,Sudha,liters,Refrigerated,Wholesale,2020-04-09,2020-04-16,803.03,6,797,797.03,-0.03,75.54,151.71,-33,Sufficient,Expired
BAT-003297,2020-12-06,Buttermilk,Amul,liters,Refrigerated,Online,2020-11-05,2020-11-17,27.32,25,2,2.32,-0.32,39.24,77.09,-19,Low Stock,Expired
BAT-003299,2020-09-18,Buttermilk,Mother Dairy,liters,Refrigerated,Wholesale,2020-08-24,2020-09-02,408.26,310,98,98.26,-0.26,73.92,41.68,-16,Sufficient,Expired
BAT-003300,2022-06-22,Buttermilk,Sudha,liters,Refrigerated,Retail,2022-05-29,2022-06-08,164.0,118,46,46.0,0.0,36.4,75.92,-14,Sufficient,Expired
BAT-003301,2020-10-23,Buttermilk,Amul,liters,Refrigerated,Wholesale,2020-09-29,2020-10-11,782.49,689,93,93.49,-0.49,70.51,70.52,-12,Sufficient,Expired
BAT-003302,2021-12-25,Buttermilk,Sudha,liters,Refrigerated,Online,2021-12-13,2021-12-20,522.19,214,308,308.19,-0.19,73.41,60.25,-5,Sufficient,Expired
BAT-003313,2020-05-17,Buttermilk,Amul,liters,Refrigerated,Online,2020-04-11,2020-04-21,50.07,6,44,44.07,-0.07,23.78,163.76,-26,Sufficient,Expired
BAT-003314,2022-08-13,Buttermilk,Amul,liters,Refrigerated,Online,2022-06-23,2022-07-06,258.19,47,211,211.19,-0.19,30.12,83.05,-38,Sufficient,Expired
BAT-003317,2021-11-21,Buttermilk,Sudha,liters,Refrigerated,Wholesale,2021-11-13,2021-11-20,452.2,85,367,367.2,-0.2,55.82,94.66,-1,Sufficient,Expired
BAT-003318,2020-07-03,Buttermilk,Sudha,liters,Refrigerated,Online,2020-05-23,2020-05-30,558.39,435,123,123.39,-0.39,16.98,33.86,-34,Sufficient,Expired
BAT-003319,2021-09-04,Buttermilk,Raj,liters,Refrigerated,Online,2021-08-13,2021-08-21,851.11,102,749,749.11,-0.11,12.45,105.5,-14,Sufficient,Expired
BAT-003321,2020-12-03,Buttermilk,Amul,liters,Refrigerated,Online,2020-11-26,2020-12-10,121.14,100,21,21.14,-0.14,84.54,172.41,7,Low Stock,Expiring Soon
BAT-003322,2019-02-17,Buttermilk,Mother Dairy,liters,Refrigerated,Online,2019-01-14,2019-01-22,35.09,18,17,17.09,-0.09,57.41,151.6,-26,Low Stock,Expired
BAT-003325,2022-05-02,Buttermilk,Mother Dairy,liters,Refrigerated,Retail,2022-04-18,2022-04-25,757.04,381,376,376.04,-0.04,41.35,100.66,-7,Sufficient,Expired
BAT-003327,2020-01-18,Buttermilk,Sudha,liters,Refrigerated,Retail,2019-11-29,2019-12-09,75.47,13,62,62.47,-0.47,24.83,74.8,-40,Sufficient,Expired
BAT-003328,2021-03-25,Buttermilk,Mother Dairy,liters,Refrigerated,Online,2021-02-28,2021-03-13,182.47,142,40,40.47,-0.47,53.18,36.05,-12,Low Stock,Expired
BAT-003330,2019-02-28,Buttermilk,Raj,liters,Refrigerated,Wholesale,2018-12-30,2019-01-13,932.18,317,615,615.18,-0.18,96.73,185.4,-46,Sufficient,Expired
BAT-003331,2022-05-01,Buttermilk,Sudha,liters,Refrigerated,Wholesale,2022-03-08,2022-03-16,5.22,5,0,0.22,-0.22,17.79,53.8,-46,Low Stock,Expired
BAT-003332,2022-05-14,Buttermilk,Raj,liters,Refrigerated,Online,2022-04-16,2022-04-27,135.2,72,63,63.2,-0.2,75.36,81.67,-17,Low Stock,Expired
BAT-003334,2020-12-19,Buttermilk,Mother Dairy,liters,Refrigerated,Wholesale,2020-11-20,2020-12-03,844.21,634,210,210.21,-0.21,16.6,168.19,-16,Sufficient,Expired
BAT-003336,2020-10-22,Buttermilk,Mother Dairy,liters,Refrigerated,Wholesale,2020-09-18,2020-09-28,572.02,376,196,196.02,-0.02,59.23,23.12,-24,Sufficient,Expired
BAT-003339,2020-01-03,Buttermilk,Sudha,liters,Refrigerated,Wholesale,2019-11-11,2019-11-21,780.48,268,512,512.48,-0.48,38.64,177.44,-43,Sufficient,Expired
BAT-003340,2019-05-02,Buttermilk,Sudha,liters,Refrigerated,Online,2019-03-25,2019-04-02,948.2,70,878,878.2,-0.2,83.47,35.31,-30,Sufficient,Expired
BAT-003343,2021-10-03,Buttermilk,Amul,liters,Refrigerated,Online,2021-09-06,2021-09-15,659.16,31,628,628.16,-0.16,44.63,73.03,-18,Sufficient,Expired
BAT-003344,2022-11-21,Buttermilk,Raj,liters,Refrigerated,Wholesale,2022-10-28,2022-11-06,423.1,17,406,406.1,-0.1,78.71,114.14,-15,Sufficient,Expired
BAT-003345,2021-06-23,Buttermilk,Mother Dairy,liters,Refrigerated,Retail,2021-06-03,2021-06-13,835.13,137,698,698.13,-0.13,54.59,119.65,-10,Sufficient,Expired
BAT-003346,2022-11-13,Buttermilk,Sudha,liters,Refrigerated,Retail,2022-09-15,2022-09-24,437.42,22,415,415.42,-0.42,41.73,73.18,-50,Sufficient,Expired
BAT-003347,2020-10-24,Buttermilk,Amul,liters,Refrigerated,Wholesale,2020-08-31,2020-09-13,179.27,49,130,130.27,-0.27,27.86,66.52,-41,Sufficient,Expired
BAT-003351,2021-03-25,Buttermilk,Amul,liters,Refrigerated,Wholesale,2021-03-01,2021-03-10,926.47,176,750,750.47,-0.47,33.32,110.18,-15,Sufficient,Expired
BAT-003354,2019-06-16,Buttermilk,Mother Dairy,liters,Refrigerated,Wholesale,2019-05-02,2019-05-09,712.46,649,63,63.46,-0.46,25.21,37.95,-38,Sufficient,Expired
BAT-003356,2021-05-08,Buttermilk,Sudha,liters,Refrigerated,Wholesale,2021-03-17,2021-03-30,807.1,81,726,726.1,-0.1,18.8,129.1,-39,Sufficient,Expired
BAT-003357,2019-06-04,Buttermilk,Sudha,liters,Refrigerated,Online,2019-05-08,2019-05-19,848.45,284,564,564.45,-0.45,25.06,39.23,-16,Sufficient,Expired
BAT-003359,2020-04-03,Buttermilk,Raj,liters,Refrigerated,Retail,2020-04-01,2020-04-08,268.12,228,40,40.12,-0.12,98.33,191.93,5,Low Stock,Expiring Soon
BAT-003361,2019-02-20,Buttermilk,Amul,liters,Refrigerated,Retail,2019-01-05,2019-01-13,368.0,325,43,43.0,0.0,74.92,149.92,-38,Low Stock,Expired
BAT-003363,2020-09-20,Buttermilk,Mother Dairy,liters,Refrigerated,Retail,2020-09-05,2020-09-18,302.02,168,134,134.02,-0.02,57.22,144.06,-2,Sufficient,Expired
BAT-003364,2022-08-15,Buttermilk,Mother Dairy,liters,Refrigerated,Retail,2022-07-29,2022-08-09,97.23,25,72,72.23,-0.23,72.82,164.18,-6,Low Stock,Expired
BAT-003365,2019-04-21,Buttermilk,Sudha,liters,Refrigerated,Wholesale,2019-03-03,2019-03-16,347.25,7,340,340.25,-0.25,73.37,174.36,-36,Sufficient,Expired
BAT-003368,2022-04-26,Buttermilk,Raj,liters,Refrigerated,Wholesale,2022-04-20,2022-05-03,804.18,237,567,567.18,-0.18,93.99,98.56,7,Sufficient,Expiring Soon
BAT-003372,2022-09-01,Buttermilk,Sudha,liters,Refrigerated,Retail,2022-08-15,2022-08-26,201.09,94,107,107.09,-0.09,98.65,93.27,-6,Sufficient,Expired
BAT-003373,2020-12-11,Buttermilk,Mother Dairy,liters,Refrigerated,Wholesale,2020-12-09,2020-12-16,924.2,919,5,5.2,-0.2,46.68,162.49,5,Low Stock,Expiring Soon
BAT-003374,2021-01-02,Buttermilk,Raj,liters,Refrigerated,Retail,2020-12-27,2021-01-06,361.21,325,36,36.21,-0.21,80.17,152.24,4,Low Stock,Expiring Soon
BAT-003375,2021-05-15,Buttermilk,Amul,liters,Refrigerated,Retail,2021-04-10,2021-04-23,913.1,836,77,77.1,-0.1,44.79,90.24,-22,Sufficient,Expired
BAT-003377,2020-01-22,Buttermilk,Mother Dairy,liters,Refrigerated,Retail,2020-01-02,2020-01-14,552.22,77,475,475.22,-0.22,74.85,107.75,-8,Sufficient,Expired
BAT-003379,2019-08-20,Buttermilk,Raj,liters,Refrigerated,Wholesale,2019-07-26,2019-08-06,901.13,120,781,781.13,-0.13,52.33,109.28,-14,Sufficient,Expired
BAT-003381,2021-06-15,Buttermilk,Amul,liters,Refrigerated,Wholesale,2021-05-06,2021-05-15,986.37,73,913,913.37,-0.37,42.13,191.76,-31,Sufficient,Expired
BAT-003383,2019-12-09,Buttermilk,Amul,liters,Refrigerated,Retail,2019-10-23,2019-10-30,915.23,614,301,301.23,-0.23,40.77,101.77,-40,Sufficient,Expired
BAT-003390,2021-05-16,Buttermilk,Raj,liters,Refrigerated,Retail,2021-03-27,2021-04-04,237.24,25,212,212.24,-0.24,26.53,174.76,-42,Sufficient,Expired
BAT-003391,2019-04-05,Buttermilk,Raj,liters,Refrigerated,Wholesale,2019-02-04,2019-02-11,105.47,85,20,20.47,-0.47,44.64,55.96,-53,Low Stock,Expired
BAT-003394,2020-04-10,Buttermilk,Mother Dairy,liters,Refrigerated,Online,2020-02-22,2020-03-07,735.02,88,647,647.02,-0.02,63.09,88.8,-34,Sufficient,Expired
BAT-003397,2022-09-27,Buttermilk,Raj,liters,Refrigerated,Wholesale,2022-09-23,2022-10-02,150.36,89,61,61.36,-0.36,17.24,136.78,5,Sufficient,Expiring Soon
BAT-003399,2020-03-07,Buttermilk,Raj,liters,Refrigerated,Retail,2020-02-15,2020-02-29,595.09,32,563,563.09,-0.09,82.2,62.36,-7,Sufficient,Expired
BAT-003400,2019-11-24,Buttermilk,Mother Dairy,liters,Refrigerated,Online,2019-10-14,2019-10-23,195.02,11,184,184.02,-0.02,63.03,127.96,-32,Sufficient,Expired
BAT-003402,2019-08-14,Buttermilk,Mother Dairy,liters,Refrigerated,Online,2019-06-27,2019-07-05,269.34,79,190,190.34,-0.34,48.19,20.76,-40,Sufficient,Expired
BAT-003405,2022-06-11,Buttermilk,Sudha,liters,Refrigerated,Online,2022-05-29,2022-06-10,429.27,202,227,227.27,-0.27,59.52,147.97,-1,Sufficient,Expired
BAT-003408,2022-11-07,Buttermilk,Mother Dairy,liters,Refrigerated,Online,2022-10-26,2022-11-03,964.22,605,359,359.22,-0.22,24.22,92.05,-4,Sufficient,Expired
BAT-003409,2020-12-27,Buttermilk,Sudha,liters,Refrigerated,Retail,2020-12-24,2021-01-06,437.47,29,408,408.47,-0.47,42.03,129.26,10,Sufficient,Safe
BAT-003413,2019-06-04,Buttermilk,Amul,liters,Refrigerated,Online,2019-04-08,2019-04-20,88.29,3,85,85.29,-0.29,95.12,36.0,-45,Low Stock,Expired
BAT-003417,2021-06-12,Buttermilk,Sudha,liters,Refrigerated,Online,2021-04-22,2021-05-04,537.13,89,448,448.13,-0.13,19.28,152.57,-39,Sufficient,Expired
BAT-003418,2020-12-24,Buttermilk,Mother Dairy,liters,Refrigerated,Retail,2020-11-05,2020-11-15,23.41,22,1,1.41,-0.41,68.75,47.77,-39,Low Stock,Expired
BAT-003420,2021-11-21,Buttermilk,Sudha,liters,Refrigerated,Online,2021-11-16,2021-11-25,132.4,90,42,42.4,-0.4,66.06,180.37,4,Low Stock,Expiring Soon
BAT-003421,2022-04-25,Buttermilk,Raj,liters,Refrigerated,Online,2022-02-27,2022-03-06,521.3,88,433,433.3,-0.3,91.84,140.37,-50,Sufficient,Expired
BAT-003424,2020-02-23,Buttermilk,Amul,liters,Refrigerated,Online,2020-02-20,2020-03-04,797.16,125,672,672.16,-0.16,31.54,187.02,10,Sufficient,Safe
BAT-003425,2021-06-04,Buttermilk,Sudha,liters,Refrigerated,Wholesale,2021-04-09,2021-04-18,2.29,1,1,1.29,-0.29,59.55,139.33,-47,Low Stock,Expired
BAT-003427,2020-03-03,Buttermilk,Amul,liters,Refrigerated,Wholesale,2020-02-12,2020-02-23,758.09,582,176,176.09,-0.09,25.82,146.88,-9,Sufficient,Expired
BAT-003429,2019-04-21,Buttermilk,Amul,liters,Refrigerated,Wholesale,2019-03-26,2019-04-02,612.49,461,151,151.49,-0.49,26.91,69.07,-19,Sufficient,Expired
BAT-003430,2019-01-02,Buttermilk,Sudha,liters,Refrigerated,Online,2018-12-15,2018-12-25,214.31,64,150,150.31,-0.31,47.12,184.58,-8,Sufficient,Expired
BAT-003431,2022-03-03,Buttermilk,Mother Dairy,liters,Refrigerated,Online,2022-01-26,2022-02-07,563.11,543,20,20.11,-0.11,39.98,24.32,-24,Low Stock,Expired
BAT-003432,2019-12-26,Buttermilk,Sudha,liters,Refrigerated,Online,2019-12-17,2019-12-26,56.33,6,50,50.33,-0.33,88.56,176.64,0,Low Stock,Urgent
BAT-003433,2022-03-06,Buttermilk,Raj,liters,Refrigerated,Online,2022-01-16,2022-01-30,493.17,398,95,95.17,-0.17,41.53,176.99,-35,Sufficient,Expired
BAT-003434,2020-03-20,Buttermilk,Amul,liters,Refrigerated,Online,2020-02-09,2020-02-22,322.45,149,173,173.45,-0.45,83.53,175.86,-27,Sufficient,Expired
BAT-003436,2022-02-15,Buttermilk,Raj,liters,Refrigerated,Wholesale,2022-01-13,2022-01-27,654.13,414,240,240.13,-0.13,66.0,147.36,-19,Sufficient,Expired
BAT-003437,2021-06-11,Buttermilk,Mother Dairy,liters,Refrigerated,Wholesale,2021-05-10,2021-05-22,926.48,46,880,880.48,-0.48,44.83,159.25,-20,Sufficient,Expired
BAT-003439,2021-10-17,Buttermilk,Mother Dairy,liters,Refrigerated,Wholesale,2021-09-30,2021-10-10,823.26,664,159,159.26,-0.26,36.55,80.41,-7,Sufficient,Expired
BAT-003442,2019-06-13,Buttermilk,Mother Dairy,liters,Refrigerated,Online,2019-05-09,2019-05-17,932.07,683,249,249.07,-0.07,83.15,103.23,-27,Sufficient,Expired
BAT-003443,2022-12-15,Buttermilk,Mother Dairy,liters,Refrigerated,Retail,2022-11-10,2022-11-18,915.04,787,128,128.04,-0.04,10.64,33.9,-27,Sufficient,Expired
BAT-003444,2020-06-11,Buttermilk,Amul,liters,Refrigerated,Online,2020-05-10,2020-05-20,564.28,180,384,384.28,-0.28,59.23,63.63,-22,Sufficient,Expired
BAT-003447,2020-04-05,Buttermilk,Sudha,liters,Refrigerated,Wholesale,2020-02-10,2020-02-21,850.3,56,794,794.3,-0.3,41.4,68.17,-44,Sufficient,Expired
BAT-003453,2019-05-06,Buttermilk,Sudha,liters,Refrigerated,Retail,2019-04-04,2019-04-11,60.17,10,50,50.17,-0.17,73.95,82.7,-25,Low Stock,Expired
BAT-003454,2022-09-13,Buttermilk,Raj,liters,Refrigerated,Online,2022-07-26,2022-08-06,628.17,365,263,263.17,-0.17,43.23,153.0,-38,Sufficient,Expired
BAT-003458,2022-03-07,Buttermilk,Sudha,liters,Refrigerated,Online,2022-01-27,2022-02-07,216.32,39,177,177.32,-0.32,50.26,155.0,-28,Sufficient,Expired
BAT-003459,2022-03-12,Buttermilk,Sudha,liters,Refrigerated,Wholesale,2022-02-15,2022-02-27,673.11,151,522,522.11,-0.11,27.64,167.6,-13,Sufficient,Expired
BAT-003461,2019-06-12,Buttermilk,Mother Dairy,liters,Refrigerated,Online,2019-04-13,2019-04-21,784.25,558,226,226.25,-0.25,40.01,87.42,-52,Sufficient,Expired
BAT-003464,2022-04-07,Buttermilk,Raj,liters,Refrigerated,Retail,2022-02-19,2022-03-01,392.05,37,355,355.05,-0.05,49.0,197.46,-37,Sufficient,Expired
BAT-003465,2020-01-05,Buttermilk,Sudha,liters,Refrigerated,Retail,2019-12-10,2019-12-19,433.35,186,247,247.35,-0.35,97.73,67.02,-17,Sufficient,Expired
BAT-003466,2019-01-18,Buttermilk,Mother Dairy,liters,Refrigerated,Online,2019-01-08,2019-01-16,117.03,86,31,31.03,-0.03,62.58,161.32,-2,Low Stock,Expired
BAT-003470,2019-07-21,Buttermilk,Sudha,liters,Refrigerated,Retail,2019-06-04,2019-06-17,965.47,183,782,782.47,-0.47,60.79,160.78,-34,Sufficient,Expired
BAT-003472,2019-12-03,Buttermilk,Sudha,liters,Refrigerated,Online,2019-11-13,2019-11-23,885.05,78,807,807.05,-0.05,11.92,46.72,-10,Sufficient,Expired
BAT-003473,2020-01-14,Buttermilk,Mother Dairy,liters,Refrigerated,Wholesale,2020-01-09,2020-01-17,400.23,12,388,388.23,-0.23,36.89,85.29,3,Sufficient,Urgent
BAT-003477,2020-09-12,Buttermilk,Raj,liters,Refrigerated,Online,2020-08-04,2020-08-14,4.39,2,2,2.39,-0.39,27.89,98.91,-29,Low Stock,Expired
BAT-003479,2019-04-04,Buttermilk,Amul,liters,Refrigerated,Retail,2019-03-29,2019-04-10,201.3,122,79,79.3,-0.3,93.67,102.75,6,Low Stock,Expiring Soon
BAT-003480,2021-08-12,Buttermilk,Raj,liters,Refrigerated,Retail,2021-06-15,2021-06-24,781.11,350,431,431.11,-0.11,81.34,160.21,-49,Sufficient,Expired
BAT-003483,2019-02-14,Paneer,Mother Dairy,kilograms,Refrigerated,Online,2019-01-06,2019-01-20,203.36,15,188,188.36,-0.36,10.9,25.14,-25,Sufficient,Expired
BAT-003485,2021-11-17,Paneer,Sudha,kilograms,Refrigerated,Wholesale,2021-10-23,2021-10-31,886.35,845,41,41.35,-0.35,46.25,70.4,-17,Low Stock,Expired
BAT-003486,2020-05-25,Paneer,Amul,kilograms,Refrigerated,Retail,2020-05-02,2020-05-09,770.27,557,213,213.27,-0.27,83.63,79.83,-16,Sufficient,Expired
BAT-003491,2019-09-06,Paneer,Raj,kilograms,Refrigerated,Retail,2019-08-13,2019-08-24,674.12,230,444,444.12,-0.12,99.99,131.43,-13,Sufficient,Expired
BAT-003492,2019-01-09,Paneer,Mother Dairy,kilograms,Refrigerated,Wholesale,2018-12-08,2018-12-15,969.09,779,190,190.09,-0.09,32.08,128.68,-25,Sufficient,Expired
BAT-003493,2021-06-10,Paneer,Amul,kilograms,Refrigerated,Retail,2021-04-15,2021-04-22,571.27,217,354,354.27,-0.27,59.8,124.23,-49,Sufficient,Expired
BAT-003494,2021-03-02,Paneer,Sudha,kilograms,Refrigerated,Wholesale,2021-02-07,2021-02-15,374.12,148,226,226.12,-0.12,81.19,36.33,-15,Sufficient,Expired
BAT-003496,2020-10-19,Paneer,Sudha,kilograms,Refrigerated,Retail,2020-09-06,2020-09-13,272.32,237,35,35.32,-0.32,12.45,117.28,-36,Sufficient,Expired
BAT-003499,2019-12-15,Paneer,Mother Dairy,kilograms,Refrigerated,Online,2019-11-21,2019-12-02,307.25,24,283,283.25,-0.25,93.72,87.63,-13,Sufficient,Expired
BAT-003500,2021-04-01,Paneer,Sudha,kilograms,Refrigerated,Wholesale,2021-03-11,2021-03-20,131.11,10,121,121.11,-0.11,82.32,115.55,-12,Sufficient,Expired
BAT-003506,2020-06-12,Paneer,Mother Dairy,kilograms,Refrigerated,Retail,2020-05-30,2020-06-10,563.42,146,417,417.42,-0.42,56.22,176.79,-2,Sufficient,Expired
BAT-003507,2019-11-25,Paneer,Amul,kilograms,Refrigerated,Retail,2019-11-09,2019-11-23,656.11,578,78,78.11,-0.11,33.01,123.93,-2,Sufficient,Expired
BAT-003508,2019-12-26,Paneer,Raj,kilograms,Refrigerated,Online,2019-12-18,2019-12-31,872.22,278,594,594.22,-0.22,28.28,95.11,5,Sufficient,Expiring Soon
BAT-003510,2022-06-12,Paneer,Sudha,kilograms,Refrigerated,Retail,2022-05-20,2022-05-30,417.44,203,214,214.44,-0.44,94.2,147.37,-13,Sufficient,Expired
BAT-003511,2019-10-12,Paneer,Mother Dairy,kilograms,Refrigerated,Online,2019-10-09,2019-10-23,509.23,373,136,136.23,-0.23,19.99,74.29,11,Sufficient,Safe
BAT-003513,2021-12-27,Paneer,Sudha,kilograms,Refrigerated,Retail,2021-12-20,2022-01-01,114.24,3,111,111.24,-0.24,34.93,84.32,5,Sufficient,Expiring Soon
BAT-003514,2019-06-13,Paneer,Sudha,kilograms,Refrigerated,Wholesale,2019-05-15,2019-05-27,544.0,426,118,118.0,0.0,31.94,173.21,-17,Sufficient,Expired
BAT-003515,2020-05-01,Paneer,Amul,kilograms,Refrigerated,Wholesale,2020-04-15,2020-04-24,798.14,604,194,194.14,-0.14,23.34,64.25,-7,Sufficient,Expired
BAT-003517,2021-12-02,Paneer,Raj,kilograms,Refrigerated,Online,2021-11-13,2021-11-22,723.16,128,595,595.16,-0.16,34.96,161.93,-10,Sufficient,Expired
BAT-003518,2020-01-10,Paneer,Sudha,kilograms,Refrigerated,Retail,2019-11-30,2019-12-11,368.03,151,217,217.03,-0.03,68.51,66.18,-30,Sufficient,Expired
BAT-003520,2019-12-24,Paneer,Sudha,kilograms,Refrigerated,Retail,2019-10-26,2019-11-06,97.17,48,49,49.17,-0.17,78.12,131.05,-48,Low Stock,Expired
BAT-003522,2022-02-03,Paneer,Raj,kilograms,Refrigerated,Online,2022-01-04,2022-01-14,241.09,83,158,158.09,-0.09,41.27,93.18,-20,Sufficient,Expired
BAT-003525,2020-11-07,Paneer,Mother Dairy,kilograms,Refrigerated,Wholesale,2020-10-17,2020-10-28,339.45,146,193,193.45,-0.45,72.68,116.24,-10,Sufficient,Expired
BAT-003527,2020-05-09,Paneer,Sudha,kilograms,Refrigerated,Online,2020-03-18,2020-04-01,735.21,603,132,132.21,-0.21,90.65,137.67,-38,Sufficient,Expired
BAT-003528,2022-02-20,Paneer,Mother Dairy,kilograms,Refrigerated,Online,2021-12-26,2022-01-02,608.07,572,36,36.07,-0.07,71.18,86.51,-49,Low Stock,Expired
BAT-003530,2021-05-10,Paneer,Mother Dairy,kilograms,Refrigerated,Wholesale,2021-04-12,2021-04-20,681.13,308,373,373.13,-0.13,84.55,53.79,-20,Sufficient,Expired
BAT-003533,2019-01-08,Paneer,Sudha,kilograms,Refrigerated,Retail,2018-12-19,2018-12-29,405.07,309,96,96.07,-0.07,52.34,167.14,-10,Sufficient,Expired
BAT-003535,2021-04-14,Paneer,Mother Dairy,kilograms,Refrigerated,Online,2021-02-17,2021-02-28,243.02,145,98,98.02,-0.02,51.58,143.89,-45,Sufficient,Expired
BAT-003536,2022-01-16,Paneer,Mother Dairy,kilograms,Refrigerated,Retail,2021-12-19,2022-01-02,97.47,62,35,35.47,-0.47,39.79,198.03,-14,Low Stock,Expired
BAT-003537,2022-09-14,Paneer,Raj,kilograms,Refrigerated,Online,2022-07-23,2022-08-05,702.1,592,110,110.1,-0.1,72.02,103.46,-40,Sufficient,Expired
BAT-003538,2020-02-27,Paneer,Raj,kilograms,Refrigerated,Retail,2020-02-07,2020-02-17,936.16,29,907,907.16,-0.16,71.33,26.94,-10,Sufficient,Expired
BAT-003539,2020-11-08,Paneer,Amul,kilograms,Refrigerated,Online,2020-10-24,2020-11-04,234.06,31,203,203.06,-0.06,17.99,134.09,-4,Sufficient,Expired
BAT-003544,2019-01-21,Paneer,Amul,kilograms,Refrigerated,Wholesale,2018-12-29,2019-01-09,422.02,78,344,344.02,-0.02,56.39,184.51,-12,Sufficient,Expired
BAT-003545,2019-03-08,Paneer,Sudha,kilograms,Refrigerated,Online,2019-01-20,2019-01-30,704.27,214,490,490.27,-0.27,37.14,24.18,-37,Sufficient,Expired
BAT-003546,2020-03-25,Paneer,Sudha,kilograms,Refrigerated,Retail,2020-02-24,2020-03-08,88.05,10,78,78.05,-0.05,90.43,156.64,-17,Low Stock,Expired
BAT-003547,2021-03-15,Paneer,Raj,kilograms,Refrigerated,Online,2021-02-23,2021-03-03,253.26,16,237,237.26,-0.26,56.31,36.51,-12,Sufficient,Expired
BAT-003550,2022-01-23,Paneer,Amul,kilograms,Refrigerated,Online,2022-01-18,2022-01-31,570.32,99,471,471.32,-0.32,99.11,174.17,8,Sufficient,Safe
BAT-003551,2021-07-01,Paneer,Amul,kilograms,Refrigerated,Wholesale,2021-06-22,2021-07-01,919.34,910,9,9.34,-0.34,75.34,199.25,0,Low Stock,Urgent
BAT-003553,2019-04-21,Paneer,Raj,kilograms,Refrigerated,Retail,2019-02-20,2019-03-05,565.32,536,29,29.32,-0.32,17.61,32.98,-47,Sufficient,Expired
BAT-003555,2022-09-11,Paneer,Mother Dairy,kilograms,Refrigerated,Retail,2022-08-13,2022-08-25,115.3,33,82,82.3,-0.3,75.38,173.56,-17,Sufficient,Expired
BAT-003556,2021-12-17,Paneer,Mother Dairy,kilograms,Refrigerated,Wholesale,2021-12-11,2021-12-18,76.35,63,13,13.35,-0.35,68.85,62.6,1,Low Stock,Urgent
BAT-003557,2021-03-16,Paneer,Raj,kilograms,Refrigerated,Retail,2021-01-15,2021-01-27,230.42,52,178,178.42,-0.42,91.29,167.14,-48,Sufficient,Expired
BAT-003560,2021-12-05,Paneer,Amul,kilograms,Refrigerated,Online,2021-11-12,2021-11-25,459.36,277,182,182.36,-0.36,58.12,31.78,-10,Sufficient,Expired
BAT-003561,2022-08-27,Paneer,Sudha,kilograms,Refrigerated,Online,2022-08-11,2022-08-21,723.37,177,546,546.37,-0.37,69.69,59.18,-6,Sufficient,Expired
BAT-003562,2022-01-24,Paneer,Raj,kilograms,Refrigerated,Online,2022-01-03,2022-01-13,952.14,926,26,26.14,-0.14,13.13,95.47,-11,Sufficient,Expired
BAT-003567,2020-10-28,Paneer,Mother Dairy,kilograms,Refrigerated,Retail,2020-08-30,2020-09-06,788.45,134,654,654.45,-0.45,92.11,119.48,-52,Sufficient,Expired
BAT-003570,2020-02-07,Paneer,Amul,kilograms,Refrigerated,Retail,2020-02-04,2020-02-15,277.21,267,10,10.21,-0.21,65.1,107.02,8,Low Stock,Safe
BAT-003571,2019-07-24,Paneer,Mother Dairy,kilograms,Refrigerated,Retail,2019-06-04,2019-06-17,202.2,91,111,111.2,-0.2,12.2,35.18,-37,Sufficient,Expired
BAT-003573,2022-05-08,Paneer,Sudha,kilograms,Refrigerated,Retail,2022-04-07,2022-04-21,607.04,367,240,240.04,-0.04,50.72,188.17,-17,Sufficient,Expired
BAT-003574,2019-05-10,Paneer,Mother Dairy,kilograms,Refrigerated,Retail,2019-05-04,2019-05-17,614.13,153,461,461.13,-0.13,33.1,173.23,7,Sufficient,Expiring Soon
BAT-003575,2020-11-14,Paneer,Mother Dairy,kilograms,Refrigerated,Retail,2020-09-26,2020-10-03,307.33,7,300,300.33,-0.33,23.62,23.93,-42,Sufficient,Expired
BAT-003577,2020-08-05,Paneer,Mother Dairy,kilograms,Refrigerated,Retail,2020-06-13,2020-06-27,45.09,39,6,6.09,-0.09,17.05,130.02,-39,Low Stock,Expired
BAT-003578,2022-12-20,Paneer,Sudha,kilograms,Refrigerated,Online,2022-11-10,2022-11-19,778.25,635,143,143.25,-0.25,22.27,161.89,-31,Sufficient,Expired
BAT-003580,2022-02-28,Paneer,Raj,kilograms,Refrigerated,Online,2022-01-29,2022-02-06,98.19,58,40,40.19,-0.19,28.87,144.09,-22,Sufficient,Expired
BAT-003581,2022-02-24,Paneer,Sudha,kilograms,Refrigerated,Wholesale,2022-02-03,2022-02-17,198.24,160,38,38.24,-0.24,18.3,172.81,-7,Sufficient,Expired
BAT-003583,2019-10-03,Paneer,Raj,kilograms,Refrigerated,Wholesale,2019-09-19,2019-10-01,978.29,792,186,186.29,-0.29,50.1,40.55,-2,Sufficient,Expired
BAT-003584,2022-10-05,Paneer,Amul,kilograms,Refrigerated,Wholesale,2022-09-17,2022-09-27,929.42,87,842,842.42,-0.42,83.05,36.56,-8,Sufficient,Expired
BAT-003585,2021-12-01,Paneer,Amul,kilograms,Refrigerated,Online,2021-11-10,2021-11-17,811.16,730,81,81.16,-0.16,83.57,45.59,-14,Low Stock,Expired
BAT-003586,2020-09-20,Paneer,Mother Dairy,kilograms,Refrigerated,Wholesale,2020-09-04,2020-09-16,100.17,39,61,61.17,-0.17,13.68,166.49,-4,Sufficient,Expired
BAT-003590,2019-06-26,Paneer,Sudha,kilograms,Refrigerated,Wholesale,2019-05-01,2019-05-09,178.05,124,54,54.05,-0.05,12.28,189.54,-48,Sufficient,Expired
BAT-003592,2019-10-14,Paneer,Raj,kilograms,Refrigerated,Retail,2019-09-29,2019-10-09,391.13,121,270,270.13,-0.13,95.07,119.52,-5,Sufficient,Expired
BAT-003598,2022-09-27,Paneer,Raj,kilograms,Refrigerated,Wholesale,2022-08-26,2022-09-03,988.32,899,89,89.32,-0.32,92.03,197.32,-24,Low Stock,Expired
BAT-003600,2022-04-02,Paneer,Sudha,kilograms,Refrigerated,Wholesale,2022-02-26,2022-03-06,143.48,34,109,109.48,-0.48,55.28,50.7,-27,Sufficient,Expired
BAT-003602,2019-02-08,Paneer,Sudha,kilograms,Refrigerated,Wholesale,2018-12-20,2018-12-29,759.31,381,378,378.31,-0.31,70.67,156.02,-41,Sufficient,Expired
BAT-003605,2021-07-13,Paneer,Amul,kilograms,Refrigerated,Wholesale,2021-06-21,2021-06-29,843.28,109,734,734.28,-0.28,89.53,180.7,-14,Sufficient,Expired
BAT-003608,2021-05-01,Paneer,Amul,kilograms,Refrigerated,Retail,2021-04-27,2021-05-07,171.16,157,14,14.16,-0.16,84.04,92.2,6,Low Stock,Expiring Soon
BAT-003609,2020-06-05,Paneer,Mother Dairy,kilograms,Refrigerated,Retail,2020-04-18,2020-04-25,436.22,38,398,398.22,-0.22,12.0,38.9,-41,Sufficient,Expired
BAT-003610,2022-06-25,Paneer,Raj,kilograms,Refrigerated,Online,2022-05-08,2022-05-18,678.03,282,396,396.03,-0.03,38.12,111.25,-38,Sufficient,Expired
BAT-003612,2020-02-27,Paneer,Mother Dairy,kilograms,Refrigerated,Online,2020-01-11,2020-01-22,909.36,433,476,476.36,-0.36,63.9,66.82,-36,Sufficient,Expired
BAT-003613,2020-05-23,Paneer,Amul,kilograms,Refrigerated,Retail,2020-05-08,2020-05-19,459.4,290,169,169.4,-0.4,81.9,124.88,-4,Sufficient,Expired
BAT-003614,2022-04-26,Paneer,Mother Dairy,kilograms,Refrigerated,Retail,2022-03-19,2022-03-27,663.22,208,455,455.22,-0.22,73.22,21.08,-30,Sufficient,Expired
BAT-003615,2022-10-23,Paneer,Amul,kilograms,Refrigerated,Retail,2022-08-30,2022-09-13,212.4,139,73,73.4,-0.4,37.23,57.25,-40,Sufficient,Expired
BAT-003619,2022-08-27,Paneer,Raj,kilograms,Refrigerated,Retail,2022-07-05,2022-07-13,26.33,8,18,18.33,-0.33,54.65,193.67,-45,Low Stock,Expired
BAT-003621,2019-12-21,Paneer,Amul,kilograms,Refrigerated,Wholesale,2019-12-03,2019-12-10,411.32,211,200,200.32,-0.32,46.82,198.07,-11,Sufficient,Expired
BAT-003623,2021-08-04,Paneer,Raj,kilograms,Refrigerated,Online,2021-07-24,2021-08-01,653.24,42,611,611.24,-0.24,90.8,113.09,-3,Sufficient,Expired
BAT-003627,2019-10-10,Paneer,Sudha,kilograms,Refrigerated,Wholesale,2019-08-28,2019-09-09,295.2,195,100,100.2,-0.2,33.64,145.99,-31,Sufficient,Expired
BAT-003629,2021-11-17,Paneer,Mother Dairy,kilograms,Refrigerated,Online,2021-10-04,2021-10-12,136.17,59,77,77.17,-0.17,99.15,109.75,-36,Low Stock,Expired
BAT-003630,2022-05-09,Paneer,Amul,kilograms,Refrigerated,Wholesale,2022-04-30,2022-05-12,809.09,18,791,791.09,-0.09,99.05,71.54,3,Sufficient,Urgent
BAT-003632,2022-11-19,Paneer,Mother Dairy,kilograms,Refrigerated,Retail,2022-10-22,2022-10-29,332.42,144,188,188.42,-0.42,96.72,156.37,-21,Sufficient,Expired
BAT-003633,2021-04-20,Paneer,Amul,kilograms,Refrigerated,Online,2021-03-02,2021-03-10,78.24,30,48,48.24,-0.24,70.33,149.27,-41,Low Stock,Expired
BAT-003637,2021-12-15,Paneer,Raj,kilograms,Refrigerated,Retail,2021-10-18,2021-10-27,822.29,102,720,720.29,-0.29,17.44,32.97,-49,Sufficient,Expired
BAT-003638,2021-09-12,Paneer,Sudha,kilograms,Refrigerated,Wholesale,2021-09-06,2021-09-20,875.15,574,301,301.15,-0.15,69.0,96.09,8,Sufficient,Safe
BAT-003639,2019-05-11,Paneer,Mother Dairy,kilograms,Refrigerated,Retail,2019-03-26,2019-04-08,574.02,335,239,239.02,-0.02,60.73,105.84,-33,Sufficient,Expired
BAT-003643,2020-11-15,Paneer,Mother Dairy,kilograms,Refrigerated,Wholesale,2020-10-01,2020-10-10,661.05,615,46,46.05,-0.05,61.16,48.73,-36,Low Stock,Expired
BAT-003644,2021-10-03,Paneer,Mother Dairy,kilograms,Refrigerated,Wholesale,2021-08-15,2021-08-26,960.01,190,770,770.01,-0.01,41.75,78.37,-38,Sufficient,Expired
BAT-003645,2020-05-13,Paneer,Sudha,kilograms,Refrigerated,Wholesale,2020-05-04,2020-05-16,924.36,908,16,16.36,-0.36,51.92,198.63,3,Low Stock,Urgent
BAT-003646,2022-03-18,Paneer,Raj,kilograms,Refrigerated,Retail,2022-01-17,2022-01-24,6.17,2,4,4.17,-0.17,15.8,46.34,-53,Low Stock,Expired
BAT-003647,2021-04-13,Paneer,Raj,kilograms,Refrigerated,Online,2021-02-23,2021-03-06,213.11,62,151,151.11,-0.11,36.73,24.09,-38,Sufficient,Expired
BAT-003649,2022-07-03,Paneer,Sudha,kilograms,Refrigerated,Wholesale,2022-06-25,2022-07-05,336.47,231,105,105.47,-0.47,14.07,114.22,2,Sufficient,Urgent
BAT-003653,2021-05-21,Paneer,Sudha,kilograms,Refrigerated,Retail,2021-04-23,2021-05-02,898.43,551,347,347.43,-0.43,73.33,31.96,-19,Sufficient,Expired
BAT-003658,2019-09-12,Paneer,Amul,kilograms,Refrigerated,Online,2019-09-08,2019-09-18,1.22,1,0,0.22,-0.22,36.28,34.18,6,Low Stock,Expiring Soon
BAT-003659,2019-07-02,Paneer,Raj,kilograms,Refrigerated,Online,2019-05-10,2019-05-19,345.37,256,89,89.37,-0.37,68.09,154.49,-44,Sufficient,Expired
BAT-003661,2021-05-06,Paneer,Sudha,kilograms,Refrigerated,Online,2021-03-30,2021-04-10,492.01,176,316,316.01,-0.01,21.1,106.23,-26,Sufficient,Expired
BAT-003662,2022-07-19,Paneer,Mother Dairy,kilograms,Refrigerated,Wholesale,2022-07-07,2022-07-18,486.33,231,255,255.33,-0.33,11.18,139.3,-1,Sufficient,Expired
BAT-003665,2020-01-26,Paneer,Amul,kilograms,Refrigerated,Retail,2020-01-03,2020-01-15,367.11,310,57,57.11,-0.11,70.92,173.24,-11,Low Stock,Expired
BAT-003667,2022-04-09,Paneer,Amul,kilograms,Refrigerated,Wholesale,2022-03-12,2022-03-20,140.39,35,105,105.39,-0.39,30.4,104.1,-20,Sufficient,Expired
BAT-003669,2020-05-13,Paneer,Raj,kilograms,Refrigerated,Wholesale,2020-05-12,2020-05-19,959.18,408,551,551.18,-0.18,45.94,143.44,6,Sufficient,Expiring Soon
BAT-003670,2021-02-26,Paneer,Mother Dairy,kilograms,Refrigerated,Wholesale,2021-02-19,2021-02-26,437.06,101,336,336.06,-0.06,61.22,39.71,0,Sufficient,Urgent
BAT-003673,2021-01-02,Paneer,Mother Dairy,kilograms,Refrigerated,Retail,2020-12-02,2020-12-14,402.34,252,150,150.34,-0.34,86.88,51.43,-19,Sufficient,Expired
BAT-003675,2021-05-13,Paneer,Amul,kilograms,Refrigerated,Online,2021-05-10,2021-05-22,369.19,221,148,148.19,-0.19,27.6,81.47,9,Sufficient,Safe
BAT-003679,2020-09-08,Paneer,Mother Dairy,kilograms,Refrigerated,Retail,2020-08-23,2020-09-04,631.11,38,593,593.11,-0.11,38.44,37.3,-4,Sufficient,Expired
BAT-003680,2022-12-21,Paneer,Raj,kilograms,Refrigerated,Wholesale,2022-11-16,2022-11-26,781.3,672,109,109.3,-0.3,96.13,190.35,-25,Sufficient,Expired
BAT-003681,2019-11-04,Paneer,Mother Dairy,kilograms,Refrigerated,Wholesale,2019-09-06,2019-09-20,459.37,266,193,193.37,-0.37,88.36,52.24,-45,Sufficient,Expired
BAT-003684,2019-02-23,Paneer,Amul,kilograms,Refrigerated,Wholesale,2018-12-28,2019-01-08,503.08,416,87,87.08,-0.08,47.08,50.75,-46,Sufficient,Expired
BAT-003687,2021-03-07,Paneer,Mother Dairy,kilograms,Refrigerated,Online,2021-02-10,2021-02-22,289.39,77,212,212.39,-0.39,45.39,27.63,-13,Sufficient,Expired
BAT-003689,2021-04-08,Paneer,Amul,kilograms,Refrigerated,Wholesale,2021-02-20,2021-03-02,422.35,248,174,174.35,-0.35,29.27,145.63,-37,Sufficient,Expired
BAT-003691,2019-02-01,Paneer,Mother Dairy,kilograms,Refrigerated,Wholesale,2018-12-21,2018-12-30,343.07,277,66,66.07,-0.07,89.64,187.37,-33,Low Stock,Expired
BAT-003692,2022-04-23,Paneer,Raj,kilograms,Refrigerated,Online,2022-03-02,2022-03-15,669.33,57,612,612.33,-0.33,22.13,113.46,-39,Sufficient,Expired
BAT-003693,2021-05-13,Paneer,Sudha,kilograms,Refrigerated,Wholesale,2021-04-21,2021-04-28,156.12,48,108,108.12,-0.12,74.33,91.46,-15,Sufficient,Expired
BAT-003699,2019-01-26,Paneer,Mother Dairy,kilograms,Refrigerated,Online,2018-11-28,2018-12-09,225.19,8,217,217.19,-0.19,84.0,148.54,-48,Sufficient,Expired
BAT-003701,2022-03-04,Paneer,Sudha,kilograms,Refrigerated,Online,2022-02-19,2022-02-28,317.33,143,174,174.33,-0.33,21.27,70.86,-4,Sufficient,Expired
BAT-003703,2019-05-02,Paneer,Amul,kilograms,Refrigerated,Wholesale,2019-04-05,2019-04-18,549.06,502,47,47.06,-0.06,12.31,41.76,-14,Sufficient,Expired
BAT-003705,2021-07-02,Paneer,Mother Dairy,kilograms,Refrigerated,Wholesale,2021-06-29,2021-07-12,377.18,41,336,336.18,-0.18,72.82,25.6,10,Sufficient,Safe
BAT-003709,2022-09-15,Paneer,Mother Dairy,kilograms,Refrigerated,Retail,2022-08-25,2022-09-07,53.11,42,11,11.11,-0.11,92.94,129.36,-8,Low Stock,Expired
BAT-003712,2019-10-18,Paneer,Raj,kilograms,Refrigerated,Wholesale,2019-08-25,2019-09-06,239.11,206,33,33.11,-0.11,95.05,59.75,-42,Low Stock,Expired
BAT-003714,2022-09-02,Paneer,Sudha,kilograms,Refrigerated,Retail,2022-08-10,2022-08-23,272.21,82,190,190.21,-0.21,75.57,161.14,-10,Sufficient,Expired
BAT-003719,2022-10-03,Paneer,Mother Dairy,kilograms,Refrigerated,Online,2022-08-06,2022-08-15,888.43,772,116,116.43,-0.43,72.43,141.49,-49,Sufficient,Expired
BAT-003720,2019-12-15,Paneer,Amul,kilograms,Refrigerated,Online,2019-10-20,2019-11-03,104.3,76,28,28.3,-0.3,94.35,101.3,-42,Low Stock,Expired
BAT-003725,2021-11-18,Paneer,Mother Dairy,kilograms,Refrigerated,Online,2021-11-02,2021-11-11,164.37,46,118,118.37,-0.37,39.84,120.15,-7,Sufficient,Expired
BAT-003727,2021-01-02,Paneer,Sudha,kilograms,Refrigerated,Wholesale,2020-12-04,2020-12-13,720.23,596,124,124.23,-0.23,52.84,36.92,-20,Sufficient,Expired
BAT-003729,2019-09-24,Paneer,Amul,kilograms,Refrigerated,Retail,2019-07-27,2019-08-05,271.12,40,231,231.12,-0.12,40.93,106.88,-50,Sufficient,Expired
BAT-003730,2020-03-05,Paneer,Amul,kilograms,Refrigerated,Online,2020-02-28,2020-03-11,275.2,222,53,53.2,-0.2,53.95,157.94,6,Low Stock,Expiring Soon
BAT-003731,2019-11-28,Paneer,Mother Dairy,kilograms,Refrigerated,Online,2019-11-14,2019-11-25,598.07,517,81,81.07,-0.07,55.69,146.65,-3,Sufficient,Expired
BAT-003732,2022-11-12,Paneer,Raj,kilograms,Refrigerated,Retail,2022-11-04,2022-11-14,882.13,309,573,573.13,-0.13,39.82,142.04,2,Sufficient,Urgent
BAT-003733,2022-09-04,Paneer,Sudha,kilograms,Refrigerated,Wholesale,2022-07-25,2022-08-01,875.44,178,697,697.44,-0.44,43.36,63.08,-34,Sufficient,Expired
BAT-003734,2022-12-16,Paneer,Amul,kilograms,Refrigerated,Retail,2022-11-08,2022-11-17,444.22,73,371,371.22,-0.22,87.15,157.81,-29,Sufficient,Expired
BAT-003740,2019-03-02,Paneer,Sudha,kilograms,Refrigerated,Online,2019-02-03,2019-02-16,655.49,214,441,441.49,-0.49,73.7,147.54,-14,Sufficient,Expired
BAT-003742,2020-07-13,Paneer,Mother Dairy,kilograms,Refrigerated,Online,2020-05-17,2020-05-25,463.14,143,320,320.14,-0.14,40.89,126.65,-49,Sufficient,Expired
BAT-003743,2019-12-22,Paneer,Mother Dairy,kilograms,Refrigerated,Online,2019-10-27,2019-11-09,93.47,49,44,44.47,-0.47,74.43,102.72,-43,Low Stock,Expired
BAT-003744,2019-08-05,Paneer,Sudha,kilograms,Refrigerated,Retail,2019-06-19,2019-06-27,433.4,281,152,152.4,-0.4,67.13,132.99,-39,Sufficient,Expired
BAT-003746,2020-02-12,Paneer,Sudha,kilograms,Refrigerated,Wholesale,2020-01-19,2020-02-02,258.21,21,237,237.21,-0.21,89.04,176.43,-10,Sufficient,Expired
BAT-003751,2020-01-21,Paneer,Amul,kilograms,Refrigerated,Wholesale,2019-12-18,2019-12-25,969.09,477,492,492.09,-0.09,37.81,26.49,-27,Sufficient,Expired
BAT-003752,2020-02-13,Paneer,Sudha,kilograms,Refrigerated,Online,2020-01-02,2020-01-14,707.17,292,415,415.17,-0.17,23.09,92.36,-30,Sufficient,Expired
BAT-003753,2020-05-18,Paneer,Mother Dairy,kilograms,Refrigerated,Wholesale,2020-04-09,2020-04-23,277.45,155,122,122.45,-0.45,26.17,112.05,-25,Sufficient,Expired
BAT-003754,2020-03-14,Paneer,Mother Dairy,kilograms,Refrigerated,Wholesale,2020-02-02,2020-02-09,648.25,82,566,566.25,-0.25,52.98,125.9,-34,Sufficient,Expired
BAT-003756,2021-12-13,Paneer,Mother Dairy,kilograms,Refrigerated,Retail,2021-12-11,2021-12-25,464.3,464,0,0.3,-0.3,41.42,122.14,12,Low Stock,Safe
BAT-003759,2020-12-27,Paneer,Sudha,kilograms,Refrigerated,Retail,2020-10-31,2020-11-07,150.05,124,26,26.05,-0.05,42.97,53.24,-50,Low Stock,Expired
BAT-003760,2021-07-23,Paneer,Amul,kilograms,Refrigerated,Retail,2021-06-14,2021-06-25,767.24,352,415,415.24,-0.24,11.54,83.63,-28,Sufficient,Expired
BAT-003761,2019-05-20,Paneer,Amul,kilograms,Refrigerated,Online,2019-03-22,2019-03-31,276.05,119,157,157.05,-0.05,60.71,152.03,-50,Sufficient,Expired
BAT-003766,2019-02-22,Paneer,Raj,kilograms,Refrigerated,Wholesale,2019-01-17,2019-01-30,935.45,491,444,444.45,-0.45,27.15,180.67,-23,Sufficient,Expired
BAT-003767,2022-03-10,Paneer,Amul,kilograms,Refrigerated,Retail,2022-03-08,2022-03-18,689.05,365,324,324.05,-0.05,27.45,170.13,8,Sufficient,Safe
BAT-003768,2021-08-05,Paneer,Mother Dairy,kilograms,Refrigerated,Retail,2021-08-03,2021-08-13,458.17,47,411,411.17,-0.17,56.0,80.65,8,Sufficient,Safe
BAT-003770,2020-09-26,Paneer,Amul,kilograms,Refrigerated,Retail,2020-08-08,2020-08-21,152.5,39,113,113.5,-0.5,18.64,51.2,-36,Sufficient,Expired
BAT-003771,2021-07-23,Paneer,Raj,kilograms,Refrigerated,Online,2021-06-28,2021-07-12,334.35,308,26,26.35,-0.35,46.22,146.48,-11,Low Stock,Expired
BAT-003773,2019-12-06,Paneer,Sudha,kilograms,Refrigerated,Wholesale,2019-11-17,2019-11-27,774.28,26,748,748.28,-0.28,18.61,100.93,-9,Sufficient,Expired
BAT-003774,2022-11-26,Paneer,Sudha,kilograms,Refrigerated,Wholesale,2022-10-04,2022-10-13,741.16,557,184,184.16,-0.16,87.4,20.41,-44,Sufficient,Expired
BAT-003779,2020-08-22,Paneer,Raj,kilograms,Refrigerated,Wholesale,2020-07-20,2020-07-30,652.02,268,384,384.02,-0.02,52.54,198.75,-23,Sufficient,Expired
BAT-003782,2021-04-26,Paneer,Raj,kilograms,Refrigerated,Online,2021-04-10,2021-04-19,196.23,81,115,115.23,-0.23,81.8,76.07,-7,Sufficient,Expired
BAT-003783,2019-11-24,Paneer,Raj,kilograms,Refrigerated,Retail,2019-10-23,2019-11-01,245.11,103,142,142.11,-0.11,58.29,149.6,-23,Sufficient,Expired
BAT-003784,2019-06-15,Paneer,Sudha,kilograms,Refrigerated,Wholesale,2019-06-13,2019-06-26,9.22,4,5,5.22,-0.22,70.88,54.03,11,Low Stock,Safe
BAT-003785,2021-03-11,Paneer,Sudha,kilograms,Refrigerated,Online,2021-01-27,2021-02-08,208.39,20,188,188.39,-0.39,46.49,168.75,-31,Sufficient,Expired
BAT-003787,2020-06-05,Paneer,Mother Dairy,kilograms,Refrigerated,Online,2020-04-17,2020-04-26,500.21,384,116,116.21,-0.21,80.87,38.88,-40,Sufficient,Expired
BAT-003789,2019-08-04,Paneer,Amul,kilograms,Refrigerated,Wholesale,2019-06-09,2019-06-23,373.3,264,109,109.3,-0.3,48.92,162.99,-42,Sufficient,Expired
BAT-003790,2019-06-18,Paneer,Amul,kilograms,Refrigerated,Retail,2019-05-18,2019-06-01,351.37,97,254,254.37,-0.37,11.67,40.81,-17,Sufficient,Expired
BAT-003792,2021-06-27,Paneer,Sudha,kilograms,Refrigerated,Online,2021-06-05,2021-06-19,302.17,159,143,143.17,-0.17,27.08,166.99,-8,Sufficient,Expired
BAT-003793,2020-02-09,Paneer,Sudha,kilograms,Refrigerated,Wholesale,2020-01-23,2020-02-06,672.18,585,87,87.18,-0.18,19.1,61.07,-3,Sufficient,Expired
BAT-003794,2020-05-27,Paneer,Raj,kilograms,Refrigerated,Wholesale,2020-05-23,2020-06-04,663.14,146,517,517.14,-0.14,11.64,25.87,8,Sufficient,Safe
BAT-003795,2022-09-22,Paneer,Mother Dairy,kilograms,Refrigerated,Retail,2022-08-25,2022-09-06,922.11,233,689,689.11,-0.11,86.81,117.15,-16,Sufficient,Expired
BAT-003799,2020-06-11,Paneer,Sudha,kilograms,Refrigerated,Wholesale,2020-05-11,2020-05-21,372.36,47,325,325.36,-0.36,67.7,32.37,-21,Sufficient,Expired
BAT-003801,2020-04-07,Paneer,Raj,kilograms,Refrigerated,Retail,2020-02-12,2020-02-26,431.2,307,124,124.2,-0.2,52.47,87.38,-41,Sufficient,Expired
BAT-003802,2019-12-09,Paneer,Mother Dairy,kilograms,Refrigerated,Retail,2019-10-26,2019-11-03,293.04,137,156,156.04,-0.04,71.34,30.91,-36,Sufficient,Expired
BAT-003803,2019-02-01,Paneer,Raj,kilograms,Refrigerated,Wholesale,2018-12-29,2019-01-06,522.24,192,330,330.24,-0.24,96.48,171.46,-26,Sufficient,Expired
BAT-003804,2020-01-28,Paneer,Sudha,kilograms,Refrigerated,Retail,2019-12-18,2019-12-26,438.18,379,59,59.18,-0.18,52.29,79.52,-33,Sufficient,Expired
BAT-003806,2020-03-02,Paneer,Sudha,kilograms,Refrigerated,Retail,2020-02-05,2020-02-18,580.5,246,334,334.5,-0.5,96.39,99.44,-13,Sufficient,Expired
BAT-003807,2020-11-24,Paneer,Sudha,kilograms,Refrigerated,Retail,2020-11-12,2020-11-22,931.26,443,488,488.26,-0.26,23.16,145.06,-2,Sufficient,Expired
BAT-003808,2021-02-15,Paneer,Mother Dairy,kilograms,Refrigerated,Wholesale,2021-02-10,2021-02-24,206.09,156,50,50.09,-0.09,43.42,161.09,9,Sufficient,Safe
BAT-003811,2022-11-11,Paneer,Sudha,kilograms,Refrigerated,Wholesale,2022-10-19,2022-11-01,697.08,426,271,271.08,-0.08,12.09,106.73,-10,Sufficient,Expired
BAT-003812,2020-07-01,Paneer,Sudha,kilograms,Refrigerated,Online,2020-05-02,2020-05-15,238.0,127,111,111.0,0.0,94.08,83.78,-47,Sufficient,Expired
BAT-003813,2022-07-11,Paneer,Mother Dairy,kilograms,Refrigerated,Retail,2022-05-23,2022-05-31,460.39,228,232,232.39,-0.39,84.82,114.59,-41,Sufficient,Expired
BAT-003814,2020-08-24,Paneer,Mother Dairy,kilograms,Refrigerated,Online,2020-06-25,2020-07-06,517.28,190,327,327.28,-0.28,80.46,79.78,-49,Sufficient,Expired
BAT-003816,2020-10-19,Paneer,Mother Dairy,kilograms,Refrigerated,Online,2020-09-09,2020-09-21,909.45,718,191,191.45,-0.45,48.59,183.72,-28,Sufficient,Expired
BAT-003819,2019-02-27,Paneer,Sudha,kilograms,Refrigerated,Wholesale,2019-01-11,2019-01-25,637.4,588,49,49.4,-0.4,35.14,196.85,-33,Sufficient,Expired
BAT-003820,2020-11-25,Paneer,Raj,kilograms,Refrigerated,Online,2020-10-12,2020-10-20,57.1,36,21,21.1,-0.1,26.71,164.56,-36,Low Stock,Expired
BAT-003821,2019-09-16,Paneer,Sudha,kilograms,Refrigerated,Wholesale,2019-09-05,2019-09-16,324.34,111,213,213.34,-0.34,77.61,37.92,0,Sufficient,Urgent
BAT-003822,2021-11-22,Paneer,Mother Dairy,kilograms,Refrigerated,Online,2021-11-09,2021-11-20,879.28,559,320,320.28,-0.28,17.19,165.64,-2,Sufficient,Expired
BAT-003823,2019-01-18,Paneer,Sudha,kilograms,Refrigerated,Retail,2018-12-04,2018-12-17,374.46,299,75,75.46,-0.46,13.3,121.91,-32,Sufficient,Expired
BAT-003825,2022-03-06,Paneer,Raj,kilograms,Refrigerated,Wholesale,2022-02-10,2022-02-19,926.31,9,917,917.31,-0.31,27.16,101.85,-15,Sufficient,Expired
BAT-003829,2022-02-18,Paneer,Sudha,kilograms,Refrigerated,Wholesale,2022-01-05,2022-01-14,362.18,167,195,195.18,-0.18,33.11,97.73,-35,Sufficient,Expired
BAT-003833,2021-03-12,Paneer,Sudha,kilograms,Refrigerated,Wholesale,2021-02-09,2021-02-19,393.33,370,23,23.33,-0.33,60.16,157.73,-21,Low Stock,Expired
BAT-003835,2020-11-16,Paneer,Raj,kilograms,Refrigerated,Online,2020-09-21,2020-09-30,278.17,270,8,8.17,-0.17,21.2,79.5,-47,Low Stock,Expired
BAT-003836,2020-03-27,Paneer,Raj,kilograms,Refrigerated,Wholesale,2020-03-22,2020-03-30,591.37,398,193,193.37,-0.37,58.1,93.06,3,Sufficient,Urgent
BAT-003837,2020-10-17,Paneer,Raj,kilograms,Refrigerated,Online,2020-08-19,2020-08-28,779.42,620,159,159.42,-0.42,52.71,112.8,-50,Sufficient,Expired
BAT-003839,2021-07-04,Paneer,Mother Dairy,kilograms,Refrigerated,Retail,2021-06-08,2021-06-22,513.31,340,173,173.31,-0.31,29.58,35.22,-12,Sufficient,Expired
BAT-003840,2022-06-16,Paneer,Raj,kilograms,Refrigerated,Wholesale,2022-06-01,2022-06-09,399.04,205,194,194.04,-0.04,28.57,138.91,-7,Sufficient,Expired
BAT-003841,2021-08-24,Paneer,Raj,kilograms,Refrigerated,Wholesale,2021-07-10,2021-07-18,236.45,4,232,232.45,-0.45,28.06,112.51,-37,Sufficient,Expired
BAT-003846,2021-12-14,Paneer,Raj,kilograms,Refrigerated,Retail,2021-11-08,2021-11-20,304.07,137,167,167.07,-0.07,25.79,42.86,-24,Sufficient,Expired
BAT-003847,2022-12-01,Paneer,Mother Dairy,kilograms,Refrigerated,Online,2022-10-11,2022-10-19,140.45,47,93,93.45,-0.45,74.3,129.28,-43,Sufficient,Expired
BAT-003848,2020-12-23,Paneer,Amul,kilograms,Refrigerated,Wholesale,2020-11-21,2020-12-02,545.27,535,10,10.27,-0.27,21.09,154.9,-21,Low Stock,Expired
BAT-003849,2019-06-20,Paneer,Amul,kilograms,Refrigerated,Wholesale,2019-04-26,2019-05-03,23.02,14,9,9.02,-0.02,64.09,97.33,-48,Low Stock,Expired
BAT-003851,2021-06-21,Paneer,Sudha,kilograms,Refrigerated,Retail,2021-06-18,2021-06-27,139.05,4,135,135.05,-0.05,36.98,28.49,6,Sufficient,Expiring Soon
BAT-003853,2019-05-18,Paneer,Mother Dairy,kilograms,Refrigerated,Online,2019-05-05,2019-05-12,540.25,260,280,280.25,-0.25,30.32,56.53,-6,Sufficient,Expired
BAT-003854,2022-12-17,Paneer,Mother Dairy,kilograms,Refrigerated,Wholesale,2022-11-29,2022-12-11,621.44,23,598,598.44,-0.44,15.59,53.37,-6,Sufficient,Expired
BAT-003857,2021-01-12,Paneer,Amul,kilograms,Refrigerated,Retail,2020-11-24,2020-12-03,223.5,170,53,53.5,-0.5,88.57,182.48,-40,Low Stock,Expired
BAT-003858,2019-07-09,Paneer,Mother Dairy,kilograms,Refrigerated,Retail,2019-06-05,2019-06-16,165.5,13,152,152.5,-0.5,69.99,67.71,-23,Sufficient,Expired
BAT-003860,2019-08-19,Paneer,Raj,kilograms,Refrigerated,Retail,2019-06-25,2019-07-04,600.06,35,565,565.06,-0.06,92.16,126.43,-46,Sufficient,Expired
BAT-003863,2021-10-24,Paneer,Raj,kilograms,Refrigerated,Retail,2021-09-06,2021-09-18,848.25,517,331,331.25,-0.25,16.8,153.39,-36,Sufficient,Expired
BAT-003864,2020-07-20,Paneer,Raj,kilograms,Refrigerated,Retail,2020-06-13,2020-06-21,656.42,132,524,524.42,-0.42,69.95,142.64,-29,Sufficient,Expired
BAT-003865,2021-07-07,Paneer,Mother Dairy,kilograms,Refrigerated,Online,2021-05-20,2021-06-03,736.28,235,501,501.28,-0.28,13.28,83.13,-34,Sufficient,Expired
BAT-003867,2020-04-22,Paneer,Amul,kilograms,Refrigerated,Retail,2020-03-24,2020-04-04,908.36,395,513,513.36,-0.36,56.89,152.33,-18,Sufficient,Expired
BAT-003870,2021-01-08,Paneer,Amul,kilograms,Refrigerated,Wholesale,2020-12-17,2020-12-27,925.38,855,70,70.38,-0.38,51.25,33.08,-12,Sufficient,Expired
BAT-003871,2019-09-16,Paneer,Sudha,kilograms,Refrigerated,Wholesale,2019-08-01,2019-08-15,265.18,32,233,233.18,-0.18,99.83,191.9,-32,Sufficient,Expired
BAT-003872,2020-01-12,Paneer,Amul,kilograms,Refrigerated,Retail,2019-11-24,2019-12-07,764.09,390,374,374.09,-0.09,23.87,35.61,-36,Sufficient,Expired
BAT-003873,2019-08-01,Paneer,Mother Dairy,kilograms,Refrigerated,Wholesale,2019-06-03,2019-06-10,100.34,48,52,52.34,-0.34,55.8,57.28,-52,Low Stock,Expired
BAT-003874,2019-09-27,Paneer,Amul,kilograms,Refrigerated,Retail,2019-09-16,2019-09-29,383.4,226,157,157.4,-0.4,97.8,27.81,2,Sufficient,Urgent
BAT-003875,2020-04-26,Paneer,Amul,kilograms,Refrigerated,Online,2020-03-22,2020-04-05,260.08,76,184,184.08,-0.08,60.5,199.47,-21,Sufficient,Expired
BAT-003878,2019-01-05,Paneer,Mother Dairy,kilograms,Refrigerated,Online,2018-12-18,2018-12-29,184.4,18,166,166.4,-0.4,58.9,104.62,-7,Sufficient,Expired
BAT-003880,2022-12-16,Paneer,Sudha,kilograms,Refrigerated,Wholesale,2022-11-25,2022-12-07,905.11,93,812,812.11,-0.11,20.12,147.4,-9,Sufficient,Expired
BAT-003881,2022-12-11,Paneer,Sudha,kilograms,Refrigerated,Online,2022-12-03,2022-12-10,597.32,61,536,536.32,-0.32,76.93,140.83,-1,Sufficient,Expired
BAT-003883,2020-03-13,Paneer,Mother Dairy,kilograms,Refrigerated,Wholesale,2020-03-10,2020-03-20,748.34,592,156,156.34,-0.34,33.99,35.99,7,Sufficient,Expiring Soon
BAT-003890,2020-02-08,Paneer,Amul,kilograms,Refrigerated,Retail,2020-01-07,2020-01-15,973.2,187,786,786.2,-0.2,32.09,156.89,-24,Sufficient,Expired
BAT-003891,2020-08-26,Paneer,Raj,kilograms,Refrigerated,Wholesale,2020-07-09,2020-07-16,932.17,413,519,519.17,-0.17,58.44,183.3,-41,Sufficient,Expired
BAT-003892,2019-12-17,Paneer,Raj,kilograms,Refrigerated,Retail,2019-12-01,2019-12-12,797.5,723,74,74.5,-0.5,34.9,175.51,-5,Sufficient,Expired
BAT-003893,2021-12-20,Paneer,Sudha,kilograms,Refrigerated,Retail,2021-12-14,2021-12-25,885.25,686,199,199.25,-0.25,16.83,134.1,5,Sufficient,Expiring Soon
BAT-003894,2022-02-15,Paneer,Raj,kilograms,Refrigerated,Wholesale,2022-01-16,2022-01-30,241.4,216,25,25.4,-0.4,79.77,129.3,-16,Low Stock,Expired
BAT-003895,2021-07-11,Paneer,Amul,kilograms,Refrigerated,Wholesale,2021-06-14,2021-06-26,340.44,59,281,281.44,-0.44,27.52,113.34,-15,Sufficient,Expired
BAT-003897,2022-11-01,Paneer,Raj,kilograms,Refrigerated,Wholesale,2022-10-27,2022-11-06,865.34,660,205,205.34,-0.34,24.64,28.84,5,Sufficient,Expiring Soon
BAT-003901,2020-02-20,Paneer,Sudha,kilograms,Refrigerated,Wholesale,2019-12-31,2020-01-12,38.12,20,18,18.12,-0.12,26.88,85.04,-39,Low Stock,Expired
BAT-003902,2019-04-24,Paneer,Amul,kilograms,Refrigerated,Online,2019-03-17,2019-03-24,582.41,46,536,536.41,-0.41,27.5,185.48,-31,Sufficient,Expired
BAT-003904,2022-05-02,Paneer,Raj,kilograms,Refrigerated,Retail,2022-04-30,2022-05-08,426.28,308,118,118.28,-0.28,30.63,197.77,6,Sufficient,Expiring Soon
BAT-003908,2019-08-14,Paneer,Amul,kilograms,Refrigerated,Retail,2019-07-27,2019-08-10,49.4,47,2,2.4,-0.4,46.33,68.96,-4,Low Stock,Expired
BAT-003911,2021-05-10,Paneer,Amul,kilograms,Refrigerated,Online,2021-04-01,2021-04-12,903.02,591,312,312.02,-0.02,72.75,82.29,-28,Sufficient,Expired
BAT-003912,2021-01-02,Paneer,Sudha,kilograms,Refrigerated,Online,2020-11-13,2020-11-21,571.04,323,248,248.04,-0.04,14.07,26.34,-42,Sufficient,Expired
BAT-003915,2019-06-06,Paneer,Mother Dairy,kilograms,Refrigerated,Retail,2019-05-06,2019-05-19,570.15,487,83,83.15,-0.15,14.71,89.39,-18,Sufficient,Expired
BAT-003917,2019-12-27,Paneer,Sudha,kilograms,Refrigerated,Online,2019-11-16,2019-11-30,281.15,61,220,220.15,-0.15,70.84,75.62,-27,Sufficient,Expired
BAT-003918,2020-07-09,Paneer,Raj,kilograms,Refrigerated,Retail,2020-05-19,2020-05-29,36.1,1,35,35.1,-0.1,93.0,83.78,-41,Low Stock,Expired
BAT-003921,2019-01-26,Paneer,Mother Dairy,kilograms,Refrigerated,Wholesale,2018-12-21,2019-01-01,492.42,376,116,116.42,-0.42,68.53,133.16,-25,Sufficient,Expired
BAT-003924,2022-12-17,Ghee,Mother Dairy,kilograms,Ambient,Retail,2022-11-26,2023-04-13,663.34,438,225,225.34,-0.34,86.28,91.7,117,Sufficient,Safe
BAT-003925,2019-10-02,Ghee,Amul,kilograms,Ambient,Wholesale,2019-08-23,2020-01-06,581.5,86,495,495.5,-0.5,54.72,156.21,96,Sufficient,Safe
BAT-003926,2020-01-11,Ghee,Amul,kilograms,Ambient,Online,2019-12-20,2020-04-27,486.43,384,102,102.43,-0.43,99.86,189.33,107,Sufficient,Safe
BAT-003927,2021-02-07,Ghee,Mother Dairy,kilograms,Ambient,Wholesale,2021-01-13,2021-05-30,960.28,956,4,4.28,-0.28,38.11,199.68,112,Low Stock,Safe
BAT-003930,2021-10-11,Ghee,Raj,kilograms,Ambient,Online,2021-09-10,2022-02-01,455.19,420,35,35.19,-0.19,40.44,148.64,113,Low Stock,Safe
BAT-003932,2019-03-11,Ghee,Sudha,kilograms,Ambient,Wholesale,2019-02-18,2019-05-14,729.21,458,271,271.21,-0.21,52.59,188.98,64,Sufficient,Safe
BAT-003935,2021-07-21,Ghee,Sudha,kilograms,Ambient,Online,2021-05-25,2021-08-01,93.31,76,17,17.31,-0.31,54.14,57.36,11,Low Stock,Safe
BAT-003938,2022-06-15,Ghee,Raj,kilograms,Ambient,Online,2022-04-20,2022-06-22,338.0,15,323,323.0,0.0,91.88,61.19,7,Sufficient,Expiring Soon
BAT-003944,2021-10-06,Ghee,Sudha,kilograms,Ambient,Wholesale,2021-08-14,2021-12-23,434.35,75,359,359.35,-0.35,23.38,162.88,78,Sufficient,Safe
BAT-003945,2020-06-04,Ghee,Raj,kilograms,Ambient,Retail,2020-05-05,2020-08-28,388.15,387,1,1.15,-0.15,84.74,20.41,85,Low Stock,Safe
BAT-003947,2022-12-15,Ghee,Amul,kilograms,Ambient,Online,2022-11-19,2023-03-14,426.48,324,102,102.48,-0.48,71.3,96.39,89,Sufficient,Safe
BAT-003948,2019-08-04,Ghee,Sudha,kilograms,Ambient,Wholesale,2019-07-23,2019-12-08,888.11,353,535,535.11,-0.11,37.75,147.07,126,Sufficient,Safe
BAT-003950,2021-10-10,Ghee,Sudha,kilograms,Ambient,Wholesale,2021-09-10,2021-12-23,742.3,57,685,685.3,-0.3,85.25,95.18,74,Sufficient,Safe
BAT-003951,2020-06-07,Ghee,Mother Dairy,kilograms,Ambient,Retail,2020-05-04,2020-08-03,401.31,96,305,305.31,-0.31,68.57,108.75,57,Sufficient,Safe
BAT-003954,2019-10-02,Ghee,Mother Dairy,kilograms,Ambient,Retail,2019-09-27,2020-02-10,657.18,412,245,245.18,-0.18,55.88,54.12,131,Sufficient,Safe
BAT-003957,2022-03-05,Ghee,Amul,kilograms,Ambient,Retail,2022-01-07,2022-05-13,838.5,332,506,506.5,-0.5,21.65,119.9,69,Sufficient,Safe
BAT-003962,2022-06-03,Ghee,Mother Dairy,kilograms,Ambient,Retail,2022-04-10,2022-08-17,866.5,735,131,131.5,-0.5,53.07,136.0,75,Sufficient,Safe
BAT-003963,2019-10-12,Ghee,Raj,kilograms,Ambient,Retail,2019-08-20,2019-12-26,426.31,336,90,90.31,-0.31,88.24,89.12,75,Sufficient,Safe
BAT-003964,2020-01-03,Ghee,Raj,kilograms,Ambient,Wholesale,2019-11-19,2020-04-10,524.24,64,460,460.24,-0.24,88.32,106.15,98,Sufficient,Safe
BAT-003966,2019-05-06,Ghee,Mother Dairy,kilograms,Ambient,Retail,2019-03-28,2019-08-20,829.32,492,337,337.32,-0.32,23.88,117.16,106,Sufficient,Safe
BAT-003970,2020-06-04,Ghee,Amul,kilograms,Ambient,Retail,2020-05-03,2020-09-19,531.05,373,158,158.05,-0.05,87.02,176.88,107,Sufficient,Safe
BAT-003972,2020-07-14,Ghee,Sudha,kilograms,Ambient,Retail,2020-07-07,2020-10-13,783.28,535,248,248.28,-0.28,79.8,152.71,91,Sufficient,Safe
BAT-003974,2022-12-27,Ghee,Amul,kilograms,Ambient,Wholesale,2022-11-20,2023-03-18,610.4,201,409,409.4,-0.4,91.91,56.25,81,Sufficient,Safe
BAT-003975,2022-01-10,Ghee,Raj,kilograms,Ambient,Online,2021-11-21,2022-03-16,497.09,240,257,257.09,-0.09,78.29,198.11,65,Sufficient,Safe
BAT-003978,2020-12-05,Ghee,Amul,kilograms,Ambient,Wholesale,2020-10-26,2021-03-15,459.23,346,113,113.23,-0.23,35.71,199.92,100,Sufficient,Safe
BAT-003979,2020-10-02,Ghee,Amul,kilograms,Ambient,Wholesale,2020-08-24,2020-11-19,677.2,73,604,604.2,-0.2,29.41,35.58,48,Sufficient,Safe
BAT-003981,2019-10-17,Ghee,Mother Dairy,kilograms,Ambient,Wholesale,2019-08-19,2019-12-16,353.48,306,47,47.48,-0.48,94.12,25.39,60,Low Stock,Safe
BAT-003982,2022-10-18,Ghee,Raj,kilograms,Ambient,Retail,2022-10-12,2023-03-07,475.03,105,370,370.03,-0.03,43.44,34.01,140,Sufficient,Safe
BAT-003983,2021-03-05,Ghee,Amul,kilograms,Ambient,Wholesale,2021-01-30,2021-06-04,748.24,678,70,70.24,-0.24,99.93,147.63,91,Low Stock,Safe
BAT-003987,2021-04-19,Ghee,Amul,kilograms,Ambient,Wholesale,2021-03-10,2021-06-03,1.24,1,0,0.24,-0.24,88.2,172.34,45,Low Stock,Safe
BAT-003990,2021-05-14,Ghee,Mother Dairy,kilograms,Ambient,Retail,2021-04-02,2021-07-23,427.33,82,345,345.33,-0.33,26.72,36.61,70,Sufficient,Safe
BAT-003992,2019-06-12,Ghee,Sudha,kilograms,Ambient,Online,2019-05-16,2019-07-26,327.49,226,101,101.49,-0.49,96.27,153.59,44,Sufficient,Safe
BAT-003994,2021-09-03,Ghee,Amul,kilograms,Ambient,Wholesale,2021-07-27,2021-10-20,271.36,73,198,198.36,-0.36,28.13,45.83,47,Sufficient,Safe
BAT-003995,2021-11-08,Ghee,Raj,kilograms,Ambient,Online,2021-10-21,2022-01-25,807.26,56,751,751.26,-0.26,31.54,119.25,78,Sufficient,Safe
BAT-003998,2019-04-13,Ghee,Amul,kilograms,Ambient,Wholesale,2019-03-31,2019-06-15,987.34,856,131,131.34,-0.34,79.38,84.51,63,Sufficient,Safe
BAT-003999,2022-05-02,Ghee,Amul,kilograms,Ambient,Retail,2022-04-10,2022-07-10,854.05,623,231,231.05,-0.05,33.84,159.0,69,Sufficient,Safe
BAT-004000,2021-11-11,Ghee,Amul,kilograms,Ambient,Retail,2021-09-25,2021-11-30,86.38,58,28,28.38,-0.38,46.15,134.94,19,Low Stock,Safe
BAT-004003,2022-11-25,Ghee,Sudha,kilograms,Ambient,Retail,2022-11-18,2023-04-08,730.2,11,719,719.2,-0.2,67.78,105.62,134,Sufficient,Safe
BAT-004005,2021-03-02,Ghee,Sudha,kilograms,Ambient,Retail,2021-01-04,2021-03-11,442.2,301,141,141.2,-0.2,66.86,150.0,9,Sufficient,Safe
BAT-004007,2020-07-24,Ghee,Raj,kilograms,Ambient,Retail,2020-07-15,2020-10-04,270.21,217,53,53.21,-0.21,69.98,183.24,72,Low Stock,Safe
BAT-004008,2021-02-26,Ghee,Raj,kilograms,Ambient,Online,2021-02-25,2021-06-14,938.27,419,519,519.27,-0.27,67.97,150.6,108,Sufficient,Safe
BAT-004011,2020-05-25,Ghee,Raj,kilograms,Ambient,Retail,2020-03-30,2020-05-30,886.48,192,694,694.48,-0.48,96.37,188.55,5,Sufficient,Expiring Soon
BAT-004013,2019-04-17,Ghee,Mother Dairy,kilograms,Ambient,Retail,2019-03-09,2019-06-12,243.39,152,91,91.39,-0.39,82.89,135.17,56,Sufficient,Safe
BAT-004015,2022-06-21,Ghee,Sudha,kilograms,Ambient,Retail,2022-05-18,2022-08-15,197.25,132,65,65.25,-0.25,20.77,125.64,55,Sufficient,Safe
BAT-004016,2020-05-22,Ghee,Amul,kilograms,Ambient,Wholesale,2020-05-09,2020-09-13,217.19,193,24,24.19,-0.19,21.65,96.28,114,Sufficient,Safe
BAT-004019,2019-03-05,Ghee,Sudha,kilograms,Ambient,Wholesale,2019-01-10,2019-03-11,443.29,382,61,61.29,-0.29,70.78,82.01,6,Low Stock,Expiring Soon
BAT-004020,2020-04-20,Ghee,Mother Dairy,kilograms,Ambient,Online,2020-03-03,2020-06-03,387.02,17,370,370.02,-0.02,39.53,77.76,44,Sufficient,Safe
BAT-004022,2019-07-22,Ghee,Sudha,kilograms,Ambient,Retail,2019-07-02,2019-11-23,991.29,595,396,396.29,-0.29,91.27,43.72,124,Sufficient,Safe
BAT-004024,2022-05-05,Ghee,Sudha,kilograms,Ambient,Online,2022-04-28,2022-09-13,899.13,865,34,34.13,-0.13,41.37,78.94,131,Low Stock,Safe
BAT-004027,2019-12-18,Ghee,Raj,kilograms,Ambient,Online,2019-10-20,2020-02-16,426.22,302,124,124.22,-0.22,71.98,189.59,60,Sufficient,Safe
BAT-004029,2020-06-27,Ghee,Mother Dairy,kilograms,Ambient,Retail,2020-05-09,2020-09-05,680.27,520,160,160.27,-0.27,67.05,26.91,70,Sufficient,Safe
BAT-004030,2019-02-10,Ghee,Mother Dairy,kilograms,Ambient,Wholesale,2019-01-18,2019-05-28,467.21,348,119,119.21,-0.21,60.53,60.41,107,Sufficient,Safe
BAT-004033,2019-08-20,Ghee,Raj,kilograms,Ambient,Retail,2019-08-10,2019-11-26,993.19,129,864,864.19,-0.19,78.61,139.03,98,Sufficient,Safe
BAT-004034,2020-02-17,Ghee,Sudha,kilograms,Ambient,Online,2020-01-18,2020-05-01,554.15,270,284,284.15,-0.15,53.68,191.7,74,Sufficient,Safe
BAT-004036,2020-06-17,Ghee,Amul,kilograms,Ambient,Online,2020-05-03,2020-09-25,703.07,482,221,221.07,-0.07,53.52,41.09,100,Sufficient,Safe
BAT-004037,2020-09-24,Ghee,Sudha,kilograms,Ambient,Wholesale,2020-08-11,2020-12-06,183.27,91,92,92.27,-0.27,38.66,115.29,73,Sufficient,Safe
BAT-004040,2019-07-07,Ghee,Amul,kilograms,Ambient,Online,2019-06-21,2019-10-12,97.03,58,39,39.03,-0.03,89.54,33.34,97,Low Stock,Safe
BAT-004041,2020-07-19,Ghee,Sudha,kilograms,Ambient,Retail,2020-06-23,2020-10-21,680.47,203,477,477.47,-0.47,31.22,185.18,94,Sufficient,Safe
BAT-004043,2020-04-12,Ghee,Mother Dairy,kilograms,Ambient,Wholesale,2020-03-31,2020-07-02,327.02,237,90,90.02,-0.02,16.35,110.51,81,Sufficient,Safe
BAT-004045,2019-03-06,Ghee,Mother Dairy,kilograms,Ambient,Online,2019-01-31,2019-06-24,484.45,214,270,270.45,-0.45,22.13,71.63,110,Sufficient,Safe
BAT-004046,2021-02-10,Ghee,Raj,kilograms,Ambient,Retail,2020-12-20,2021-03-04,791.27,71,720,720.27,-0.27,75.67,179.47,22,Sufficient,Safe
BAT-004047,2021-10-18,Ghee,Raj,kilograms,Ambient,Wholesale,2021-09-08,2021-11-08,986.41,338,648,648.41,-0.41,59.33,53.85,21,Sufficient,Safe
BAT-004048,2022-06-22,Ghee,Raj,kilograms,Ambient,Online,2022-05-06,2022-08-23,368.41,221,147,147.41,-0.41,94.98,159.66,62,Sufficient,Safe
BAT-004052,2020-06-25,Ghee,Sudha,kilograms,Ambient,Online,2020-06-13,2020-10-26,670.03,48,622,622.03,-0.03,14.67,103.95,123,Sufficient,Safe
BAT-004053,2022-11-20,Ghee,Sudha,kilograms,Ambient,Retail,2022-10-21,2023-01-10,496.34,245,251,251.34,-0.34,19.81,64.32,51,Sufficient,Safe
BAT-004055,2021-12-01,Ghee,Amul,kilograms,Ambient,Retail,2021-10-11,2022-02-06,387.3,335,52,52.3,-0.3,16.0,166.96,67,Sufficient,Safe
BAT-004056,2021-10-24,Ghee,Mother Dairy,kilograms,Ambient,Online,2021-10-19,2022-02-24,456.46,89,367,367.46,-0.46,74.14,165.83,123,Sufficient,Safe
BAT-004057,2021-08-21,Ghee,Mother Dairy,kilograms,Ambient,Wholesale,2021-07-04,2021-09-26,127.41,32,95,95.41,-0.41,41.59,194.87,36,Sufficient,Safe
BAT-004058,2020-09-24,Ghee,Amul,kilograms,Ambient,Retail,2020-07-31,2020-11-16,455.34,298,157,157.34,-0.34,17.17,151.11,53,Sufficient,Safe
BAT-004059,2021-06-06,Ghee,Mother Dairy,kilograms,Ambient,Wholesale,2021-04-14,2021-07-01,624.3,373,251,251.3,-0.3,65.17,36.15,25,Sufficient,Safe
BAT-004061,2020-08-10,Ghee,Amul,kilograms,Ambient,Online,2020-08-07,2020-12-14,369.28,355,14,14.28,-0.28,27.59,174.32,126,Low Stock,Safe
BAT-004063,2019-02-15,Ghee,Mother Dairy,kilograms,Ambient,Retail,2018-12-30,2019-04-17,66.15,43,23,23.15,-0.15,66.34,180.72,61,Low Stock,Safe
BAT-004065,2019-08-01,Ghee,Amul,kilograms,Ambient,Online,2019-07-31,2019-10-26,274.41,229,45,45.41,-0.41,44.32,39.09,86,Sufficient,Safe
BAT-004066,2022-01-10,Ghee,Mother Dairy,kilograms,Ambient,Retail,2021-12-03,2022-02-12,558.17,553,5,5.17,-0.17,67.8,157.44,33,Low Stock,Safe
BAT-004067,2020-04-04,Ghee,Amul,kilograms,Ambient,Wholesale,2020-02-10,2020-05-01,922.22,343,579,579.22,-0.22,21.95,121.19,27,Sufficient,Safe
BAT-004068,2020-06-08,Ghee,Sudha,kilograms,Ambient,Online,2020-05-14,2020-07-26,700.38,42,658,658.38,-0.38,70.43,137.91,48,Sufficient,Safe
BAT-004069,2022-08-25,Ghee,Raj,kilograms,Ambient,Wholesale,2022-08-18,2022-12-11,790.35,744,46,46.35,-0.35,68.48,187.1,108,Low Stock,Safe
BAT-004070,2020-01-13,Ghee,Amul,kilograms,Ambient,Online,2020-01-03,2020-05-12,5.15,3,2,2.15,-0.15,16.28,175.78,120,Low Stock,Safe
BAT-004072,2019-06-01,Ghee,Mother Dairy,kilograms,Ambient,Wholesale,2019-04-16,2019-08-15,598.08,38,560,560.08,-0.08,20.22,149.38,75,Sufficient,Safe
BAT-004073,2021-12-12,Ghee,Sudha,kilograms,Ambient,Online,2021-11-28,2022-04-13,545.07,46,499,499.07,-0.07,31.33,76.2,122,Sufficient,Safe
BAT-004075,2021-08-10,Ghee,Amul,kilograms,Ambient,Retail,2021-07-26,2021-10-27,746.02,32,714,714.02,-0.02,86.9,28.0,78,Sufficient,Safe
BAT-004079,2021-12-28,Ghee,Raj,kilograms,Ambient,Retail,2021-11-17,2022-02-06,838.26,586,252,252.26,-0.26,96.55,44.84,40,Sufficient,Safe
BAT-004080,2021-10-09,Ghee,Amul,kilograms,Ambient,Wholesale,2021-09-14,2021-12-23,481.22,464,17,17.22,-0.22,85.71,187.38,75,Low Stock,Safe
BAT-004081,2019-10-14,Ghee,Raj,kilograms,Ambient,Online,2019-10-10,2020-01-04,819.28,287,532,532.28,-0.28,62.09,37.53,82,Sufficient,Safe
BAT-004082,2021-05-27,Ghee,Amul,kilograms,Ambient,Retail,2021-04-26,2021-08-24,776.01,35,741,741.01,-0.01,18.32,107.67,89,Sufficient,Safe
BAT-004085,2019-12-24,Ghee,Mother Dairy,kilograms,Ambient,Retail,2019-11-04,2020-03-03,485.39,71,414,414.39,-0.39,71.97,123.37,70,Sufficient,Safe
BAT-004087,2021-05-05,Ghee,Sudha,kilograms,Ambient,Retail,2021-04-20,2021-08-28,730.15,257,473,473.15,-0.15,25.14,123.89,115,Sufficient,Safe
BAT-004088,2021-06-16,Ghee,Amul,kilograms,Ambient,Online,2021-04-18,2021-07-04,583.29,88,495,495.29,-0.29,68.38,55.19,18,Sufficient,Safe
BAT-004089,2020-05-27,Ghee,Raj,kilograms,Ambient,Wholesale,2020-05-04,2020-08-21,585.14,382,203,203.14,-0.14,33.74,33.34,86,Sufficient,Safe
BAT-004091,2019-01-05,Ghee,Sudha,kilograms,Ambient,Online,2019-01-04,2019-04-01,822.4,366,456,456.4,-0.4,36.65,46.38,86,Sufficient,Safe
BAT-004093,2022-10-08,Ghee,Raj,kilograms,Ambient,Online,2022-09-11,2022-11-18,27.11,22,5,5.11,-0.11,21.9,102.68,41,Low Stock,Safe
BAT-004094,2020-06-08,Ghee,Amul,kilograms,Ambient,Online,2020-05-29,2020-09-02,423.1,335,88,88.1,-0.1,31.48,93.99,86,Sufficient,Safe
BAT-004096,2020-06-03,Ghee,Raj,kilograms,Ambient,Retail,2020-04-23,2020-07-15,270.14,207,63,63.14,-0.14,91.01,32.92,42,Low Stock,Safe
BAT-004097,2021-10-17,Ghee,Mother Dairy,kilograms,Ambient,Retail,2021-10-14,2022-02-08,282.11,149,133,133.11,-0.11,44.42,69.97,114,Sufficient,Safe
BAT-004101,2020-05-27,Ghee,Raj,kilograms,Ambient,Wholesale,2020-04-12,2020-06-25,134.46,80,54,54.46,-0.46,69.96,92.71,29,Low Stock,Safe
BAT-004102,2019-01-25,Ghee,Raj,kilograms,Ambient,Online,2018-12-29,2019-03-11,271.14,174,97,97.14,-0.14,32.5,170.91,45,Sufficient,Safe
BAT-004105,2021-03-25,Ghee,Mother Dairy,kilograms,Ambient,Wholesale,2021-02-04,2021-04-15,414.48,124,290,290.48,-0.48,99.56,33.52,21,Sufficient,Safe
BAT-004108,2019-09-08,Ghee,Raj,kilograms,Ambient,Retail,2019-09-03,2020-01-31,834.14,832,2,2.14,-0.14,28.35,24.07,145,Low Stock,Safe
BAT-004111,2019-02-01,Ghee,Amul,kilograms,Ambient,Wholesale,2018-12-27,2019-03-21,459.33,41,418,418.33,-0.33,44.83,127.36,48,Sufficient,Safe
BAT-004113,2021-08-08,Ghee,Mother Dairy,kilograms,Ambient,Wholesale,2021-06-30,2021-11-18,330.06,158,172,172.06,-0.06,78.45,94.12,102,Sufficient,Safe
BAT-004114,2019-10-25,Ghee,Sudha,kilograms,Ambient,Online,2019-09-17,2019-11-27,254.17,231,23,23.17,-0.17,52.58,159.67,33,Low Stock,Safe
BAT-004116,2021-11-22,Ghee,Raj,kilograms,Ambient,Wholesale,2021-10-24,2022-02-09,37.43,20,17,17.43,-0.43,61.75,119.11,79,Low Stock,Safe
BAT-004117,2022-09-14,Ghee,Amul,kilograms,Ambient,Retail,2022-09-12,2022-12-31,227.19,204,23,23.19,-0.19,30.56,198.22,108,Low Stock,Safe
BAT-004119,2022-01-14,Ghee,Raj,kilograms,Ambient,Retail,2021-12-06,2022-02-21,729.25,364,365,365.25,-0.25,96.84,125.23,38,Sufficient,Safe
BAT-004121,2022-01-13,Ghee,Mother Dairy,kilograms,Ambient,Online,2022-01-03,2022-04-06,519.36,506,13,13.36,-0.36,56.02,137.4,83,Low Stock,Safe
BAT-004123,2019-01-24,Ghee,Mother Dairy,kilograms,Ambient,Retail,2018-12-25,2019-04-16,521.22,387,134,134.22,-0.22,35.02,92.98,82,Sufficient,Safe
BAT-004125,2020-12-09,Ghee,Sudha,kilograms,Ambient,Online,2020-10-27,2021-01-28,846.12,307,539,539.12,-0.12,64.03,91.07,50,Sufficient,Safe
BAT-004126,2019-08-09,Ghee,Mother Dairy,kilograms,Ambient,Retail,2019-07-29,2019-12-13,158.23,124,34,34.23,-0.23,91.25,54.28,126,Low Stock,Safe
BAT-004129,2022-12-28,Ghee,Amul,kilograms,Ambient,Wholesale,2022-12-21,2023-05-17,870.32,448,422,422.32,-0.32,36.41,168.17,140,Sufficient,Safe
BAT-004132,2019-11-18,Ghee,Sudha,kilograms,Ambient,Retail,2019-10-10,2020-02-25,437.14,49,388,388.14,-0.14,60.56,50.46,99,Sufficient,Safe
BAT-004133,2019-05-10,Ghee,Mother Dairy,kilograms,Ambient,Retail,2019-05-08,2019-10-04,697.01,312,385,385.01,-0.01,95.46,32.82,147,Sufficient,Safe
BAT-004134,2019-05-05,Ghee,Sudha,kilograms,Ambient,Wholesale,2019-03-27,2019-06-05,768.5,652,116,116.5,-0.5,22.65,169.41,31,Sufficient,Safe
BAT-004136,2020-10-19,Ghee,Mother Dairy,kilograms,Ambient,Wholesale,2020-09-23,2021-01-16,393.46,4,389,389.46,-0.46,84.18,128.32,89,Sufficient,Safe
BAT-004138,2021-09-21,Ghee,Amul,kilograms,Ambient,Retail,2021-08-14,2021-10-16,792.04,423,369,369.04,-0.04,21.84,146.23,25,Sufficient,Safe
BAT-004141,2021-06-03,Ghee,Mother Dairy,kilograms,Ambient,Wholesale,2021-04-21,2021-09-11,810.39,282,528,528.39,-0.39,26.97,39.42,100,Sufficient,Safe
BAT-004142,2019-01-01,Ghee,Mother Dairy,kilograms,Ambient,Retail,2018-12-10,2019-02-11,564.08,427,137,137.08,-0.08,27.65,33.44,41,Sufficient,Safe
BAT-004144,2019-06-12,Ghee,Mother Dairy,kilograms,Ambient,Wholesale,2019-05-28,2019-08-15,322.23,86,236,236.23,-0.23,73.63,65.66,64,Sufficient,Safe
BAT-004145,2021-05-28,Ghee,Mother Dairy,kilograms,Ambient,Wholesale,2021-04-13,2021-06-30,817.19,655,162,162.19,-0.19,92.7,180.48,33,Sufficient,Safe
BAT-004146,2022-09-04,Ghee,Sudha,kilograms,Ambient,Wholesale,2022-08-19,2022-11-10,356.3,288,68,68.3,-0.3,21.86,64.64,67,Sufficient,Safe
BAT-004147,2020-04-20,Ghee,Mother Dairy,kilograms,Ambient,Retail,2020-02-20,2020-06-08,656.46,146,510,510.46,-0.46,93.93,99.04,49,Sufficient,Safe
BAT-004148,2022-05-04,Ghee,Sudha,kilograms,Ambient,Retail,2022-03-06,2022-06-02,565.4,556,9,9.4,-0.4,64.3,20.19,29,Low Stock,Safe
BAT-004149,2019-08-26,Ghee,Raj,kilograms,Ambient,Retail,2019-07-02,2019-11-06,88.04,22,66,66.04,-0.04,95.15,37.84,72,Low Stock,Safe
BAT-004151,2020-07-22,Ghee,Sudha,kilograms,Ambient,Retail,2020-07-02,2020-11-03,228.21,103,125,125.21,-0.21,98.04,61.63,104,Sufficient,Safe
BAT-004154,2021-09-16,Ghee,Raj,kilograms,Ambient,Wholesale,2021-07-31,2021-12-20,194.18,58,136,136.18,-0.18,27.54,159.68,95,Sufficient,Safe
BAT-004158,2021-05-18,Ghee,Mother Dairy,kilograms,Ambient,Online,2021-03-25,2021-07-16,268.09,232,36,36.09,-0.09,20.28,196.0,59,Sufficient,Safe
BAT-004159,2019-11-15,Ghee,Mother Dairy,kilograms,Ambient,Retail,2019-11-13,2020-04-04,347.15,174,173,173.15,-0.15,28.07,143.61,141,Sufficient,Safe
BAT-004160,2019-12-02,Ghee,Raj,kilograms,Ambient,Wholesale,2019-11-27,2020-04-21,825.29,414,411,411.29,-0.29,97.51,135.44,141,Sufficient,Safe
BAT-004162,2021-12-01,Ghee,Mother Dairy,kilograms,Ambient,Retail,2021-11-20,2022-01-31,539.18,35,504,504.18,-0.18,89.88,128.0,61,Sufficient,Safe
BAT-004164,2022-07-03,Ghee,Raj,kilograms,Ambient,Wholesale,2022-06-02,2022-10-03,991.49,131,860,860.49,-0.49,71.51,24.24,92,Sufficient,Safe
BAT-004166,2022-11-15,Ghee,Sudha,kilograms,Ambient,Wholesale,2022-11-07,2023-02-28,953.11,40,913,913.11,-0.11,48.3,66.53,105,Sufficient,Safe
BAT-004170,2020-12-21,Ghee,Sudha,kilograms,Ambient,Wholesale,2020-12-03,2021-04-28,954.37,309,645,645.37,-0.37,74.35,63.03,128,Sufficient,Safe
BAT-004172,2021-10-07,Ghee,Amul,kilograms,Ambient,Wholesale,2021-09-17,2022-01-27,275.49,142,133,133.49,-0.49,52.06,182.69,112,Sufficient,Safe
BAT-004173,2020-11-04,Ghee,Mother Dairy,kilograms,Ambient,Retail,2020-09-11,2021-01-14,449.28,8,441,441.28,-0.28,19.15,187.79,71,Sufficient,Safe
BAT-004178,2019-09-27,Ghee,Mother Dairy,kilograms,Ambient,Wholesale,2019-09-20,2020-01-30,932.25,219,713,713.25,-0.25,42.58,57.4,125,Sufficient,Safe
BAT-004182,2020-03-22,Ghee,Mother Dairy,kilograms,Ambient,Wholesale,2020-01-30,2020-06-28,876.5,628,248,248.5,-0.5,39.58,131.01,98,Sufficient,Safe
BAT-004183,2022-02-27,Ghee,Sudha,kilograms,Ambient,Wholesale,2021-12-31,2022-04-15,115.4,108,7,7.4,-0.4,16.82,98.33,47,Low Stock,Safe
BAT-004185,2021-09-15,Ghee,Sudha,kilograms,Ambient,Wholesale,2021-07-25,2021-10-22,176.44,123,53,53.44,-0.44,68.31,174.99,37,Low Stock,Safe
BAT-004187,2020-06-03,Ghee,Mother Dairy,kilograms,Ambient,Online,2020-04-04,2020-08-13,438.33,125,313,313.33,-0.33,63.01,36.22,71,Sufficient,Safe
BAT-004190,2021-04-06,Ghee,Amul,kilograms,Ambient,Online,2021-02-24,2021-07-22,4.38,2,2,2.38,-0.38,34.9,74.74,107,Low Stock,Safe
BAT-004192,2020-11-10,Ghee,Mother Dairy,kilograms,Ambient,Online,2020-09-22,2020-12-19,860.14,502,358,358.14,-0.14,60.44,163.64,39,Sufficient,Safe
BAT-004193,2020-02-27,Ghee,Sudha,kilograms,Ambient,Retail,2020-02-24,2020-07-20,85.21,80,5,5.21,-0.21,57.42,186.71,144,Low Stock,Safe
BAT-004194,2019-10-23,Ghee,Mother Dairy,kilograms,Ambient,Retail,2019-09-26,2020-02-19,34.5,18,16,16.5,-0.5,99.51,134.36,119,Low Stock,Safe
BAT-004195,2020-05-09,Ghee,Mother Dairy,kilograms,Ambient,Retail,2020-05-02,2020-08-19,242.31,160,82,82.31,-0.31,36.67,116.75,102,Sufficient,Safe
BAT-004199,2021-12-14,Ghee,Raj,kilograms,Ambient,Retail,2021-10-30,2022-02-21,637.18,396,241,241.18,-0.18,30.89,148.62,69,Sufficient,Safe
BAT-004203,2020-05-23,Ghee,Sudha,kilograms,Ambient,Online,2020-03-28,2020-06-16,979.11,921,58,58.11,-0.11,65.24,29.82,24,Low Stock,Safe
BAT-004204,2020-06-05,Ghee,Mother Dairy,kilograms,Ambient,Online,2020-05-10,2020-07-25,241.37,177,64,64.37,-0.37,42.94,181.0,50,Sufficient,Safe
BAT-004205,2020-08-23,Ghee,Raj,kilograms,Ambient,Online,2020-07-01,2020-09-05,980.43,930,50,50.43,-0.43,83.01,170.15,13,Low Stock,Safe
BAT-004206,2021-12-25,Ghee,Amul,kilograms,Ambient,Retail,2021-11-19,2022-02-03,680.37,371,309,309.37,-0.37,72.6,133.95,40,Sufficient,Safe
BAT-004207,2021-12-11,Ghee,Sudha,kilograms,Ambient,Retail,2021-11-25,2022-02-11,105.35,48,57,57.35,-0.35,37.25,108.53,62,Sufficient,Safe
BAT-004208,2021-01-04,Ghee,Sudha,kilograms,Ambient,Retail,2020-11-10,2021-03-20,866.31,314,552,552.31,-0.31,23.27,150.78,75,Sufficient,Safe
BAT-004210,2020-07-27,Ghee,Amul,kilograms,Ambient,Wholesale,2020-06-14,2020-08-13,978.2,597,381,381.2,-0.2,59.44,25.42,17,Sufficient,Safe
BAT-004212,2021-10-01,Ghee,Amul,kilograms,Ambient,Retail,2021-09-06,2022-02-01,539.25,467,72,72.25,-0.25,91.36,158.71,123,Low Stock,Safe
BAT-004213,2020-02-08,Ghee,Mother Dairy,kilograms,Ambient,Retail,2020-01-29,2020-04-25,614.42,94,520,520.42,-0.42,25.3,146.39,77,Sufficient,Safe
BAT-004215,2020-02-20,Ghee,Raj,kilograms,Ambient,Retail,2020-01-15,2020-05-26,835.07,309,526,526.07,-0.07,12.28,32.49,96,Sufficient,Safe
BAT-004219,2019-11-15,Ghee,Raj,kilograms,Ambient,Retail,2019-11-06,2020-01-07,246.47,33,213,213.47,-0.47,66.64,180.64,53,Sufficient,Safe
BAT-004221,2020-01-04,Ghee,Mother Dairy,kilograms,Ambient,Wholesale,2019-11-09,2020-03-15,39.5,24,15,15.5,-0.5,43.02,198.16,71,Low Stock,Safe
BAT-004225,2020-03-26,Ghee,Mother Dairy,kilograms,Ambient,Wholesale,2020-03-05,2020-06-10,590.08,580,10,10.08,-0.08,72.09,125.48,76,Low Stock,Safe
BAT-004226,2022-01-25,Ghee,Raj,kilograms,Ambient,Online,2021-12-30,2022-05-11,37.35,29,8,8.35,-0.35,80.6,20.21,106,Low Stock,Safe
BAT-004231,2022-04-22,Ghee,Raj,kilograms,Ambient,Online,2022-03-13,2022-08-07,946.24,901,45,45.24,-0.24,28.53,41.19,107,Sufficient,Safe
BAT-004232,2020-03-27,Ghee,Raj,kilograms,Ambient,Retail,2020-02-04,2020-04-10,219.0,157,62,62.0,0.0,47.66,158.96,14,Sufficient,Safe
BAT-004233,2020-01-24,Ghee,Raj,kilograms,Ambient,Online,2019-12-12,2020-05-04,328.31,107,221,221.31,-0.31,39.81,129.31,101,Sufficient,Safe
BAT-004238,2022-04-21,Ghee,Amul,kilograms,Ambient,Wholesale,2022-04-03,2022-08-18,9.28,2,7,7.28,-0.28,98.07,143.28,119,Low Stock,Safe
BAT-004239,2019-01-16,Ghee,Sudha,kilograms,Ambient,Wholesale,2019-01-13,2019-03-16,813.23,498,315,315.23,-0.23,46.87,111.51,59,Sufficient,Safe
BAT-004240,2022-11-12,Ghee,Sudha,kilograms,Ambient,Online,2022-11-09,2023-03-26,114.09,2,112,112.09,-0.09,40.18,88.36,134,Sufficient,Safe
BAT-004241,2019-05-24,Ghee,Raj,kilograms,Ambient,Wholesale,2019-04-12,2019-06-14,530.11,463,67,67.11,-0.11,60.96,46.64,21,Sufficient,Safe
BAT-004244,2020-02-11,Ghee,Amul,kilograms,Ambient,Online,2020-01-30,2020-04-19,96.0,80,16,16.0,0.0,82.24,71.55,68,Low Stock,Safe
BAT-004245,2019-03-07,Ghee,Mother Dairy,kilograms,Ambient,Wholesale,2019-01-17,2019-05-17,790.11,637,153,153.11,-0.11,25.86,41.52,71,Sufficient,Safe
BAT-004248,2022-01-19,Ghee,Amul,kilograms,Ambient,Retail,2021-11-25,2022-01-31,762.1,519,243,243.1,-0.1,39.41,112.63,12,Sufficient,Safe
BAT-004249,2019-04-09,Ghee,Raj,kilograms,Ambient,Wholesale,2019-02-18,2019-04-26,834.0,356,478,478.0,0.0,90.16,147.48,17,Sufficient,Safe
BAT-004250,2022-08-09,Ghee,Mother Dairy,kilograms,Ambient,Wholesale,2022-08-03,2022-12-03,818.16,672,146,146.16,-0.16,45.59,120.76,116,Sufficient,Safe
BAT-004254,2019-06-21,Ghee,Mother Dairy,kilograms,Ambient,Online,2019-06-13,2019-09-09,486.41,306,180,180.41,-0.41,86.57,105.08,80,Sufficient,Safe
BAT-004255,2019-06-11,Ghee,Mother Dairy,kilograms,Ambient,Retail,2019-05-30,2019-08-20,486.19,224,262,262.19,-0.19,20.54,193.57,70,Sufficient,Safe
BAT-004257,2021-06-23,Ghee,Sudha,kilograms,Ambient,Retail,2021-04-30,2021-09-26,341.02,264,77,77.02,-0.02,52.34,182.15,95,Sufficient,Safe
BAT-004258,2021-07-14,Ghee,Raj,kilograms,Ambient,Retail,2021-07-06,2021-12-01,993.38,416,577,577.38,-0.38,30.43,175.49,140,Sufficient,Safe
BAT-004259,2019-05-24,Ghee,Amul,kilograms,Ambient,Online,2019-04-06,2019-07-08,685.27,572,113,113.27,-0.27,98.99,176.13,45,Sufficient,Safe
BAT-004264,2019-02-05,Ghee,Mother Dairy,kilograms,Ambient,Retail,2018-12-22,2019-03-26,42.5,37,5,5.5,-0.5,47.35,171.75,49,Low Stock,Safe
BAT-004267,2019-09-18,Ghee,Mother Dairy,kilograms,Ambient,Wholesale,2019-09-03,2019-12-15,90.01,11,79,79.01,-0.01,70.47,22.49,88,Sufficient,Safe
BAT-004268,2022-05-08,Ghee,Mother Dairy,kilograms,Ambient,Wholesale,2022-04-16,2022-07-07,260.24,208,52,52.24,-0.24,79.3,68.53,60,Low Stock,Safe
BAT-004271,2020-01-22,Ghee,Mother Dairy,kilograms,Ambient,Retail,2019-12-05,2020-02-08,231.23,160,71,71.23,-0.23,29.25,62.62,17,Sufficient,Safe
BAT-004273,2020-07-21,Ghee,Raj,kilograms,Ambient,Wholesale,2020-07-10,2020-12-05,129.37,81,48,48.37,-0.37,91.67,32.63,137,Low Stock,Safe
BAT-004275,2019-04-27,Ghee,Raj,kilograms,Ambient,Online,2019-04-11,2019-08-24,377.14,172,205,205.14,-0.14,73.98,121.86,119,Sufficient,Safe
BAT-004277,2021-08-05,Ghee,Sudha,kilograms,Ambient,Retail,2021-06-24,2021-08-24,14.49,11,3,3.49,-0.49,76.4,54.61,19,Low Stock,Safe
BAT-004278,2021-11-08,Ghee,Amul,kilograms,Ambient,Wholesale,2021-09-24,2022-02-17,48.44,25,23,23.44,-0.44,83.64,148.52,101,Low Stock,Safe
BAT-004281,2020-07-03,Ghee,Amul,kilograms,Ambient,Wholesale,2020-05-20,2020-08-27,93.38,13,80,80.38,-0.38,25.8,35.2,55,Sufficient,Safe
BAT-004282,2020-03-17,Ghee,Mother Dairy,kilograms,Ambient,Wholesale,2020-03-15,2020-07-03,750.49,320,430,430.49,-0.49,28.52,80.58,108,Sufficient,Safe
BAT-004283,2022-08-10,Ghee,Mother Dairy,kilograms,Ambient,Retail,2022-07-24,2022-10-08,838.49,717,121,121.49,-0.49,33.55,87.49,59,Sufficient,Safe
BAT-004284,2020-01-09,Ghee,Raj,kilograms,Ambient,Retail,2019-12-12,2020-03-03,106.0,91,15,15.0,0.0,87.64,50.42,54,Low Stock,Safe
BAT-004285,2020-03-13,Ghee,Raj,kilograms,Ambient,Online,2020-03-02,2020-06-07,345.34,157,188,188.34,-0.34,38.46,132.81,86,Sufficient,Safe
BAT-004286,2022-09-28,Ghee,Raj,kilograms,Ambient,Online,2022-09-21,2022-12-19,128.26,72,56,56.26,-0.26,33.84,158.66,82,Sufficient,Safe
BAT-004287,2019-06-04,Ghee,Mother Dairy,kilograms,Ambient,Retail,2019-04-21,2019-08-07,69.32,35,34,34.32,-0.32,44.62,62.63,64,Low Stock,Safe
BAT-004288,2020-07-13,Ghee,Sudha,kilograms,Ambient,Retail,2020-07-07,2020-10-30,93.19,75,18,18.19,-0.19,35.67,55.89,109,Low Stock,Safe
BAT-004290,2021-05-27,Ghee,Amul,kilograms,Ambient,Retail,2021-04-12,2021-07-11,648.1,479,169,169.1,-0.1,79.38,188.93,45,Sufficient,Safe
BAT-004294,2022-12-23,Ghee,Mother Dairy,kilograms,Ambient,Wholesale,2022-12-11,2023-02-27,590.09,351,239,239.09,-0.09,41.91,23.16,66,Sufficient,Safe
BAT-004299,2022-02-16,Ghee,Mother Dairy,kilograms,Ambient,Retail,2021-12-23,2022-04-06,883.05,534,349,349.05,-0.05,99.16,20.41,49,Sufficient,Safe
BAT-004300,2021-05-04,Ghee,Sudha,kilograms,Ambient,Wholesale,2021-03-05,2021-06-06,544.35,33,511,511.35,-0.35,61.96,188.75,33,Sufficient,Safe
BAT-004301,2021-11-28,Ghee,Amul,kilograms,Ambient,Wholesale,2021-11-23,2022-02-06,516.11,438,78,78.11,-0.11,15.11,151.37,70,Sufficient,Safe
BAT-004303,2019-05-07,Ghee,Mother Dairy,kilograms,Ambient,Wholesale,2019-04-22,2019-08-13,665.03,60,605,605.03,-0.03,32.73,35.64,98,Sufficient,Safe
BAT-004309,2020-07-28,Ghee,Mother Dairy,kilograms,Ambient,Online,2020-06-11,2020-09-27,224.07,66,158,158.07,-0.07,16.53,124.77,61,Sufficient,Safe
BAT-004312,2019-11-21,Ghee,Sudha,kilograms,Ambient,Retail,2019-10-10,2020-02-24,180.3,128,52,52.3,-0.3,40.19,181.37,95,Sufficient,Safe
BAT-004314,2021-07-18,Ghee,Amul,kilograms,Ambient,Wholesale,2021-06-17,2021-08-28,147.2,35,112,112.2,-0.2,88.44,115.26,41,Sufficient,Safe
BAT-004316,2019-09-18,Ghee,Mother Dairy,kilograms,Ambient,Online,2019-07-27,2019-11-14,241.3,46,195,195.3,-0.3,15.84,174.49,57,Sufficient,Safe
BAT-004317,2019-02-20,Ghee,Raj,kilograms,Ambient,Wholesale,2018-12-25,2019-02-24,635.13,61,574,574.13,-0.13,70.37,162.46,4,Sufficient,Expiring Soon
BAT-004318,2019-11-25,Ghee,Amul,kilograms,Ambient,Online,2019-10-06,2020-01-18,455.41,301,154,154.41,-0.41,75.96,43.93,54,Sufficient,Safe
BAT-004319,2022-01-10,Ghee,Raj,kilograms,Ambient,Retail,2021-11-13,2022-03-04,723.08,616,107,107.08,-0.08,92.73,63.47,53,Sufficient,Safe
BAT-004320,2021-12-11,Ghee,Raj,kilograms,Ambient,Wholesale,2021-12-05,2022-04-21,378.39,51,327,327.39,-0.39,68.93,194.93,131,Sufficient,Safe
BAT-004321,2022-01-23,Ghee,Raj,kilograms,Ambient,Online,2022-01-22,2022-05-28,969.04,28,941,941.04,-0.04,70.99,23.84,125,Sufficient,Safe
BAT-004322,2021-01-15,Ghee,Amul,kilograms,Ambient,Retail,2020-12-05,2021-03-30,837.45,557,280,280.45,-0.45,91.67,39.21,74,Sufficient,Safe
BAT-004323,2020-03-04,Ghee,Amul,kilograms,Ambient,Online,2020-02-13,2020-04-27,376.32,143,233,233.32,-0.32,82.97,79.55,54,Sufficient,Safe
BAT-004325,2021-09-19,Ghee,Mother Dairy,kilograms,Ambient,Wholesale,2021-08-02,2021-10-06,248.46,204,44,44.46,-0.46,98.25,24.83,17,Low Stock,Safe
